Code,DatasetID,Provider,Country,lat,lon,GeoBlock,Clay,Silt,Sand,OC,Db,dg,Sg,Instrument,Landuse_Code,Texture Class,Ksat,logKsat,Porosity,Porosity_sq,PoreRatio,BD_Adams,RelCompaction,OrganicPore,log_dg,Sg_,KC_logK,Sand_Clay
1,1.0,M. Rahmati,Iran,37.836069,46.426016,7_9,18.526,23.952,57.522,1.073,1.213,0.1176909309419001,15.331872025872837,4,1,SANDY LOAM,14.94,1.17435059747938,0.5422641509433962,0.29405040939836236,0.7610318428004352,1.3247770992694503,0.9156257310523485,0.5818494339622641,-0.9292570018433741,15.331872025872837,2.3147201065586778,3.1049336068228435
2,1.0,M. Rahmati,Iran,37.836069,46.426016,7_9,21.237,21.812,56.951,1.17,1.416,0.10550458541308105,16.863197059091217,4,1,SANDY CLAY LOAM,1.495,0.17464119266044847,0.46566037735849053,0.2168395870416518,0.353649540753428,1.3137771392918007,1.0778083722504892,0.5448226415094339,-0.9767286647613365,16.863197059091217,1.88694705043739,2.681687620662052
3,1.0,M. Rahmati,Iran,37.836069,46.426016,7_9,20.557,22.761,56.682,0.92,1.432,0.10680721355769088,16.43981172344525,4,6,SANDY CLAY LOAM,1.357,0.13257984765973704,0.459622641509434,0.21125297258810968,0.3325140150620698,1.342506973351657,1.066661126105675,0.4228528301886793,-0.9713994148869972,16.43981172344525,1.8708424067487968,2.757308945857859
4,1.0,M. Rahmati,Iran,37.836069,46.426016,7_9,22.376,32.429,45.195,0.585,1.348,0.06600219182278767,15.775541865696294,4,1,LOAM,6.277,0.7977521286507108,0.4913207547169811,0.24139608401566393,0.458360615946718,1.3830344162802937,0.9746684421819961,0.2874226415094339,-1.1804416420227317,15.775541865696294,1.5921552918283486,2.0197979978548446
5,1.0,M. Rahmati,Iran,37.836069,46.426016,7_9,24.868,28.993,46.139,0.599,1.434,0.0630029822114713,17.17601241281073,4,6,LOAM,4.952,0.6947806360120615,0.45886792452830194,0.2105597721609114,0.32995639364551715,1.3812918018119738,1.0381586266702545,0.2748618867924528,-1.2006388929697107,17.17601241281073,1.4090100437830593,1.855356281164549
6,1.0,M. Rahmati,Iran,37.836069,46.426016,7_9,23.601,31.28,45.119,0.488,1.385,0.06324295647273183,16.346822144142365,4,1,LOAM,6.176,0.7907072873276797,0.47735849056603774,0.22787112851548594,0.3982228312977037,1.3952300791465695,0.9926678192367907,0.2329509433962264,-1.1989878359286141,16.346822144142365,1.4939817654532423,1.9117410279225457
7,1.0,M. Rahmati,Iran,37.836069,46.426016,7_9,21.109,25.712,53.178,0.776,1.486,0.0922339237267415,16.37730778666977,4,6,SANDY CLAY LOAM,1.257,0.0993352776859577,0.4392452830188679,0.19293641865432534,0.26951035006907537,1.3596329593399024,1.0929420251193738,0.3408543396226415,-1.0351093156317064,16.37730778666977,1.6521880984049782,2.5192098157184137
8,1.0,M. Rahmati,Iran,37.836069,46.426016,7_9,20.377,26.052,53.571,0.736,1.426,0.09583049656589689,16.01926623927903,4,6,SANDY CLAY LOAM,1.365,0.13513265137677483,0.46188679245283015,0.2133394090423638,0.3402979465554602,1.3644679972922973,1.0450959662152641,0.339948679245283,-1.0184962614576158,16.01926623927903,1.7866980870575968,2.6289934730333218
9,1.0,M. Rahmati,Iran,37.836069,46.426016,7_9,18.717,28.671,52.613,0.783,1.209,0.09765380185545415,15.014337203326756,4,6,SANDY LOAM,7.696,0.8862650590297565,0.5437735849056604,0.2956897116411535,0.7724910684058225,1.3587903485124204,0.8897619866991194,0.4257747169811321,-1.0103108441047133,15.014337203326756,2.159103060086893,2.8109739808730034
10,1.0,M. Rahmati,Iran,37.836069,46.426016,7_9,19.148,19.79,61.063,0.472,1.371,0.13135044228522738,15.900887868373985,4,6,SANDY LOAM,5.882,0.7695250201710505,0.4826415094339622,0.23294282662869345,0.4200401935443854,1.397262429853803,0.9812043684187867,0.22780679245283017,-0.8815684605123968,15.900887868373985,2.1519852104080375,3.1890014622937124
11,1.0,M. Rahmati,Iran,37.836069,46.426016,7_9,16.664,22.036,61.3,0.411,1.38,0.14367369346263872,14.423287023918833,4,6,SANDY LOAM,5.755,0.7600453279658106,0.47924528301886793,0.22967604129583483,0.4058888452957006,1.4050653867903145,0.9821606972700586,0.1969698113207547,-0.8426227435559936,14.423287023918833,2.214992910529305,3.678588574171867
12,1.0,M. Rahmati,Iran,37.836069,46.426016,7_9,19.559,19.684,60.757,0.524,1.385,0.1281589240637409,16.13630548208417,4,6,SANDY LOAM,5.666,0.7532765701844184,0.47735849056603774,0.22787112851548594,0.3982228312977037,1.390678836033601,0.9959165007142858,0.2501358490566038,-0.8922511472893448,16.13630548208417,2.1074551427317805,3.10634490515875
13,1.0,M. Rahmati,Iran,37.836069,46.426016,7_9,10.836,31.427,57.737,0.583,1.298,0.15240012114413165,11.156770413484034,4,6,SANDY LOAM,7.207,0.8577545220594422,0.510188679245283,0.26029248843004626,0.553521909698202,1.3832837202001511,0.9383469067446184,0.29744,-0.8170146877719631,11.156770413484034,2.4009367219201194,5.3282576596530085
14,1.0,M. Rahmati,Iran,37.836069,46.426016,7_9,13.294,28.581,58.125,0.585,1.349,0.14269106498020057,12.45169240281251,4,1,SANDY LOAM,7.197,0.8571515026874931,0.49094339622641514,0.24102541829832685,0.4566275561977528,1.3830344162802937,0.975391489987769,0.28720188679245284,-0.8456032206574925,12.45169240281251,2.2601869566018604,4.372273205957574
15,1.0,M. Rahmati,Iran,37.836069,46.426016,7_9,11.238,29.62,59.142,0.601,1.373,0.1583862272777243,11.376841749364914,4,6,SANDY LOAM,7.115,0.8521749044203031,0.48188679245283017,0.23221488074047703,0.41685569908998865,1.3810432153022745,0.9941759857959883,0.2896139622641509,-0.8002825858610413,11.376841749364914,2.311251853170548,5.2626801922050195
16,1.0,M. Rahmati,Iran,37.836069,46.426016,7_9,23.21,34.805,41.985,0.39,1.351,0.057086561992945095,15.503899320106752,4,1,LOAM,2.762,0.4412236742426125,0.490188679245283,0.24028494126023492,0.4531801525131585,1.407771855225872,0.9596725456506848,0.19117358490566036,-1.2434661113540209,15.503899320106752,1.4611699400428755,1.8089185695820766
17,1.0,M. Rahmati,Iran,37.836069,46.426016,7_9,25.535,32.523,41.941,0.488,1.365,0.05283837810974806,16.53359104199944,4,1,LOAM,2.359,0.37272794088559547,0.4849056603773585,0.23513349946600215,0.42973250630310555,1.3952300791465695,0.978333265890411,0.23663396226415093,-1.2770505216554875,16.53359104199944,1.3709284445133103,1.6424906990405328
18,1.0,M. Rahmati,Iran,37.836069,46.426016,7_9,24.799,33.41,41.791,0.39,1.36,0.05382130280536161,16.167898053232687,4,1,LOAM,2.61,0.41664050733828095,0.48679245283018857,0.23696689213243136,0.43797108604818125,1.407771855225872,0.9660656270058708,0.18984905660377355,-1.2690457938570736,16.167898053232687,1.395185134019059,1.6851889189080205
19,1.0,M. Rahmati,Iran,37.836069,46.426016,7_9,35.22,21.926,42.854,0.577,1.426,0.039853150711170016,21.252059923042545,4,6,CLAY LOAM,1.826,0.26150077319828013,0.46188679245283015,0.2133394090423638,0.3402979465554602,1.3840321715217692,1.0303228706252445,0.266508679245283,-1.3995373384489278,21.252059923042545,1.0246159330749725,1.2167518455423054
20,1.0,M. Rahmati,Iran,37.836069,46.426016,7_9,28.598,27.998,43.403,0.809,1.415,0.0504590090477077,18.31862410207187,4,6,CLAY LOAM,1.986,0.29797924415936233,0.4660377358490566,0.21719117123531506,0.35501125281143603,1.355669773888097,1.0437645120181018,0.3770245283018868,-1.2970612827391392,18.31862410207187,1.2479508351640523,1.517693545003147
21,1.0,M. Rahmati,Iran,37.836069,46.426016,7_9,15.881,30.514,53.605,0.691,1.256,0.11108706574034038,13.60399429246856,4,6,SANDY LOAM,5.288,0.7232914464775838,0.5260377358490567,0.27671569953720193,0.6479823380641571,1.3699486846109628,0.9168226621252447,0.36349207547169815,-0.9543365045569246,13.60399429246856,2.194721440945663,3.3754171651659215
22,1.0,M. Rahmati,Iran,37.836069,46.426016,7_9,27.447,20.002,52.55,0.729,1.341,0.07331424395616902,19.864492332548565,4,6,SANDY CLAY LOAM,1.06,0.02530586526477026,0.49396226415094335,0.24399871840512632,0.47066890788459775,1.36531766666134,0.9821890046139922,0.3600984905660377,-1.1348116396755004,19.864492332548565,1.6949235121739639,1.9145990454330164
23,1.0,M. Rahmati,Iran,37.836069,46.426016,7_9,26.202,19.963,53.835,0.574,1.34,0.08003764882733784,19.3753411645899,4,6,SANDY CLAY LOAM,1.103,0.04257551244019059,0.49433962264150944,0.24437166251334994,0.4724527881572145,1.384406700987373,0.9679236593150685,0.2837509433962264,-1.0967056776109247,19.3753411645899,1.772778342591723,2.0546141515914815
24,1.0,M. Rahmati,Iran,37.836069,46.426016,7_9,27.656,18.43,53.914,0.742,1.342,0.0765563559130348,20.24779516875738,4,6,SANDY CLAY LOAM,1.032,0.013679697291192559,0.49358490566037727,0.24362605909576354,0.46889146370373597,1.363740550527302,0.9840581476301371,0.36623999999999995,-1.1160187471816576,20.24779516875738,1.7308661135113779,1.9494503905120049
25,1.0,M. Rahmati,Iran,37.836069,46.426016,7_9,6.678,24.897,68.425,0.643,1.284,0.25844832350170793,8.684946285055744,4,6,SANDY LOAM,9.645,0.9843022319799033,0.5154716981132075,0.2657110715557137,0.5834131000794147,1.3758434894080112,0.9332456851996087,0.3314483018867924,-0.5876262806613847,8.684946285055744,2.8825548968239976,10.246331236897275
26,1.0,M. Rahmati,Iran,37.836069,46.426016,7_9,9.027,21.587,69.386,0.293,1.31,0.2480111224403707,9.864404104722272,4,1,SANDY LOAM,8.457,0.9272163305912648,0.5056603773584905,0.255692417230331,0.5290855856796834,1.420409684832168,0.9222691269911937,0.1481584905660377,-0.6055288421328039,9.864404104722272,2.804299527093181,7.686496067353495
27,1.0,M. Rahmati,Iran,37.836069,46.426016,7_9,7.211,23.275,69.514,0.368,1.272,0.2643684559462541,8.885187032428782,4,6,SANDY LOAM,10.468,1.0198637139678433,0.52,0.27040000000000003,0.6102777777777778,1.4106184088164722,0.9017321708336595,0.19136,-0.577790365471355,8.885187032428782,2.921778106723216,9.63999445291915
28,1.0,M. Rahmati,Iran,37.836069,46.426016,7_9,16.485,25.376,58.139,0.488,1.369,0.12866735842851254,14.206038104655539,4,1,SANDY LOAM,7.349,0.8662282473796472,0.4833962264150943,0.2336719117123531,0.42324771195982586,1.3952300791465695,0.9812001765596869,0.235897358490566,-0.8905316151188025,14.206038104655539,2.137362670304369,3.526781922960267
29,1.0,M. Rahmati,Iran,37.836069,46.426016,7_9,13.81,27.488,58.702,0.488,1.402,0.14331874527407543,12.744340864567437,4,1,SANDY LOAM,5.028,0.7013952690139201,0.4709433962264151,0.22178768244927022,0.37316581742620925,1.3952300791465695,1.0048521895812133,0.22982037735849056,-0.843697002647503,12.744340864567437,2.1763391310588247,4.250687907313541
30,1.0,M. Rahmati,Iran,37.836069,46.426016,7_9,16.448,24.756,58.796,0.488,1.348,0.13197023982307413,14.214249899443935,4,1,SANDY LOAM,7.904,0.8978469315795716,0.4913207547169811,0.24139608401566393,0.458360615946718,1.3952300791465695,0.9661488955459884,0.23976452830188677,-0.8795239940805974,14.214249899443935,2.193990587712617,3.57465953307393
31,1.0,M. Rahmati,Iran,37.836069,46.426016,7_9,18.533,25.352,56.115,0.64,1.367,0.11173564497860335,15.233517021313345,4,6,SANDY LOAM,7.95,0.9003671286564703,0.48415094339622644,0.23440213599145607,0.42647842539028763,1.3762135995542681,0.9933051093542076,0.3098566037735849,-0.9518082597578449,15.233517021313345,2.018111828049346,3.02784222737819
32,1.0,M. Rahmati,Iran,37.836069,46.426016,7_9,16.467,26.504,57.029,0.592,1.413,0.12359766021216245,14.139700858463032,4,6,SANDY LOAM,5.908,0.7714404866399119,0.46679245283018866,0.21789519401922391,0.3577493894549684,1.3821625597793423,1.0223110082113502,0.2763411320754717,-0.9079897506595402,14.139700858463032,2.029430681447059,3.463229489281594
33,1.0,M. Rahmati,Iran,37.836069,46.426016,7_9,17.375,25.909,56.716,0.762,1.389,0.1186226419114829,14.626668434443086,4,6,SANDY LOAM,7.829,0.8937062930647135,0.4758490566037735,0.22643232467070126,0.39218853562255773,1.3613213199985843,1.0203322166448143,0.36259698113207545,-0.9258324077786428,14.626668434443086,2.033661360262623,3.264230215827338
34,1.0,M. Rahmati,Iran,37.836069,46.426016,7_9,16.237,29.374,54.389,0.975,1.4,0.11301520428160629,13.848616693505845,4,1,SANDY LOAM,5.396,0.7320719409998666,0.4716981132075472,0.22249911000355999,0.3760348479014247,1.3360791153626692,1.047842140410959,0.45990566037735847,-0.9468631256191204,13.848616693505845,1.9733331240053473,3.3496951407279676
35,1.0,M. Rahmati,Iran,37.836069,46.426016,7_9,18.154,26.889,54.957,0.761,1.322,0.10841158607233221,14.929454782351394,4,6,SANDY LOAM,8.307,0.9194442104652369,0.5011320754716981,0.25113335706657175,0.505691252073418,1.3614420776542862,0.9710291915450099,0.3813615094339623,-0.96492430176077,14.929454782351394,2.065868118851108,3.0272667180786605
36,1.0,M. Rahmati,Iran,37.836069,46.426016,7_9,15.863,28.698,55.439,0.878,1.379,0.1189006572089096,13.718025134931109,4,1,SANDY LOAM,6.073,0.7834032811225635,0.4796226415094339,0.23003787824848695,0.40743866987651245,1.3474573212044014,1.0234090373767124,0.42110867924528295,-0.9248157448647897,13.718025134931109,2.0522620371566402,3.4948622580848516
37,1.0,M. Rahmati,Iran,37.836069,46.426016,7_9,9.192,27.567,63.241,0.939,1.313,0.1968237865136912,10.250372370614242,4,6,SANDY LOAM,7.414,0.8700525816935449,0.5045283018867924,0.25454880740477037,0.5231411655751765,1.3402794597161178,0.9796464390181016,0.47375207547169806,-0.7059224174524733,10.250372370614242,2.5986053422779425,6.880004351610095
38,1.0,M. Rahmati,Iran,37.836069,46.426016,7_9,11.643,24.997,63.36,0.759,1.383,0.18251372500645424,11.564773646469824,4,6,SANDY LOAM,5.269,0.7217281985727882,0.4781132075471698,0.22859223923104305,0.40127269662249776,1.3616836572488187,1.015654401547456,0.3628879245283019,-0.7387044710955073,11.564773646469824,2.417861949816583,5.441896418448853
39,1.0,M. Rahmati,Iran,37.836069,46.426016,7_9,9.143,27.764,63.093,0.916,1.309,0.19606912410213082,10.229144461090021,4,6,SANDY LOAM,7.489,0.8744238305865019,0.5060377358490566,0.2560741901032396,0.5310814918054988,1.3429768673864035,0.974700333109589,0.4635305660377359,-0.7075907912777509,10.229144461090021,2.6018108654736785,6.900689051733567
40,1.0,M. Rahmati,Iran,37.836069,46.426016,7_9,17.972,11.82,70.207,1.039,1.368,0.19099357325161825,15.212254820180389,4,6,SANDY LOAM,8.131,0.9101439610645129,0.48377358490566036,0.23403688145247417,0.4248601585522524,1.3286764817406786,1.029596006853229,0.5026407547169811,-0.7189812460942472,15.212254820180389,2.4821147961676013,3.906465613176051
41,1.0,M. Rahmati,Iran,37.836069,46.426016,7_9,16.023,13.439,70.539,1.268,1.362,0.20599789173235403,13.935215055629586,4,1,SANDY LOAM,8.969,0.9527440240148983,0.4860377358490565,0.23623268066927725,0.43465782248851065,1.3028477398586225,1.045402281733855,0.6162958490566036,-0.6861372243574989,13.935215055629586,2.557704332778744,4.402359108781127
42,1.0,M. Rahmati,Iran,37.836069,46.426016,7_9,15.104,14.262,70.634,0.73,1.343,0.21300911793205068,13.3498599405253,4,6,SANDY LOAM,9.677,0.9857407410500746,0.4932075471698113,0.24325368458526164,0.46712043155030875,1.365196220541091,0.9837413697700587,0.36004150943396224,-0.6716018060315769,13.3498599405253,2.618056532916943,4.676509533898305
43,1.0,M. Rahmati,Iran,37.836069,46.426016,7_9,16.903,24.866,58.231,0.683,1.377,0.12735672622652297,14.44668119686612,4,1,SANDY LOAM,5.404,0.732715340349993,0.48037735849056606,0.23076240655037383,0.41055510483588337,1.3709276417502512,1.0044293791042074,0.32809773584905666,-0.894978113237293,14.44668119686612,2.1152465115484276,3.445009761580785
44,1.0,M. Rahmati,Iran,37.836069,46.426016,7_9,16.101,25.25,58.649,0.602,1.375,0.13275173633578707,14.011923664237376,4,6,SANDY LOAM,5.795,0.7630534402996147,0.4811320754716981,0.2314880740477038,0.4136940589427725,1.3809189555973738,0.9957137559931507,0.2896415094339623,-0.8769597898237476,14.011923664237376,2.154590985905759,3.642568784547544
45,1.0,M. Rahmati,Iran,37.836069,46.426016,7_9,18.154,23.967,57.879,0.871,1.393,0.12069896009279392,15.141274477860806,4,6,SANDY LOAM,4.578,0.6606757883385241,0.4743396226415094,0.22499807760768956,0.38624042498158634,1.348285930725561,1.0331636400376711,0.4131498113207547,-0.9182964716417297,15.141274477860806,2.0420960645023816,3.1882229811611764
46,1.0,M. Rahmati,Iran,37.836069,46.426016,7_9,9.939,32.213,57.848,1.365,1.26,0.1575610644800618,10.701765978607598,4,1,SANDY LOAM,18.39,1.2645817292380774,0.5245283018867924,0.27512993948024206,0.6383479038016323,1.2922074733801387,0.9750756174657534,0.7159811320754716,-0.8025510937663276,10.701765978607598,2.491786530570399,5.820303853506389
47,1.0,M. Rahmati,Iran,37.836069,46.426016,7_9,9.29,32.83,57.879,1.365,1.352,0.16111746353652404,10.376212214878013,4,1,SANDY LOAM,13.45,1.1287222843384268,0.4898113207547169,0.23991512993948017,0.451465762125817,1.2922074733801387,1.046271614931507,0.6685924528301885,-0.7928573838110761,10.376212214878013,2.360741334135559,6.230247578040904
48,1.0,M. Rahmati,Iran,37.836069,46.426016,7_9,11.05,31.059,57.891,0.685,1.294,0.15220002545191308,11.268460360212387,4,6,SANDY LOAM,16.325,1.2128531899471116,0.5116981132075471,0.2618349590601637,0.5619072582569843,1.3706827713219354,0.9440550556800391,0.3505132075471698,-0.8175852749397924,11.268460360212387,2.4063253736240804,5.2390045248868775
49,1.0,M. Rahmati,Iran,37.836069,46.426016,7_9,19.171,25.448,55.381,0.975,1.41,0.10652496531988667,15.530690381077804,4,1,SANDY LOAM,5.758,0.7602716605420632,0.4679245283018868,0.21895336418654326,0.3618936445435246,1.3360791153626692,1.05532672712818,0.45622641509433964,-0.9725485985157682,15.530690381077804,1.9053150407203039,2.8887903604402485
50,1.0,M. Rahmati,Iran,37.836069,46.426016,7_9,16.787,27.989,55.225,0.632,1.396,0.11446669537487539,14.202985738405308,4,6,SANDY LOAM,6.191,0.7917608040129049,0.4732075471698114,0.2239253826984693,0.38183514464438073,1.3772015341367483,1.0136497566966731,0.2990671698113208,-0.941320854973841,14.202985738405308,1.9910654705380213,3.2897480193006494
51,1.0,M. Rahmati,Iran,37.836069,46.426016,7_9,18.475,26.311,55.214,0.824,1.379,0.10830156006891678,15.128187234806438,4,6,SANDY LOAM,7.088,0.8505237088789943,0.4796226415094339,0.23003787824848695,0.40743866987651245,1.3538759537095664,1.0185571257260273,0.39520905660377353,-0.9653652873779847,15.128187234806438,1.9711629521302503,2.9885791610284165
52,1.0,M. Rahmati,Iran,37.836069,46.426016,7_9,17.741,28.616,53.643,0.293,1.264,0.1047011318047389,14.592224436351167,4,1,SANDY LOAM,7.724,0.8878422651073571,0.5230188679245282,0.2735487362050551,0.6288537701837812,1.420409684832168,0.8898841042113502,0.15324452830188676,-0.980048623632562,14.592224436351167,2.130283703245402,3.023673975536892
53,1.0,M. Rahmati,Iran,37.836069,46.426016,7_9,18.967,29.075,51.959,0.581,1.384,0.09456175289400437,15.07639519359762,4,6,LOAM,1.601,0.2043913319192997,0.4777358490566038,0.22823154147383415,0.39974502076297563,1.3835331140145901,1.0003374592054795,0.2775645283018868,-1.0242844858585733,15.07639519359762,1.8450453726612792,2.739442189065219
54,1.0,M. Rahmati,Iran,37.836069,46.426016,7_9,20.652,26.282,53.066,0.293,1.401,0.09322964311214756,16.111961423950028,4,1,SANDY CLAY LOAM,1.597,0.20330491613848292,0.4713207547169811,0.22214325382698466,0.3745977552891226,1.420409684832168,0.9863351503165361,0.13809698113207544,-1.0304459782775115,16.111961423950028,1.804504495571729,2.5695332171218284
55,1.0,M. Rahmati,Iran,37.836069,46.426016,7_9,14.814,24.488,60.698,0.703,1.361,0.1492615149599912,13.342816803170091,4,6,SANDY LOAM,7.118,0.8523579836678271,0.4864150943396226,0.23659964400142394,0.43631146759242256,1.3684828675622778,0.9945319976306264,0.3419498113207547,-0.8260521547334077,13.342816803170091,2.279523599762619,4.097340353719455
56,1.0,M. Rahmati,Iran,37.836069,46.426016,7_9,16.86,22.384,60.757,0.749,1.4,0.1399339627943751,14.523043183941892,4,6,SANDY LOAM,5.727,0.7579271831133292,0.4716981132075472,0.22249911000355999,0.3760348479014247,1.3628928423682385,1.027226760958904,0.35330188679245284,-0.8540768668941325,14.523043183941892,2.158905641455323,3.60361803084223
57,1.0,M. Rahmati,Iran,37.836069,46.426016,7_9,17.51,21.844,60.646,0.879,1.377,0.13644900513768865,14.901701369358035,4,6,SANDY LOAM,7.159,0.8548523624178339,0.48037735849056606,0.23076240655037383,0.41055510483588337,1.3473390315486955,1.0220144802137965,0.42225169811320756,-0.8650296264637598,14.901701369358035,2.1751434850954943,3.463506567675614
58,1.0,M. Rahmati,Iran,37.836069,46.426016,7_9,13.158,42.943,43.899,0.195,1.304,0.08497862006834467,11.396348306895545,4,1,LOAM,1.363,0.13449585583467355,0.5079245283018867,0.2579873264506941,0.5411705104615462,1.4334103355428107,0.9097185695303327,0.09904528301886792,-1.070690325512557,11.396348306895545,1.8837847534228518,3.336297309621523
59,1.0,M. Rahmati,Iran,37.836069,46.426016,7_9,14.154,40.663,45.184,0.195,1.301,0.08623947099427896,11.976185641353275,4,1,LOAM,1.495,0.17464119266044847,0.5090566037735849,0.2591386258454966,0.547312518782497,1.4334103355428107,0.9076256587108611,0.09926603773584905,-1.0642939161760074,11.976185641353275,1.90147883111642,3.1923131270312277
60,1.0,M. Rahmati,Iran,37.836069,46.426016,7_9,12.855,41.271,45.874,0.098,1.297,0.09228117516386981,11.472399348422803,4,1,LOAM,1.728,0.2375437381428745,0.5105660377358491,0.26067767888928445,0.5556068144764326,1.4465148221748303,0.8966378913767123,0.05003547169811321,-1.0348868835491418,11.472399348422803,1.96682507810232,3.568572539867756
61,1.0,M. Rahmati,Iran,37.836069,46.426016,7_9,9.625,33.883,56.491,0.585,1.348,0.1514444764898683,10.532568318681943,4,1,SANDY LOAM,4.743,0.6760531246518715,0.4913207547169811,0.24139608401566393,0.458360615946718,1.3830344162802937,0.9746684421819961,0.2874226415094339,-0.8197465617085813,10.532568318681943,2.31354545245665,5.869194805194805
62,1.0,M. Rahmati,Iran,37.836069,46.426016,7_9,12.805,31.977,55.218,0.683,1.334,0.13029493437335896,12.101251517539199,4,1,SANDY LOAM,5.335,0.7271344237604886,0.4966037735849056,0.24661530793876818,0.4832925880981884,1.3709276417502512,0.9730637557915851,0.33918037735849055,-0.8850724685273423,12.101251517539199,2.2058964791939597,4.312221788363921
63,1.0,M. Rahmati,Iran,37.836069,46.426016,7_9,18.167,28.873,52.96,0.81,1.384,0.10069887388577191,14.756325623989431,4,6,SANDY LOAM,4.633,0.6658623002031552,0.4777358490566038,0.22823154147383415,0.39974502076297563,1.355550038004145,1.0209877623091976,0.38696603773584914,-0.9969753861289028,14.756325623989431,1.8996635721206203,2.915175868332691
64,1.0,M. Rahmati,Iran,37.836069,46.426016,7_9,7.358,18.966,73.676,0.195,1.296,0.3065806638255636,8.619779541202618,4,1,SANDY LOAM,4.225,0.6258267132857112,0.510943396226415,0.26106315414738335,0.5576993213902618,1.4334103355428107,0.9041374740117417,0.09963396226415094,-0.513455239757812,8.619779541202618,3.011320918038498,10.013047023647731
65,1.0,M. Rahmati,Iran,37.836069,46.426016,7_9,9.303,17.481,73.216,0.716,1.289,0.28293265584280813,9.724475155335513,4,6,SANDY LOAM,4.913,0.6913467641348218,0.5135849056603774,0.26376945532217877,0.5725621921346382,1.366898434773162,0.9430108098806262,0.3677267924528302,-0.5483169237559808,9.724475155335513,2.9530201009671315,7.8701494141674715
66,1.0,M. Rahmati,Iran,37.836069,46.426016,7_9,9.948,16.306,73.746,0.744,1.234,0.2824970882938192,10.042376124285868,4,6,SANDY LOAM,5.442,0.735758537443739,0.5343396226415094,0.2855188323246706,0.7035801312981814,1.363498240609645,0.9050250035146771,0.397548679245283,-0.5489860241080614,10.042376124285868,3.0411728000265765,7.413148371531966
67,1.0,M. Rahmati,Iran,37.836069,46.426016,7_9,9.002,27.555,63.443,0.992,1.321,0.19952138367009994,10.144557485856888,4,6,SANDY LOAM,9.362,0.9713686367914233,0.5015094339622641,0.25151171235315056,0.5076021274863702,1.3341047574353184,0.9901771151311153,0.497497358490566,-0.7000105520461386,10.144557485856888,2.5973336110827594,7.04765607642746
68,1.0,M. Rahmati,Iran,37.836069,46.426016,7_9,8.473,28.679,62.849,0.947,1.368,0.198600367876996,9.888854130309765,4,6,SANDY LOAM,7.752,0.8894137640427089,0.48377358490566036,0.23403688145247417,0.4248601585522524,1.3393437691116339,1.0213957249432484,0.45813358490566036,-0.7020199513753738,9.888854130309765,2.5160373856053484,7.417561666469962
69,1.0,M. Rahmati,Iran,37.836069,46.426016,7_9,10.288,26.819,62.893,0.846,1.324,0.18750647215574087,10.839730395019648,4,6,SANDY LOAM,10.572,1.0241571544596726,0.500377358490566,0.2503775008899964,0.5018902143425569,1.3512535879005536,0.979830885819961,0.4233192452830188,-0.7269837371468586,10.839730395019648,2.538472535281078,6.113238724727839
70,1.0,M. Rahmati,Iran,37.836069,46.426016,7_9,22.723,26.767,50.509,0.488,1.342,0.0793345628854502,16.87955537161507,4,1,SANDY CLAY LOAM,1.669,0.22245633667924672,0.49358490566037727,0.24362605909576354,0.46889146370373597,1.3952300791465695,0.9618485295420744,0.2408694339622641,-1.1005375667779203,16.87955537161507,1.7618284743188526,2.2228138890111344
71,1.0,M. Rahmati,Iran,37.836069,46.426016,7_9,25.713,25.15,49.137,0.488,1.348,0.0684297861449497,18.22726233825439,4,1,SANDY CLAY LOAM,1.5,0.17609125905568124,0.4913207547169811,0.24139608401566393,0.458360615946718,1.3952300791465695,0.9661488955459884,0.23976452830188677,-1.1647548172477837,18.22726233825439,1.6235289413782448,1.9109788822774472
72,1.0,M. Rahmati,Iran,37.836069,46.426016,7_9,23.612,26.035,50.353,0.488,1.332,0.07662634296151934,17.329735493755585,4,1,SANDY CLAY LOAM,1.748,0.2425414282983842,0.49735849056603765,0.24736546813812735,0.4869584508867183,1.3952300791465695,0.9546812528688846,0.24271094339622637,-1.1156219009150783,17.329735493755585,1.7480793868511466,2.1325173640521773
73,1.0,M. Rahmati,Iran,37.836069,46.426016,7_9,17.479,24.232,58.289,0.911,1.4,0.12525560689754256,14.777841944725731,4,6,SANDY LOAM,16.079,1.206259035209283,0.4716981132075472,0.22249911000355999,0.3760348479014247,1.3435646977005822,1.042004156849315,0.4297169811320755,-0.9022028244215009,14.777841944725731,2.0626537264005864,3.334801762114538
74,1.0,M. Rahmati,Iran,37.836069,46.426016,7_9,18.26,23.872,57.868,0.975,1.417,0.12023422934075507,15.201518527374732,4,1,SANDY LOAM,15.976,1.2034680518626462,0.46528301886792445,0.21648828764684933,0.3522927091446278,1.3360791153626692,1.060565937830235,0.4536509433962263,-0.9199718759474951,15.201518527374732,1.9987911849731783,3.1691128148959473
75,1.0,M. Rahmati,Iran,37.836069,46.426016,7_9,17.359,24.066,58.575,0.987,1.36,0.12707466985905538,14.723930048212598,4,6,SANDY LOAM,17.758,1.2493940516523505,0.48679245283018857,0.23696689213243136,0.43797108604818125,1.3346848449584603,1.0189671405479455,0.4804641509433961,-0.8959410099241119,14.723930048212598,2.1413947018849826,3.3743303185667375
76,1.0,M. Rahmati,Iran,37.836069,46.426016,7_9,22.545,40.503,36.953,0.878,1.449,0.048487461202682,14.077109762927442,4,1,LOAM,2.566,0.4092566520389097,0.45320754716981126,0.2053970808116767,0.3113482129439273,1.3474573212044014,1.0753587347054796,0.3979162264150943,-1.3143705548931577,14.077109762927442,1.156336549055948,1.6390774007540474
77,1.0,M. Rahmati,Iran,37.836069,46.426016,7_9,10.031,29.696,60.273,0.683,1.353,0.17172917391587367,10.745773526478887,4,1,SANDY LOAM,9.286,0.9678286793301553,0.4894339622641509,0.23954560341758632,0.44975754856794375,1.3709276417502512,0.9869229846971623,0.3342833962264151,-0.7651559191990026,10.745773526478887,2.4144979042348838,6.008673113348619
78,1.0,M. Rahmati,Iran,37.836069,46.426016,7_9,19.212,27.805,52.983,0.878,1.341,0.09741036373019098,15.318969234977379,4,1,SANDY LOAM,9.433,0.9746498344387221,0.49396226415094335,0.24399871840512632,0.47066890788459775,1.3474573212044014,0.9952077731125245,0.4336988679245283,-1.011394834996191,15.318969234977379,1.9417571215325824,2.7578076202373514
79,1.0,M. Rahmati,Iran,37.836069,46.426016,7_9,21.074,22.008,56.918,1.56,1.396,0.10593784741605805,16.764135908456435,4,1,SANDY CLAY LOAM,1.267,0.10277661488344131,0.4732075471698114,0.2239253826984693,0.38183514464438073,1.2713346309239684,1.0980586590215264,0.7382037735849059,-0.9749488558748931,16.764135908456435,1.9238094687359173,2.7008636234222263
80,1.0,M. Rahmati,Iran,37.836069,46.426016,7_9,19.114,23.212,57.673,1.463,1.377,0.11610432245572555,15.681855624549005,4,1,SANDY LOAM,1.386,0.1417632302757879,0.48037735849056606,0.23076240655037383,0.41055510483588337,1.2816325625192764,1.0744109039280823,0.7027920754716982,-0.9351516115816165,15.681855624549005,2.034899514859781,3.01731714973318
81,1.0,M. Rahmati,Iran,37.836069,46.426016,7_9,19.928,21.897,58.175,1.56,1.269,0.11516627571257357,16.194920953432533,4,1,SANDY LOAM,8.598,0.9343974407809882,0.5211320754716982,0.2715786400854397,0.6171801044540198,1.2713346309239684,0.9981636377495108,0.8129660377358492,-0.9386746773031659,16.194920953432533,2.2048938445160475,2.919259333600963
82,1.0,M. Rahmati,Iran,37.836069,46.426016,7_9,23.696,33.401,42.903,1.755,1.351,0.0581173907544196,15.923344485051567,4,1,LOAM,3.19,0.5037906830571811,0.490188679245283,0.24028494126023492,0.4531801525131585,1.251125381618873,1.0798278252910958,0.8602811320754715,-1.2356938920752347,15.923344485051567,1.4767143786004475,1.8105587440918296
83,1.0,M. Rahmati,Iran,37.836069,46.426016,7_9,24.391,33.162,42.447,1.658,1.367,0.05587215478003191,16.1372408703106,4,1,LOAM,2.29,0.359835482339888,0.48415094339622644,0.23440213599145607,0.42647842539028763,1.2610972376910063,1.0839766824823875,0.8027222641509434,-1.2528045792030713,16.1372408703106,1.4161191891588931,1.7402730515354026
84,1.0,M. Rahmati,Iran,37.836069,46.426016,7_9,22.976,34.8,42.225,1.05,1.366,0.05803084269994379,15.451226074295276,4,6,LOAM,2.86,0.456366033129043,0.4845283018867924,0.23476767532929865,0.4281025340766188,1.3274124072601274,1.0290697845890413,0.5087547169811321,-1.2363411227444792,15.451226074295276,1.450696834594412,1.8377872562674096
85,1.0,M. Rahmati,Iran,37.836069,46.426016,7_9,19.165,25.366,55.469,0.683,1.377,0.10689085731735846,15.535109099055191,4,3,SANDY LOAM,6.546,0.8159760009719855,0.48037735849056606,0.23076240655037383,0.41055510483588337,1.3709276417502512,1.0044293791042074,0.32809773584905666,-0.9710594396595598,15.535109099055191,1.9630838587038943,2.894286459692147
86,1.0,M. Rahmati,Iran,37.836069,46.426016,7_9,19.954,25.171,54.875,0.753,1.418,0.10192897631251606,15.922377060153321,4,6,SANDY LOAM,5.99,0.7774268223893114,0.4649056603773585,0.2161372730509078,0.35094074027892624,1.3624089107083044,1.0408035273806262,0.35007396226415094,-0.99170233744853,15.922377060153321,1.8536603944699594,2.7500751728976645
87,1.0,M. Rahmati,Iran,37.836069,46.426016,7_9,17.605,28.223,54.173,0.78,1.385,0.10723026211789326,14.564793945582714,4,3,SANDY LOAM,6.444,0.8091555317471805,0.47735849056603774,0.22787112851548594,0.3982228312977037,1.359151339520114,1.019018235665362,0.37233962264150944,-0.9696826324035108,14.564793945582714,1.9525921725034485,3.0771371769383697
88,1.0,M. Rahmati,Iran,37.836069,46.426016,7_9,12.849,25.873,61.278,1.017,1.354,0.1625576545833556,12.249233663919037,4,6,SANDY LOAM,8.248,0.9163486522754601,0.48905660377358484,0.23917636169455317,0.44805548885395263,1.3312118670363469,1.0171183367035226,0.4973705660377357,-0.7889925754447396,12.249233663919037,2.3651779325918882,4.769087088489377
89,1.0,M. Rahmati,Iran,37.836069,46.426016,7_9,15.732,24.11,60.159,1.755,1.354,0.1420173630115151,13.85327452002816,4,3,SANDY LOAM,8.991,0.9538079976653071,0.48905660377358484,0.23917636169455317,0.44805548885395263,1.251125381618873,1.082225666501957,0.8582943396226413,-0.847658555623199,13.85327452002816,2.2478459722349693,3.8239893211289093
90,1.0,M. Rahmati,Iran,37.836069,46.426016,7_9,12.908,26.465,60.626,1.755,1.385,0.1584105665360286,12.279661654130274,4,1,SANDY LOAM,7.846,0.8946483037935171,0.47735849056603774,0.22787112851548594,0.3982228312977037,1.251125381618873,1.107003359014188,0.8377641509433962,-0.8002158528271066,12.279661654130274,2.291525731656257,4.696777192438797
91,1.0,M. Rahmati,Iran,37.836069,46.426016,7_9,11.692,22.249,66.058,1.853,1.318,0.20122011422221375,11.517061496368838,4,3,SANDY LOAM,10.959,1.0397709269315791,0.5026415094339622,0.25264848700605197,0.5133764943861014,1.2412096013365501,1.0618673901497064,0.9313947169811321,-0.6963286088094753,11.517061496368838,2.609610043943809,5.649846048580226
92,1.0,M. Rahmati,Iran,37.836069,46.426016,7_9,11.062,22.844,66.094,1.853,1.338,0.20565740104997599,11.162416509555568,4,1,SANDY LOAM,9.462,0.9759829437125465,0.4950943396226415,0.24511840512637947,0.4760399537400467,1.2412096013365501,1.0779807041125244,0.9174098113207547,-0.6868556567975079,11.162416509555568,2.595763372236195,5.974868920629181
93,1.0,M. Rahmati,Iran,37.836069,46.426016,7_9,13.563,20.12,66.316,1.853,1.296,0.19112358195881027,12.585482926576283,4,1,SANDY LOAM,12.729,1.1047942864862783,0.510943396226415,0.26106315414738335,0.5576993213902618,1.2412096013365501,1.0441427447906066,0.9467781132075471,-0.7186857238150633,12.585482926576283,2.6008599499239953,4.889478728894788
94,1.0,M. Rahmati,Iran,37.836069,46.426016,7_9,11.956,34.211,53.834,0.585,1.368,0.12730328711372693,11.615126466039936,4,1,SANDY LOAM,6.979,0.8437931983259126,0.48377358490566036,0.23403688145247417,0.4248601585522524,1.3830344162802937,0.9891293982974559,0.2830075471698113,-0.8951603822306962,11.615126466039936,2.129756523894703,4.502676480428238
95,1.0,M. Rahmati,Iran,37.836069,46.426016,7_9,14.587,31.844,53.569,0.713,1.369,0.1157174301761839,12.930513085387053,4,6,SANDY LOAM,6.814,0.8334021292318585,0.4833962264150943,0.2336719117123531,0.42324771195982586,1.367263747378271,1.001269873954501,0.3446615094339622,-0.9366012196204537,12.930513085387053,2.045223461301066,3.672379516007404
96,1.0,M. Rahmati,Iran,37.836069,46.426016,7_9,14.044,32.637,53.319,0.811,1.391,0.11670587239011222,12.637373501351275,4,6,SANDY LOAM,6.761,0.8300109359361179,0.47509433962264147,0.2257146315414738,0.38920378614674284,1.3554303232690248,1.026242349842955,0.38530150943396224,-0.9329072906345248,12.637373501351275,2.0161937566463397,3.7965679293648535
97,1.0,M. Rahmati,Iran,37.836069,46.426016,7_9,10.998,9.615,79.387,0.887,1.315,0.33587141384071856,10.08028713931313,4,6,SANDY LOAM,4.345,0.6379897807846853,0.5037735849056604,0.2537878248487006,0.5192140278786685,1.3463934614501498,0.9766832932950097,0.4468471698113208,-0.47382695757403887,10.08028713931313,3.059523783878046,7.21831242044008
98,1.0,M. Rahmati,Iran,37.836069,46.426016,7_9,11.69,8.922,79.388,0.859,1.293,0.32839564140743893,10.495744536644924,4,6,SANDY LOAM,4.567,0.6596310116070007,0.5120754716981133,0.26222128871484524,0.5640227468407851,1.3497087776489831,0.9579844344290607,0.4398728301886793,-0.48360261563682283,10.495744536644924,3.075922669520673,6.791103507271172
99,1.0,M. Rahmati,Iran,37.836069,46.426016,7_9,13.479,6.984,79.537,0.966,1.305,0.3115022439008049,11.587567762140926,4,6,SANDY LOAM,4.386,0.642068627341504,0.5075471698113208,0.25760412958348167,0.5391380155123527,1.3371267313421433,0.9759733085958905,0.49029056603773585,-0.5065388205610635,11.587567762140926,3.010453596120449,5.900808665331257
100,1.0,M. Rahmati,Iran,37.836069,46.426016,7_9,22.73,42.514,34.756,1.95,1.378,0.0444599485524002,13.612778302677295,4,1,LOAM,3.553,0.5505952074893279,0.48,0.2304,0.4089940828402366,1.2315485750262976,1.1189164828277887,0.9359999999999999,-1.3520310441881218,13.612778302677295,1.199486217993622,1.5290805103387592
101,1.0,M. Rahmati,Iran,37.836069,46.426016,7_9,21.753,42.028,36.219,1.096,1.384,0.04843274404565471,13.598831121939172,4,6,LOAM,3.28,0.515873843711679,0.4777358490566038,0.22823154147383415,0.39974502076297563,1.322152234284879,1.046778097189824,0.5235984905660378,-1.3148609245085785,13.598831121939172,1.2638924953612691,1.6650117225210317
102,1.0,M. Rahmati,Iran,37.836069,46.426016,7_9,23.945,41.86,34.195,1.853,1.398,0.04186247191942676,13.912499797920615,4,1,LOAM,2.98,0.4742162640762552,0.47245283018867923,0.22321167675329298,0.3789245729808552,1.2412096013365501,1.1263206460009783,0.8754550943396227,-1.378175130768699,13.912499797920615,1.1140337898424042,1.4280643140530382
103,1.0,M. Rahmati,Iran,37.836069,46.426016,7_9,14.235,22.234,63.531,0.683,1.311,0.16879055963392714,13.026206440795479,4,3,SANDY LOAM,11.489,1.060282229438346,0.5052830188679245,0.25531092915628334,0.5270969142005583,1.3709276417502512,0.9562867944848336,0.3451083018867924,-0.7726518468901211,13.026206440795479,2.4684180614515108,4.463013698630137
104,1.0,M. Rahmati,Iran,37.836069,46.426016,7_9,16.891,19.923,63.186,0.683,1.197,0.15284847910454516,14.594840968886285,4,1,SANDY LOAM,48.603,1.6866630767362627,0.5483018867924527,0.30063495906016363,0.8079094129874996,1.3709276417502512,0.8731314210513699,0.3744901886792452,-0.8157388782973282,14.594840968886285,2.5677161930624814,3.7408087147001368
105,1.0,M. Rahmati,Iran,37.836069,46.426016,7_9,16.125,20.689,63.186,0.683,1.311,0.15671112110502222,14.135701910964787,4,1,SANDY LOAM,12.361,1.0920536064254753,0.5052830188679245,0.25531092915628334,0.5270969142005583,1.3709276417502512,0.9562867944848336,0.3451083018867924,-0.8049001824518718,14.135701910964787,2.4039213903280094,3.9185116279069767
106,1.0,M. Rahmati,Iran,37.836069,46.426016,7_9,18.321,27.93,53.749,0.585,1.207,0.10314211353434431,14.9141196143094,4,3,SANDY LOAM,12.29,1.089551882886454,0.5445283018867924,0.29651107155571366,0.7782848545562859,1.3830344162802937,0.8727187015680039,0.31854905660377353,-0.9865639735023265,14.9141196143094,2.209841913657026,2.933737241416953
107,1.0,M. Rahmati,Iran,37.836069,46.426016,7_9,15.476,29.606,54.918,0.683,1.412,0.11812622948996901,13.479408476002325,4,1,SANDY LOAM,3.842,0.5845573605256749,0.46716981132075475,0.21824763260946958,0.3591258498091465,1.3709276417502512,1.0299595376144812,0.3190769811320755,-0.9276536582039058,13.479408476002325,1.991770631788811,3.5485913672783664
108,1.0,M. Rahmati,Iran,37.836069,46.426016,7_9,16.525,29.931,53.544,0.683,1.422,0.10853696148949389,13.937520155591319,4,3,SANDY LOAM,3.208,0.5062343596121259,0.46339622641509437,0.2147360626557494,0.34558114059274486,1.3709276417502512,1.0372538686174166,0.3164996226415095,-0.9644223407334835,13.937520155591319,1.9015366337368795,3.24018154311649
109,1.0,M. Rahmati,Iran,37.836069,46.426016,7_9,23.834,39.875,36.291,0.78,1.393,0.04537769382498935,14.41444826587275,4,3,LOAM,4.968,0.6961815871685237,0.4743396226415094,0.22499807760768956,0.38624042498158634,1.359151339520114,1.0249042615753425,0.36998490566037734,-1.343157579507308,14.41444826587275,1.192373848771225,1.5226567089032474
110,1.0,M. Rahmati,Iran,37.836069,46.426016,7_9,11.762,48.009,40.229,0.683,1.356,0.07771389181567137,10.393065733988163,4,3,LOAM,6.731,0.828079590556746,0.4883018867924528,0.23843873264506937,0.44466973949126315,1.3709276417502512,0.989111283998043,0.33351018867924526,-1.1095013415642336,10.393065733988163,1.720866174383383,3.4202516578813125
111,1.0,M. Rahmati,Iran,37.836069,46.426016,7_9,15.603,44.884,39.514,0.488,1.37,0.0667919411934793,11.822013008907442,4,3,LOAM,5.59,0.7474118078864233,0.4830188679245282,0.2333072267710928,0.42164106409907093,1.3952300791465695,0.9819169042270061,0.23571320754716976,-1.1752759343258727,11.822013008907442,1.5662223135549402,2.532461706082164
112,1.0,M. Rahmati,Iran,37.836069,46.426016,7_9,16.577,38.638,44.785,0.78,1.356,0.07853623641030795,13.012737449079639,4,3,LOAM,4.021,0.6043340731029111,0.4883018867924528,0.23843873264506937,0.44466973949126315,1.359151339520114,0.997681391741683,0.3808754716981132,-1.1049299146953298,13.012737449079639,1.7300090281211906,2.701634795198166
113,1.0,M. Rahmati,Iran,37.836069,46.426016,7_9,13.966,40.471,45.563,0.878,1.351,0.08798932345474016,11.934675492628072,4,3,LOAM,4.581,0.6609602917760836,0.490188679245283,0.24028494126023492,0.4531801525131585,1.3474573212044014,1.0026291584452056,0.4303856603773585,-1.0555700215542767,11.934675492628072,1.8369621196423638,3.262423027352141
114,1.0,M. Rahmati,Iran,37.836069,46.426016,7_9,14.734,40.481,44.785,1.014,1.358,0.0833965421769563,12.187336978997171,4,6,LOAM,3.273,0.5149460053080044,0.48754716981132074,0.2377022427910288,0.4413083320506877,1.3315583512849312,1.0198576717945205,0.4943728301886792,-1.0788519558922276,12.187336978997171,1.7788694968796697,3.0395683453237408
115,1.0,M. Rahmati,Iran,37.836069,46.426016,7_9,17.747,27.137,55.115,0.683,1.303,0.11050241661259064,14.71873176151568,4,3,SANDY LOAM,8.688,0.9389198122447717,0.5083018867924529,0.2583708081167676,0.5432104071266016,1.3709276417502512,0.9504513296824852,0.3471701886792454,-0.9566282241504834,14.71873176151568,2.1135429150187157,3.105595311883699
116,1.0,M. Rahmati,Iran,37.836069,46.426016,7_9,20.4,25.186,54.415,0.923,1.475,0.09877125653943251,16.124839961898513,4,6,SANDY CLAY LOAM,1.395,0.14457420760961637,0.44339622641509424,0.1966002135991455,0.2813738190608855,1.342154768558651,1.0989790704867908,0.409254716981132,-1.0053694212271365,16.124839961898513,1.730376124316523,2.667401960784314
117,1.0,M. Rahmati,Iran,37.836069,46.426016,7_9,19.65,25.422,54.927,0.794,1.354,0.10314420244547678,15.757128747412693,4,6,SANDY LOAM,8.535,0.9312035254507525,0.48905660377358484,0.23917636169455317,0.44805548885395263,1.3574683538230852,0.9974449836614482,0.3883109433962264,-0.9865551779351194,15.757128747412693,1.9700527276111282,2.795267175572519
118,1.0,M. Rahmati,Iran,37.836069,46.426016,7_9,25.146,34.544,40.31,0.975,1.312,0.05039775413076915,15.960208980046083,4,3,LOAM,5.657,0.7525861787404092,0.5049056603773585,0.25492972588109647,0.5251154499371444,1.3360791153626692,0.9819777772994132,0.4922830188679245,-1.2975888165375369,15.960208980046083,1.4169084447169513,1.6030382565815637
119,1.0,M. Rahmati,Iran,37.836069,46.426016,7_9,27.972,32.94,39.088,0.975,1.404,0.0439464668850945,16.83224533750716,4,3,CLAY LOAM,1.999,0.30081279411811696,0.47018867924528307,0.22107739409042368,0.37031733079843615,1.3360791153626692,1.0508359750978475,0.458433962264151,-1.3570760346740762,16.83224533750716,1.146253249609622,1.3973973973973974
120,1.0,M. Rahmati,Iran,37.836069,46.426016,7_9,27.162,32.949,39.889,0.975,1.411,0.04646941562879413,16.714595078493456,4,3,CLAY LOAM,1.605,0.20547503674089088,0.4675471698113207,0.21860035599857597,0.36050726215049433,1.3360791153626692,1.0560751857999022,0.45585849056603767,-1.332832788910971,16.714595078493456,1.1830797213734476,1.4685590162727342
121,1.0,M. Rahmati,Iran,37.836069,46.426016,7_9,16.611,30.104,53.284,0.878,1.321,0.10720812020021306,13.961908619469835,4,3,SANDY LOAM,8.4,0.9242792860618817,0.5015094339622641,0.25151171235315056,0.5076021274863702,1.3474573212044014,0.9803650024471624,0.44032528301886786,-0.9697723188915126,13.961908619469835,2.057810077392011,3.2077538980193845
122,1.0,M. Rahmati,Iran,37.836069,46.426016,7_9,19.349,28.288,52.364,0.878,1.328,0.09479230973823043,15.324772930926432,4,3,SANDY LOAM,8.34,0.9211660506377387,0.49886792452830186,0.24886920612317548,0.4943702652163552,1.3474573212044014,0.9855599721800392,0.43800603773584906,-1.023226894452267,15.324772930926432,1.9394298340562277,2.7062897307354383
123,1.0,M. Rahmati,Iran,37.836069,46.426016,7_9,20.197,26.932,52.871,0.975,1.476,0.09394646364892605,15.840287457874254,4,3,SANDY CLAY LOAM,1.268,0.10311925354571388,0.44301886792452827,0.19626571733713064,0.28027586515574715,1.3360791153626692,1.1047249994618398,0.43194339622641503,-1.027119563053215,15.840287457874254,1.685177857230206,2.61776501460613
124,1.0,M. Rahmati,Iran,37.836069,46.426016,7_9,19.87,25.804,54.325,1.658,1.277,0.10016718352934899,15.81989419893896,4,3,SANDY LOAM,11.349,1.0549575960124065,0.5181132075471698,0.2684412958348167,0.5989408619275114,1.2610972376910063,1.0126102586174168,0.8590316981132076,-0.9992745374155294,15.81989419893896,2.070666149928271,2.734021137393055
125,1.0,M. Rahmati,Iran,37.836069,46.426016,7_9,23.037,24.447,52.516,1.755,1.417,0.08453377810607622,17.357213330597382,4,3,SANDY CLAY LOAM,1.319,0.12024479554636529,0.46528301886792445,0.21648828764684933,0.3522927091446278,1.251125381618873,1.1325803319300392,0.8165716981132074,-1.0729697204724307,17.357213330597382,1.6927954959233076,2.279637105525893
126,1.0,M. Rahmati,Iran,37.836069,46.426016,7_9,20.464,27.112,52.424,1.853,1.406,0.09161560487484617,15.931944342211702,4,3,SANDY CLAY LOAM,1.476,0.16908635748702275,0.4694339622641509,0.22036824492702026,0.3674892384732041,1.2412096013365501,1.1327659715861056,0.8698611320754717,-1.0380305467051687,15.931944342211702,1.781014813862347,2.561767005473026
127,1.0,M. Rahmati,Iran,37.836069,46.426016,7_9,11.746,21.835,66.419,0.585,1.326,0.20354109879671112,11.534198224742248,4,3,SANDY LOAM,11.401,1.0569429456728774,0.4996226415094339,0.24962278390886433,0.4981166208391863,1.3830344162802937,0.9587613904549902,0.29227924528301885,-0.6913478853160101,11.534198224742248,2.6064665441174095,5.654605823258981
128,1.0,M. Rahmati,Iran,37.836069,46.426016,7_9,9.137,24.072,66.792,0.683,1.31,0.22464929938574013,10.076429498798728,4,3,SANDY LOAM,11.551,1.0626195838543415,0.5056603773584905,0.255692417230331,0.5290855856796834,1.3709276417502512,0.9555573613845401,0.345366037735849,-0.6484949315039915,10.076429498798728,2.7183673483508057,7.310058005910036
129,1.0,M. Rahmati,Iran,37.836069,46.426016,7_9,9.882,23.6,66.518,0.585,1.401,0.21707360107390933,10.49341577148319,4,3,SANDY LOAM,9.578,0.9812748327065889,0.4713207547169811,0.22214325382698466,0.3745977552891226,1.3830344162802937,1.0129899758879648,0.27572264150943393,-0.6633929890975874,10.49341577148319,2.5386104739315773,6.731228496255819
130,1.0,M. Rahmati,Iran,37.836069,46.426016,7_9,9.977,15.872,74.151,0.683,1.34,0.28646160654178937,10.022950562702828,4,3,SANDY LOAM,6.378,0.8046845149069404,0.49433962264150944,0.24437166251334994,0.4724527881572145,1.3709276417502512,0.9774403543933463,0.337633962264151,-0.5429335767834181,10.022950562702828,2.880322544246736,7.432194046306504
131,1.0,M. Rahmati,Iran,37.836069,46.426016,7_9,12.65,13.601,73.749,0.78,1.328,0.2587195627282062,11.630683944013013,4,3,SANDY LOAM,6.683,0.8249714611236934,0.49886792452830186,0.24886920612317548,0.4943702652163552,1.359151339520114,0.9770803010567515,0.3891169811320755,-0.5871707314547103,11.630683944013013,2.811542160051341,5.8299604743083
132,1.0,M. Rahmati,Iran,37.836069,46.426016,7_9,11.806,14.078,74.117,0.683,1.311,0.269543060516221,11.092956347766533,4,3,SANDY LOAM,6.829,0.8343571127184051,0.5052830188679245,0.25531092915628334,0.5270969142005583,1.3709276417502512,0.9562867944848336,0.3451083018867924,-0.5693718447602478,11.092956347766533,2.8749780657112574,6.2779095375232945
133,1.0,M. Rahmati,Iran,37.836069,46.426016,7_9,10.67,28.755,60.575,1.853,1.348,0.17006759400676308,11.07728626067588,4,3,SANDY LOAM,11.272,1.0520009801013,0.4913207547169811,0.24139608401566393,0.458360615946718,1.2412096013365501,1.0860373610939336,0.910417358490566,-0.7693784323299248,11.07728626067588,2.4142817112139627,5.677132146204311
134,1.0,M. Rahmati,Iran,37.836069,46.426016,7_9,13.299,26.55,60.151,1.95,1.348,0.15369365409776875,12.49025697086543,4,3,SANDY LOAM,11.824,1.0727644210507505,0.4913207547169811,0.24139608401566393,0.458360615946718,1.2315485750262976,1.0945569077299415,0.9580754716981131,-0.8133440638419425,12.49025697086543,2.326350448189927,4.5229716520039105
135,1.0,M. Rahmati,Iran,37.836069,46.426016,7_9,12.569,26.957,60.474,2.048,1.297,0.15927203013848823,12.093790800111329,4,3,SANDY LOAM,12.063,1.0814553278225736,0.5105660377358491,0.26067767888928445,0.5556068144764326,1.2219394868401279,1.0614273570567514,1.045639245283019,-0.7978604842304857,12.093790800111329,2.440877876739632,4.811361285702919
323,13.0,M. Shukla,USA,40.077732,-83.074241,8_-17,43.44,43.28,13.28,,1.3763850392378134,0.010285480717237202,10.5339367773465,1,-1,SILTY CLAY,153.34061390154127,2.1856571976284336,0.4806094191555421,0.23098541378102758,0.41151786635283544,,,,-1.9877754056742023,10.5339367773465,-0.06933083466163233,0.30570902394106814
324,13.0,M. Shukla,USA,40.077732,-83.074241,8_-17,44.44,41.0,14.56,,1.5364612519969605,0.010435192559589244,11.23031516371914,1,-1,SILTY CLAY,23.080539237573703,1.3632459511547066,0.42020330113322246,0.17657081428325763,0.22071248631872578,,,,-1.9814995325309224,11.23031516371914,-0.3273408804467109,0.3276327632763277
325,13.0,M. Shukla,USA,40.077732,-83.074241,8_-17,45.44,40.28,14.279999999999998,,1.4332067855784905,0.009997297879514153,11.203032591568553,1,-1,SILTY CLAY,75.82193762159591,1.8797948785817746,0.4591672507250979,0.21083456413844492,0.33096856897584265,,,,-2.000117367459409,11.203032591568553,-0.18861670122705904,0.31426056338028163
326,13.0,M. Shukla,USA,40.077732,-83.074241,8_-17,38.72,48.36,12.920000000000002,,1.2482220780430473,0.011837681054362767,9.856287691303997,1,-1,SILTY CLAY LOAM,41.49198141554577,1.617964174701012,0.5289728007384726,0.2798122239211039,0.6671262857740589,,,,-1.9267333655126955,9.856287691303997,0.2625726033295582,0.33367768595041325
327,13.0,M. Shukla,USA,40.077732,-83.074241,8_-17,43.08,44.0,12.920000000000002,,1.3347019636921993,0.010270079288610252,10.334607191596245,1,-1,SILTY CLAY,92.04378752187631,1.9639944812048566,0.49633888162558515,0.24635228541333662,0.4820122130743437,,,,-1.9884262034842226,10.334607191596245,-0.0019630830600516312,0.29990714948932223
328,13.0,M. Shukla,USA,40.077732,-83.074241,8_-17,45.44,42.0,12.560000000000002,,1.3973308823528918,0.00938503126253873,10.393063796276078,1,-1,SILTY CLAY,27.402726776125803,1.4377937805175889,0.47270532741400306,0.22345032656557984,0.3798960023217227,,,,-2.02756427635905,10.393063796276078,-0.183632547744783,0.27640845070422543
329,13.0,M. Shukla,USA,40.077732,-83.074241,8_-17,41.08,44.64,14.279999999999998,,1.3843077257172227,0.011523262905515532,10.71904670860286,1,-1,SILTY CLAY,113.58665555813883,2.055327312379568,0.47761972614444426,0.22812060280229393,0.39927602047025496,,,,-1.9384245294878815,10.71904670860286,0.016255450862593182,0.3476144109055501
330,13.0,M. Shukla,USA,40.077732,-83.074241,8_-17,42.72,43.36,13.919999999999998,,1.2810721811553336,0.010780159975440063,10.747437091571232,1,-1,SILTY CLAY,166.63242229688603,2.221759507602941,0.5165765354130816,0.26685131693938274,0.5898594921768513,,,,-1.9673747942573183,10.747437091571232,0.12783026559013566,0.32584269662921345
331,13.0,M. Shukla,USA,40.077732,-83.074241,8_-17,44.44,44.0,11.56,,1.4640389898528405,0.009346046811586314,9.847294990418526,1,-1,SILTY CLAY,18.763530132939245,1.273314549023219,0.4475324566593054,0.20028529976351309,0.29367033205067705,,,,-2.029372048053551,9.847294990418526,-0.2990527403136523,0.26012601260126017
332,13.0,M. Shukla,USA,40.077732,-83.074241,8_-17,45.44,41.28,13.28,,1.4366432453915512,0.009636628732349455,10.730035356727598,1,-1,SILTY CLAY,73.55848110685696,1.8666327530059388,0.4578704734371505,0.20964537044556034,0.32660422001624584,,,,-2.016074872633619,10.730035356727598,-0.22629667184767358,0.29225352112676056
333,13.0,M. Shukla,USA,40.077732,-83.074241,8_-17,42.44,45.92,11.64,,1.3981986863782305,0.010004698822045325,9.704114114466119,1,-1,SILTY CLAY,58.54524809718306,1.7674916507504457,0.47237785419689415,0.22314083713566218,0.3786365683620217,,,,-1.999795980680198,9.704114114466119,-0.12953812444361723,0.2742695570216777
334,13.0,M. Shukla,USA,40.077732,-83.074241,8_-17,41.44,48.0,10.56,,1.3132086104446303,0.00993389687483897,9.14628017725505,1,-1,SILTY CLAY,109.11786555811001,2.0378958622115886,0.5044495809642904,0.25446937973504813,0.5227302118400745,,,,-2.002880352788636,9.14628017725505,0.0043481773460906,0.25482625482625487
427,21.0,M. H. Mohammadi,Iran,36.941043,48.070055,7_9,15.36,24.43,60.209999999999994,0.532,,0.14402398666325353,13.64264124500849,1,6,SANDY LOAM,0.890534945035267,-0.05034903393435134,,,,1.3896714780456367,,,-0.8415651717383426,13.64264124500849,,3.9199218749999996
428,21.0,M. H. Mohammadi,Iran,36.941043,48.070055,7_9,15.36,24.43,60.209999999999994,0.532,,0.14402398666325353,13.64264124500849,1,6,SANDY LOAM,0.890534945035267,-0.05034903393435134,,,,1.3896714780456367,,,-0.8415651717383426,13.64264124500849,,3.9199218749999996
429,21.0,M. H. Mohammadi,Iran,36.941043,48.070055,7_9,15.36,24.43,60.209999999999994,0.532,,0.14402398666325353,13.64264124500849,1,6,SANDY LOAM,0.890534945035267,-0.05034903393435134,,,,1.3896714780456367,,,-0.8415651717383426,13.64264124500849,,3.9199218749999996
430,21.0,M. H. Mohammadi,Iran,36.941043,48.070055,7_9,25.86,44.56,29.580000000000002,0.938,,0.03319588437631982,13.254878264756679,1,1,LOAM,1.067232811922379,0.02825916910036911,,,,1.3403965129749968,,,-1.478915756761317,13.254878264756679,,1.1438515081206497
431,21.0,M. H. Mohammadi,Iran,36.941043,48.070055,7_9,25.86,44.56,29.580000000000002,0.938,,0.03319588437631982,13.254878264756679,1,1,LOAM,1.067232811922379,0.02825916910036911,,,,1.3403965129749968,,,-1.478915756761317,13.254878264756679,,1.1438515081206497
432,21.0,M. H. Mohammadi,Iran,36.941043,48.070055,7_9,24.181,57.107,18.708,0.47,,0.023518794130032678,9.531168253181132,1,6,SILTY LOAM,1.7461368367344814,0.2420782743696186,,,,1.3975168900753074,,,-1.628584949436812,9.531168253181132,,0.773665274388983
433,21.0,M. H. Mohammadi,Iran,36.941043,48.070055,7_9,24.181,57.107,18.708,0.47,,0.023518794130032678,9.531168253181132,1,6,SILTY LOAM,1.7461368367344814,0.2420782743696186,,,,1.3975168900753074,,,-1.628584949436812,9.531168253181132,,0.773665274388983
434,21.0,M. H. Mohammadi,Iran,36.941043,48.070055,7_9,24.181,57.107,18.708,0.47,,0.023518794130032678,9.531168253181132,1,6,SILTY LOAM,1.7461368367344814,0.2420782743696186,,,,1.3975168900753074,,,-1.628584949436812,9.531168253181132,,0.773665274388983
435,21.0,M. H. Mohammadi,Iran,36.941043,48.070055,7_9,32.117,43.993,23.89,2.063,,0.02196600895998394,13.069155791656687,1,1,CLAY LOAM,3.20591260368981,0.5059516788875569,,,,1.2204819244008691,,,-1.6582488435851035,13.069155791656687,,0.743842824672292
436,21.0,M. H. Mohammadi,Iran,36.941043,48.070055,7_9,32.117,43.993,23.89,2.063,,0.02196600895998394,13.069155791656687,1,1,CLAY LOAM,3.20591260368981,0.5059516788875569,,,,1.2204819244008691,,,-1.6582488435851035,13.069155791656687,,0.743842824672292
437,21.0,M. H. Mohammadi,Iran,36.941043,48.070055,7_9,63.031000000000006,23.02,13.94,0.47,1.18,0.005567904420981922,12.05899960563974,1,6,CLAY,1.622734046448974,0.21024734815396373,0.5547169811320755,0.30771092915628334,0.8608790035394296,1.3975168900753074,0.8443547325831703,0.2607169811320755,-2.254308228461505,12.05899960563974,-0.28184305971483775,0.22116101600799604
438,21.0,M. H. Mohammadi,Iran,36.941043,48.070055,7_9,63.031000000000006,23.02,13.94,0.47,1.18,0.005567904420981922,12.05899960563974,1,6,CLAY,1.622734046448974,0.21024734815396373,0.5547169811320755,0.30771092915628334,0.8608790035394296,1.3975168900753074,0.8443547325831703,0.2607169811320755,-2.254308228461505,12.05899960563974,-0.28184305971483775,0.22116101600799604
439,21.0,M. H. Mohammadi,Iran,36.941043,48.070055,7_9,63.031000000000006,23.02,13.94,0.47,1.18,0.005567904420981922,12.05899960563974,1,6,CLAY,1.622734046448974,0.21024734815396373,0.5547169811320755,0.30771092915628334,0.8608790035394296,1.3975168900753074,0.8443547325831703,0.2607169811320755,-2.254308228461505,12.05899960563974,-0.28184305971483775,0.22116101600799604
440,21.0,M. H. Mohammadi,Iran,36.941043,48.070055,7_9,26.828000000000003,18.112,55.05799999999999,1.813,1.39,0.08203219237943062,19.95585258661528,1,1,SANDY CLAY LOAM,3.2893935456271755,0.5171158359240252,0.47547169811320755,0.2260733357066572,0.3906934775242112,1.2452378129374844,1.1162526431164383,0.8620301886792453,-1.0860156814081232,19.95585258661528,1.711636079604147,2.052258834053973
441,21.0,M. H. Mohammadi,Iran,36.941043,48.070055,7_9,26.828000000000003,18.112,55.05799999999999,1.813,1.39,0.08203219237943062,19.95585258661528,1,1,SANDY CLAY LOAM,3.2893935456271755,0.5171158359240252,0.47547169811320755,0.2260733357066572,0.3906934775242112,1.2452378129374844,1.1162526431164383,0.8620301886792453,-1.0860156814081232,19.95585258661528,1.711636079604147,2.052258834053973
442,21.0,M. H. Mohammadi,Iran,36.941043,48.070055,7_9,46.68,32.27,21.05,0.782,,0.012313152918372134,14.738120761646927,1,6,CLAY,1.0657953344567679,0.027673814775116587,,,,1.358910657539916,,,-1.909630726944849,14.738120761646927,,0.450942587832048
443,21.0,M. H. Mohammadi,Iran,36.941043,48.070055,7_9,46.68,32.27,21.05,0.782,,0.012313152918372134,14.738120761646927,1,6,CLAY,1.0657953344567679,0.027673814775116587,,,,1.358910657539916,,,-1.909630726944849,14.738120761646927,,0.450942587832048
444,21.0,M. H. Mohammadi,Iran,36.941043,48.070055,7_9,46.68,32.27,21.05,0.782,,0.012313152918372134,14.738120761646927,1,6,CLAY,1.0657953344567679,0.027673814775116587,,,,1.358910657539916,,,-1.909630726944849,14.738120761646927,,0.450942587832048
445,21.0,M. H. Mohammadi,Iran,36.941043,48.070055,7_9,50.21,30.17,19.62,1.563,,0.01041361413831994,14.474238697917738,1,1,CLAY,1.57351576768981,0.196871099194817,,,,1.2710187757785063,,,-1.9823985185273385,14.474238697917738,,0.39075881298546106
446,21.0,M. H. Mohammadi,Iran,36.941043,48.070055,7_9,50.21,30.17,19.62,1.563,,0.01041361413831994,14.474238697917738,1,1,CLAY,1.57351576768981,0.196871099194817,,,,1.2710187757785063,,,-1.9823985185273385,14.474238697917738,,0.39075881298546106
447,21.0,M. H. Mohammadi,Iran,36.941043,48.070055,7_9,33.48,31.52,35.0,1.97,,0.031604793143122915,17.650107982366027,1,6,CLAY LOAM,0.018277449402417514,-1.7380844096821606,,,,1.2295752822595631,,,-1.5002470478324772,17.650107982366027,,1.045400238948626
448,21.0,M. H. Mohammadi,Iran,36.941043,48.070055,7_9,33.48,31.52,35.0,1.97,,0.031604793143122915,17.650107982366027,1,6,CLAY LOAM,0.018277449402417514,-1.7380844096821606,,,,1.2295752822595631,,,-1.5002470478324772,17.650107982366027,,1.045400238948626
449,21.0,M. H. Mohammadi,Iran,36.941043,48.070055,7_9,33.48,31.52,35.0,1.97,,0.031604793143122915,17.650107982366027,1,6,CLAY LOAM,0.018277449402417514,-1.7380844096821606,,,,1.2295752822595631,,,-1.5002470478324772,17.650107982366027,,1.045400238948626
450,21.0,M. H. Mohammadi,Iran,36.941043,48.070055,7_9,46.728,31.372,21.9,0.095,,0.012683933757810191,15.189742826866613,1,1,CLAY,7.419992248824646,0.8704034516005308,,,,1.4469239365147113,,,-1.8967460347537968,15.189742826866613,,0.46866974833076525
451,21.0,M. H. Mohammadi,Iran,36.941043,48.070055,7_9,46.728,31.372,21.9,0.095,,0.012683933757810191,15.189742826866613,1,1,CLAY,7.419992248824646,0.8704034516005308,,,,1.4469239365147113,,,-1.8967460347537968,15.189742826866613,,0.46866974833076525
452,21.0,M. H. Mohammadi,Iran,36.941043,48.070055,7_9,14.360000000000001,15.43,70.21,0.251,,0.21486199976533693,12.909494259277107,1,6,SANDY LOAM,0.48678215069381553,-0.31266535484070374,,,,1.4259524030803226,,,-0.6678403865165389,12.909494259277107,,4.889275766016712
453,21.0,M. H. Mohammadi,Iran,36.941043,48.070055,7_9,14.360000000000001,15.43,70.21,0.251,,0.21486199976533693,12.909494259277107,1,6,SANDY LOAM,0.48678215069381553,-0.31266535484070374,,,,1.4259524030803226,,,-0.6678403865165389,12.909494259277107,,4.889275766016712
454,21.0,M. H. Mohammadi,Iran,36.941043,48.070055,7_9,14.360000000000001,15.43,70.21,0.251,,0.21486199976533693,12.909494259277107,1,6,SANDY LOAM,0.48678215069381553,-0.31266535484070374,,,,1.4259524030803226,,,-0.6678403865165389,12.909494259277107,,4.889275766016712
455,21.0,M. H. Mohammadi,Iran,36.941043,48.070055,7_9,16.5,20.84,62.66,0.47,,0.15184483352697956,14.353215006844083,1,1,SANDY LOAM,6.78041498219555,0.8312562748349627,,,,1.3975168900753074,,,-0.8185999802283965,14.353215006844083,,3.7975757575757574
456,21.0,M. H. Mohammadi,Iran,36.941043,48.070055,7_9,16.5,20.84,62.66,0.47,,0.15184483352697956,14.353215006844083,1,1,SANDY LOAM,6.78041498219555,0.8312562748349627,,,,1.3975168900753074,,,-0.8185999802283965,14.353215006844083,,3.7975757575757574
457,21.0,M. H. Mohammadi,Iran,36.941043,48.070055,7_9,35.64,34.47,29.89,3.047,,0.02441443489532406,16.37046600113339,1,6,CLAY LOAM,0.20572228932374204,-0.6867186513977278,,,,1.131910543893632,,,-1.612353323588858,16.37046600113339,,0.8386644219977554
458,21.0,M. H. Mohammadi,Iran,36.941043,48.070055,7_9,35.64,34.47,29.89,3.047,,0.02441443489532406,16.37046600113339,1,6,CLAY LOAM,0.20572228932374204,-0.6867186513977278,,,,1.131910543893632,,,-1.612353323588858,16.37046600113339,,0.8386644219977554
459,21.0,M. H. Mohammadi,Iran,36.941043,48.070055,7_9,35.64,34.47,29.89,3.047,,0.02441443489532406,16.37046600113339,1,6,CLAY LOAM,0.20572228932374204,-0.6867186513977278,,,,1.131910543893632,,,-1.612353323588858,16.37046600113339,,0.8386644219977554
460,21.0,M. H. Mohammadi,Iran,36.941043,48.070055,7_9,28.35,42.37,29.28,1.126,,0.0302736060612831,13.932929477909804,1,1,CLAY LOAM,0.78125376447163,-0.1072078769946622,,,,1.3187440889828534,,,-1.5189358446780534,13.932929477909804,,1.0328042328042328
461,21.0,M. H. Mohammadi,Iran,36.941043,48.070055,7_9,28.35,42.37,29.28,1.126,,0.0302736060612831,13.932929477909804,1,1,CLAY LOAM,0.78125376447163,-0.1072078769946622,,,,1.3187440889828534,,,-1.5189358446780534,13.932929477909804,,1.0328042328042328
462,21.0,M. H. Mohammadi,Iran,36.941043,48.070055,7_9,40.24,27.16,32.58,2.656,1.29,0.023216705724075776,18.96858054413273,1,6,CLAY,0.0258491377287458,-1.5875539394517968,0.5132075471698113,0.26338198647205413,0.5704156476445424,1.165520156729115,1.1068019652446184,1.363079245283019,-1.6341994033464862,18.96858054413273,0.779623905395077,0.8096421471172961
463,21.0,M. H. Mohammadi,Iran,36.941043,48.070055,7_9,40.24,27.16,32.58,2.656,1.29,0.023216705724075776,18.96858054413273,1,6,CLAY,0.0258491377287458,-1.5875539394517968,0.5132075471698113,0.26338198647205413,0.5704156476445424,1.165520156729115,1.1068019652446184,1.363079245283019,-1.6341994033464862,18.96858054413273,0.779623905395077,0.8096421471172961
464,21.0,M. H. Mohammadi,Iran,36.941043,48.070055,7_9,40.24,27.16,32.58,2.656,1.29,0.023216705724075776,18.96858054413273,1,6,CLAY,0.0258491377287458,-1.5875539394517968,0.5132075471698113,0.26338198647205413,0.5704156476445424,1.165520156729115,1.1068019652446184,1.363079245283019,-1.6341994033464862,18.96858054413273,0.779623905395077,0.8096421471172961
465,21.0,M. H. Mohammadi,Iran,36.941043,48.070055,7_9,40.34,31.97,27.699999999999996,0.845,1.28,0.0193213509955052,16.717525270006533,1,1,CLAY,1.4008870329380603,0.14640311533594286,0.5169811320754717,0.26726949092203633,0.5922374797317217,1.3513725659422293,0.947185130332681,0.43684905660377354,-1.7139625099402087,16.717525270006533,0.6364021498689612,0.686663361427863
466,21.0,M. H. Mohammadi,Iran,36.941043,48.070055,7_9,40.34,31.97,27.699999999999996,0.845,1.28,0.0193213509955052,16.717525270006533,1,1,CLAY,1.4008870329380603,0.14640311533594286,0.5169811320754717,0.26726949092203633,0.5922374797317217,1.3513725659422293,0.947185130332681,0.43684905660377354,-1.7139625099402087,16.717525270006533,0.6364021498689612,0.686663361427863
1113,42.0,K. Bohne,Germany,54.083346,12.133333,10_2,3.0,13.0,84.0,,1.42,0.5163623660832207,5.213727812162233,2,-1,LOAMY SAND,45.8,1.6608654780038692,0.4641509433962264,0.21543609825560697,0.34825132030556977,,,,-0.2870454178347043,5.213727812162233,3.259633217458567,28.0
1114,42.0,K. Bohne,Germany,54.083346,12.133333,10_2,,,,,1.39,,,2,-1,,0.917,-0.03763066432997889,0.47547169811320755,0.2260733357066572,0.3906934775242112,,,,,,,
1115,42.0,K. Bohne,Germany,54.083346,12.133333,10_2,11.0,27.0,62.0,,1.82,0.1772930047595128,11.237792118515221,2,-1,SANDY LOAM,4.7,0.6720978579357175,0.31320754716981125,0.09809896760412953,0.06513968097007693,,,,-0.75130839950498,11.237792118515221,1.6030601097240067,5.636363636363637
1116,42.0,K. Bohne,Germany,54.083346,12.133333,10_2,7.3,26.4,66.3,,1.54,0.2342409855381315,9.135439566049456,2,-1,SANDY LOAM,65.5,1.816241299991783,0.4188679245283019,0.17545033819864722,0.21761138885618186,,,,-0.6303371133809584,9.135439566049456,2.3688386755010242,9.082191780821917
1117,42.0,K. Bohne,Germany,54.083346,12.133333,10_2,7.3,26.4,66.3,,1.42,0.2342409855381315,9.135439566049456,2,-1,SANDY LOAM,16.4,1.2148438480476977,0.4641509433962264,0.21543609825560697,0.34825132030556977,,,,-0.6303371133809584,9.135439566049456,2.573049826366059,9.082191780821917
1118,42.0,K. Bohne,Germany,54.083346,12.133333,10_2,16.1,81.6,2.3,1.02,1.35,0.01674421920363549,3.862323216242642,1,-1,SILTY LOAM,15.8,1.1986570869544226,0.49056603773584906,0.24065503737985047,0.45490074281129483,1.3308655630579012,1.014377437866928,0.5003773584905661,-1.7761350991518015,3.862323216242642,0.3974777292027899,0.14285714285714282
1119,42.0,K. Bohne,Germany,54.083346,12.133333,10_2,16.1,81.6,2.3,,1.3,0.01674421920363549,3.862323216242642,1,-1,SILTY LOAM,15.75,1.1972805581256194,0.5094339622641508,0.25952296190815227,0.5493747906665173,,,,-1.7761350991518015,3.862323216242642,0.4794298101436363,0.14285714285714282
1211,50.0,R. Sándor,Hungary,47.673,19.245,9_3,6.327500000000001,4.6075,89.06750000000001,,1.5625000000000002,0.5580798932131597,6.139641082817431,7,1,SAND,6.111666666666667,0.7861596595769591,0.4103773584905659,0.16840957636169443,0.19879335849056573,,,,-0.2533036241844271,6.139641082817431,3.083625904054839,14.076254444883446
1212,50.0,R. Sándor,Hungary,47.673,19.245,9_3,6.327500000000001,4.6075,89.06750000000001,,1.5625000000000002,0.5580798932131597,6.139641082817431,7,1,SAND,6.111666666666667,0.7861596595769591,0.4103773584905659,0.16840957636169443,0.19879335849056573,,,,-0.2533036241844271,6.139641082817431,3.083625904054839,14.076254444883446
1213,50.0,R. Sándor,Hungary,47.673,19.245,9_3,6.327500000000001,4.6075,89.06750000000001,,1.5625000000000002,0.5580798932131597,6.139641082817431,7,1,SAND,6.111666666666667,0.7861596595769591,0.4103773584905659,0.16840957636169443,0.19879335849056573,,,,-0.2533036241844271,6.139641082817431,3.083625904054839,14.076254444883446
1214,50.0,R. Sándor,Hungary,47.673,19.245,9_3,6.327500000000001,4.6075,89.06750000000001,,1.5625000000000002,0.5580798932131597,6.139641082817431,7,1,SAND,6.111666666666667,0.7861596595769591,0.4103773584905659,0.16840957636169443,0.19879335849056573,,,,-0.2533036241844271,6.139641082817431,3.083625904054839,14.076254444883446
1215,50.0,R. Sándor,Hungary,47.673,19.245,9_3,6.327500000000001,4.6075,89.06750000000001,,1.5625000000000002,0.5580798932131597,6.139641082817431,7,1,SAND,6.111666666666667,0.7861596595769591,0.4103773584905659,0.16840957636169443,0.19879335849056573,,,,-0.2533036241844271,6.139641082817431,3.083625904054839,14.076254444883446
1216,50.0,R. Sándor,Hungary,47.673,19.245,9_3,6.327500000000001,4.6075,89.06750000000001,,1.5625000000000002,0.5580798932131597,6.139641082817431,7,1,SAND,6.111666666666667,0.7861596595769591,0.4103773584905659,0.16840957636169443,0.19879335849056573,,,,-0.2533036241844271,6.139641082817431,3.083625904054839,14.076254444883446
1217,50.0,R. Sándor,Hungary,47.673,19.245,9_3,6.327500000000001,4.6075,89.06750000000001,,1.5625000000000002,0.5580798932131597,6.139641082817431,7,1,SAND,6.111666666666667,0.7861596595769591,0.4103773584905659,0.16840957636169443,0.19879335849056573,,,,-0.2533036241844271,6.139641082817431,3.083625904054839,14.076254444883446
1218,50.0,R. Sándor,Hungary,47.673,19.245,9_3,6.327500000000001,4.6075,89.06750000000001,,1.5625000000000002,0.5580798932131597,6.139641082817431,7,1,SAND,6.111666666666667,0.7861596595769591,0.4103773584905659,0.16840957636169443,0.19879335849056573,,,,-0.2533036241844271,6.139641082817431,3.083625904054839,14.076254444883446
1219,50.0,R. Sándor,Hungary,47.673,19.245,9_3,6.327500000000001,4.6075,89.06750000000001,,1.5625000000000002,0.5580798932131597,6.139641082817431,7,1,SAND,6.111666666666667,0.7861596595769591,0.4103773584905659,0.16840957636169443,0.19879335849056573,,,,-0.2533036241844271,6.139641082817431,3.083625904054839,14.076254444883446
1220,50.0,R. Sándor,Hungary,47.673,19.245,9_3,6.327500000000001,4.6075,89.06750000000001,,1.5625000000000002,0.5580798932131597,6.139641082817431,7,1,SAND,6.111666666666667,0.7861596595769591,0.4103773584905659,0.16840957636169443,0.19879335849056573,,,,-0.2533036241844271,6.139641082817431,3.083625904054839,14.076254444883446
1221,50.0,R. Sándor,Hungary,47.673,19.245,9_3,6.327500000000001,4.6075,89.06750000000001,,1.5625000000000002,0.5580798932131597,6.139641082817431,7,1,SAND,6.111666666666667,0.7861596595769591,0.4103773584905659,0.16840957636169443,0.19879335849056573,,,,-0.2533036241844271,6.139641082817431,3.083625904054839,14.076254444883446
1222,50.0,R. Sándor,Hungary,47.673,19.245,9_3,6.327500000000001,4.6075,89.06750000000001,,1.5625000000000002,0.5580798932131597,6.139641082817431,7,1,SAND,6.111666666666667,0.7861596595769591,0.4103773584905659,0.16840957636169443,0.19879335849056573,,,,-0.2533036241844271,6.139641082817431,3.083625904054839,14.076254444883446
1223,50.0,R. Sándor,Hungary,47.673,19.245,9_3,6.327500000000001,4.6075,89.06750000000001,,1.5625000000000002,0.5580798932131597,6.139641082817431,7,1,SAND,6.111666666666667,0.7861596595769591,0.4103773584905659,0.16840957636169443,0.19879335849056573,,,,-0.2533036241844271,6.139641082817431,3.083625904054839,14.076254444883446
1224,50.0,R. Sándor,Hungary,47.673,19.245,9_3,6.327500000000001,4.6075,89.06750000000001,,1.5625000000000002,0.5580798932131597,6.139641082817431,7,1,SAND,6.111666666666667,0.7861596595769591,0.4103773584905659,0.16840957636169443,0.19879335849056573,,,,-0.2533036241844271,6.139641082817431,3.083625904054839,14.076254444883446
1225,50.0,R. Sándor,Hungary,47.673,19.245,9_3,6.327500000000001,4.6075,89.06750000000001,,1.5625000000000002,0.5580798932131597,6.139641082817431,7,1,SAND,6.111666666666667,0.7861596595769591,0.4103773584905659,0.16840957636169443,0.19879335849056573,,,,-0.2533036241844271,6.139641082817431,3.083625904054839,14.076254444883446
1226,50.0,R. Sándor,Hungary,47.673,19.245,9_3,6.327500000000001,4.6075,89.06750000000001,,1.5625000000000002,0.5580798932131597,6.139641082817431,7,1,SAND,6.111666666666667,0.7861596595769591,0.4103773584905659,0.16840957636169443,0.19879335849056573,,,,-0.2533036241844271,6.139641082817431,3.083625904054839,14.076254444883446
1227,50.0,R. Sándor,Hungary,47.673,19.245,9_3,6.327500000000001,4.6075,89.06750000000001,,1.5625000000000002,0.5580798932131597,6.139641082817431,7,1,SAND,6.111666666666667,0.7861596595769591,0.4103773584905659,0.16840957636169443,0.19879335849056573,,,,-0.2533036241844271,6.139641082817431,3.083625904054839,14.076254444883446
1228,50.0,R. Sándor,Hungary,47.673,19.245,9_3,6.327500000000001,4.6075,89.06750000000001,,1.5625000000000002,0.5580798932131597,6.139641082817431,7,1,SAND,6.111666666666667,0.7861596595769591,0.4103773584905659,0.16840957636169443,0.19879335849056573,,,,-0.2533036241844271,6.139641082817431,3.083625904054839,14.076254444883446
1229,50.0,R. Sándor,Hungary,47.673,19.245,9_3,6.327500000000001,4.6075,89.06750000000001,,1.5625000000000002,0.5580798932131597,6.139641082817431,7,1,SAND,6.111666666666667,0.7861596595769591,0.4103773584905659,0.16840957636169443,0.19879335849056573,,,,-0.2533036241844271,6.139641082817431,3.083625904054839,14.076254444883446
1230,50.0,R. Sándor,Hungary,47.673,19.245,9_3,6.327500000000001,4.6075,89.06750000000001,,1.5625000000000002,0.5580798932131597,6.139641082817431,7,1,SAND,6.111666666666667,0.7861596595769591,0.4103773584905659,0.16840957636169443,0.19879335849056573,,,,-0.2533036241844271,6.139641082817431,3.083625904054839,14.076254444883446
1231,50.0,R. Sándor,Hungary,47.673,19.245,9_3,6.327500000000001,4.6075,89.06750000000001,,1.5625000000000002,0.5580798932131597,6.139641082817431,7,1,SAND,6.111666666666667,0.7861596595769591,0.4103773584905659,0.16840957636169443,0.19879335849056573,,,,-0.2533036241844271,6.139641082817431,3.083625904054839,14.076254444883446
1232,50.0,R. Sándor,Hungary,47.673,19.245,9_3,6.327500000000001,4.6075,89.06750000000001,,1.5625000000000002,0.5580798932131597,6.139641082817431,7,1,SAND,6.111666666666667,0.7861596595769591,0.4103773584905659,0.16840957636169443,0.19879335849056573,,,,-0.2533036241844271,6.139641082817431,3.083625904054839,14.076254444883446
1233,50.0,R. Sándor,Hungary,47.673,19.245,9_3,6.327500000000001,4.6075,89.06750000000001,,1.5625000000000002,0.5580798932131597,6.139641082817431,7,1,SAND,6.111666666666667,0.7861596595769591,0.4103773584905659,0.16840957636169443,0.19879335849056573,,,,-0.2533036241844271,6.139641082817431,3.083625904054839,14.076254444883446
1234,50.0,R. Sándor,Hungary,47.673,19.245,9_3,6.327500000000001,4.6075,89.06750000000001,,1.5625000000000002,0.5580798932131597,6.139641082817431,7,1,SAND,6.111666666666667,0.7861596595769591,0.4103773584905659,0.16840957636169443,0.19879335849056573,,,,-0.2533036241844271,6.139641082817431,3.083625904054839,14.076254444883446
1235,50.0,R. Sándor,Hungary,47.673,19.245,9_3,6.327500000000001,4.6075,89.06750000000001,,1.5625000000000002,0.5580798932131597,6.139641082817431,7,1,SAND,6.111666666666667,0.7861596595769591,0.4103773584905659,0.16840957636169443,0.19879335849056573,,,,-0.2533036241844271,6.139641082817431,3.083625904054839,14.076254444883446
1236,50.0,R. Sándor,Hungary,47.673,19.245,9_3,6.327500000000001,4.6075,89.06750000000001,,1.5625000000000002,0.5580798932131597,6.139641082817431,7,1,SAND,6.111666666666667,0.7861596595769591,0.4103773584905659,0.16840957636169443,0.19879335849056573,,,,-0.2533036241844271,6.139641082817431,3.083625904054839,14.076254444883446
1237,50.0,R. Sándor,Hungary,47.673,19.245,9_3,6.327500000000001,4.6075,89.06750000000001,,1.5625000000000002,0.5580798932131597,6.139641082817431,7,1,SAND,6.111666666666667,0.7861596595769591,0.4103773584905659,0.16840957636169443,0.19879335849056573,,,,-0.2533036241844271,6.139641082817431,3.083625904054839,14.076254444883446
1238,50.0,R. Sándor,Hungary,47.673,19.245,9_3,6.327500000000001,4.6075,89.06750000000001,,1.5625000000000002,0.5580798932131597,6.139641082817431,7,1,SAND,6.111666666666667,0.7861596595769591,0.4103773584905659,0.16840957636169443,0.19879335849056573,,,,-0.2533036241844271,6.139641082817431,3.083625904054839,14.076254444883446
1239,50.0,R. Sándor,Hungary,47.673,19.245,9_3,6.327500000000001,4.6075,89.06750000000001,,1.5625000000000002,0.5580798932131597,6.139641082817431,7,1,SAND,6.111666666666667,0.7861596595769591,0.4103773584905659,0.16840957636169443,0.19879335849056573,,,,-0.2533036241844271,6.139641082817431,3.083625904054839,14.076254444883446
1240,50.0,R. Sándor,Hungary,47.673,19.245,9_3,6.327500000000001,4.6075,89.06750000000001,,1.5625000000000002,0.5580798932131597,6.139641082817431,7,1,SAND,6.111666666666667,0.7861596595769591,0.4103773584905659,0.16840957636169443,0.19879335849056573,,,,-0.2533036241844271,6.139641082817431,3.083625904054839,14.076254444883446
1241,50.0,R. Sándor,Hungary,47.673,19.245,9_3,6.327500000000001,4.6075,89.06750000000001,,1.5625000000000002,0.5580798932131597,6.139641082817431,7,1,SAND,6.111666666666667,0.7861596595769591,0.4103773584905659,0.16840957636169443,0.19879335849056573,,,,-0.2533036241844271,6.139641082817431,3.083625904054839,14.076254444883446
1242,50.0,R. Sándor,Hungary,47.673,19.245,9_3,6.327500000000001,4.6075,89.06750000000001,,1.5625000000000002,0.5580798932131597,6.139641082817431,7,1,SAND,6.111666666666667,0.7861596595769591,0.4103773584905659,0.16840957636169443,0.19879335849056573,,,,-0.2533036241844271,6.139641082817431,3.083625904054839,14.076254444883446
1243,50.0,R. Sándor,Hungary,47.673,19.245,9_3,6.327500000000001,4.6075,89.06750000000001,,1.5625000000000002,0.5580798932131597,6.139641082817431,7,1,SAND,6.111666666666667,0.7861596595769591,0.4103773584905659,0.16840957636169443,0.19879335849056573,,,,-0.2533036241844271,6.139641082817431,3.083625904054839,14.076254444883446
1244,50.0,R. Sándor,Hungary,47.673,19.245,9_3,6.327500000000001,4.6075,89.06750000000001,,1.5625000000000002,0.5580798932131597,6.139641082817431,7,1,SAND,6.111666666666667,0.7861596595769591,0.4103773584905659,0.16840957636169443,0.19879335849056573,,,,-0.2533036241844271,6.139641082817431,3.083625904054839,14.076254444883446
1245,50.0,R. Sándor,Hungary,47.673,19.245,9_3,6.327500000000001,4.6075,89.06750000000001,,1.5625000000000002,0.5580798932131597,6.139641082817431,7,1,SAND,6.111666666666667,0.7861596595769591,0.4103773584905659,0.16840957636169443,0.19879335849056573,,,,-0.2533036241844271,6.139641082817431,3.083625904054839,14.076254444883446
1246,50.0,R. Sándor,Hungary,47.673,19.245,9_3,6.327500000000001,4.6075,89.06750000000001,,1.5625000000000002,0.5580798932131597,6.139641082817431,7,1,SAND,6.111666666666667,0.7861596595769591,0.4103773584905659,0.16840957636169443,0.19879335849056573,,,,-0.2533036241844271,6.139641082817431,3.083625904054839,14.076254444883446
1247,50.0,R. Sándor,Hungary,47.673,19.245,9_3,6.327500000000001,4.6075,89.06750000000001,,1.5625000000000002,0.5580798932131597,6.139641082817431,7,1,SAND,6.111666666666667,0.7861596595769591,0.4103773584905659,0.16840957636169443,0.19879335849056573,,,,-0.2533036241844271,6.139641082817431,3.083625904054839,14.076254444883446
1248,50.0,R. Sándor,Hungary,47.673,19.245,9_3,6.327500000000001,4.6075,89.06750000000001,,1.5625000000000002,0.5580798932131597,6.139641082817431,7,1,SAND,6.111666666666667,0.7861596595769591,0.4103773584905659,0.16840957636169443,0.19879335849056573,,,,-0.2533036241844271,6.139641082817431,3.083625904054839,14.076254444883446
1249,50.0,R. Sándor,Hungary,47.673,19.245,9_3,6.327500000000001,4.6075,89.06750000000001,,1.5625000000000002,0.5580798932131597,6.139641082817431,7,1,SAND,6.111666666666667,0.7861596595769591,0.4103773584905659,0.16840957636169443,0.19879335849056573,,,,-0.2533036241844271,6.139641082817431,3.083625904054839,14.076254444883446
1250,50.0,R. Sándor,Hungary,47.673,19.245,9_3,6.327500000000001,4.6075,89.06750000000001,,1.5625000000000002,0.5580798932131597,6.139641082817431,7,1,SAND,6.111666666666667,0.7861596595769591,0.4103773584905659,0.16840957636169443,0.19879335849056573,,,,-0.2533036241844271,6.139641082817431,3.083625904054839,14.076254444883446
1251,50.0,R. Sándor,Hungary,47.673,19.245,9_3,6.327500000000001,4.6075,89.06750000000001,,1.5625000000000002,0.5580798932131597,6.139641082817431,7,1,SAND,6.111666666666667,0.7861596595769591,0.4103773584905659,0.16840957636169443,0.19879335849056573,,,,-0.2533036241844271,6.139641082817431,3.083625904054839,14.076254444883446
1252,50.0,R. Sándor,Hungary,47.673,19.245,9_3,6.327500000000001,4.6075,89.06750000000001,,1.5625000000000002,0.5580798932131597,6.139641082817431,7,1,SAND,6.111666666666667,0.7861596595769591,0.4103773584905659,0.16840957636169443,0.19879335849056573,,,,-0.2533036241844271,6.139641082817431,3.083625904054839,14.076254444883446
1253,50.0,R. Sándor,Hungary,47.673,19.245,9_3,6.327500000000001,4.6075,89.06750000000001,,1.5625000000000002,0.5580798932131597,6.139641082817431,7,1,SAND,6.111666666666667,0.7861596595769591,0.4103773584905659,0.16840957636169443,0.19879335849056573,,,,-0.2533036241844271,6.139641082817431,3.083625904054839,14.076254444883446
1254,50.0,R. Sándor,Hungary,47.673,19.245,9_3,6.327500000000001,4.6075,89.06750000000001,,1.5625000000000002,0.5580798932131597,6.139641082817431,7,1,SAND,6.111666666666667,0.7861596595769591,0.4103773584905659,0.16840957636169443,0.19879335849056573,,,,-0.2533036241844271,6.139641082817431,3.083625904054839,14.076254444883446
1255,50.0,R. Sándor,Hungary,47.673,19.245,9_3,6.327500000000001,4.6075,89.06750000000001,,1.5625000000000002,0.5580798932131597,6.139641082817431,7,1,SAND,6.111666666666667,0.7861596595769591,0.4103773584905659,0.16840957636169443,0.19879335849056573,,,,-0.2533036241844271,6.139641082817431,3.083625904054839,14.076254444883446
1256,50.0,R. Sándor,Hungary,47.673,19.245,9_3,6.327500000000001,4.6075,89.06750000000001,,1.5625000000000002,0.5580798932131597,6.139641082817431,7,1,SAND,6.111666666666667,0.7861596595769591,0.4103773584905659,0.16840957636169443,0.19879335849056573,,,,-0.2533036241844271,6.139641082817431,3.083625904054839,14.076254444883446
1257,50.0,R. Sándor,Hungary,47.673,19.245,9_3,6.327500000000001,4.6075,89.06750000000001,,1.5625000000000002,0.5580798932131597,6.139641082817431,7,1,SAND,6.111666666666667,0.7861596595769591,0.4103773584905659,0.16840957636169443,0.19879335849056573,,,,-0.2533036241844271,6.139641082817431,3.083625904054839,14.076254444883446
1258,50.0,R. Sándor,Hungary,47.673,19.245,9_3,6.327500000000001,4.6075,89.06750000000001,,1.5625000000000002,0.5580798932131597,6.139641082817431,7,1,SAND,6.111666666666667,0.7861596595769591,0.4103773584905659,0.16840957636169443,0.19879335849056573,,,,-0.2533036241844271,6.139641082817431,3.083625904054839,14.076254444883446
1259,50.0,R. Sándor,Hungary,47.673,19.245,9_3,6.327500000000001,4.6075,89.06750000000001,,1.5625000000000002,0.5580798932131597,6.139641082817431,7,1,SAND,6.111666666666667,0.7861596595769591,0.4103773584905659,0.16840957636169443,0.19879335849056573,,,,-0.2533036241844271,6.139641082817431,3.083625904054839,14.076254444883446
1260,50.0,R. Sándor,Hungary,47.673,19.245,9_3,6.327500000000001,4.6075,89.06750000000001,,1.5625000000000002,0.5580798932131597,6.139641082817431,7,1,SAND,6.111666666666667,0.7861596595769591,0.4103773584905659,0.16840957636169443,0.19879335849056573,,,,-0.2533036241844271,6.139641082817431,3.083625904054839,14.076254444883446
1261,50.0,R. Sándor,Hungary,47.673,19.245,9_3,6.327500000000001,4.6075,89.06750000000001,,1.5625000000000002,0.5580798932131597,6.139641082817431,7,1,SAND,6.111666666666667,0.7861596595769591,0.4103773584905659,0.16840957636169443,0.19879335849056573,,,,-0.2533036241844271,6.139641082817431,3.083625904054839,14.076254444883446
1262,50.0,R. Sándor,Hungary,47.673,19.245,9_3,6.327500000000001,4.6075,89.06750000000001,,1.5625000000000002,0.5580798932131597,6.139641082817431,7,1,SAND,6.111666666666667,0.7861596595769591,0.4103773584905659,0.16840957636169443,0.19879335849056573,,,,-0.2533036241844271,6.139641082817431,3.083625904054839,14.076254444883446
1263,50.0,R. Sándor,Hungary,47.673,19.245,9_3,6.327500000000001,4.6075,89.06750000000001,,1.5625000000000002,0.5580798932131597,6.139641082817431,7,1,SAND,6.111666666666667,0.7861596595769591,0.4103773584905659,0.16840957636169443,0.19879335849056573,,,,-0.2533036241844271,6.139641082817431,3.083625904054839,14.076254444883446
1264,50.0,R. Sándor,Hungary,47.673,19.245,9_3,6.327500000000001,4.6075,89.06750000000001,,1.5625000000000002,0.5580798932131597,6.139641082817431,7,1,SAND,6.111666666666667,0.7861596595769591,0.4103773584905659,0.16840957636169443,0.19879335849056573,,,,-0.2533036241844271,6.139641082817431,3.083625904054839,14.076254444883446
1265,50.0,R. Sándor,Hungary,47.673,19.245,9_3,6.327500000000001,4.6075,89.06750000000001,,1.5625000000000002,0.5580798932131597,6.139641082817431,7,1,SAND,6.111666666666667,0.7861596595769591,0.4103773584905659,0.16840957636169443,0.19879335849056573,,,,-0.2533036241844271,6.139641082817431,3.083625904054839,14.076254444883446
1266,50.0,R. Sándor,Hungary,47.673,19.245,9_3,6.327500000000001,4.6075,89.06750000000001,,1.5625000000000002,0.5580798932131597,6.139641082817431,7,1,SAND,6.111666666666667,0.7861596595769591,0.4103773584905659,0.16840957636169443,0.19879335849056573,,,,-0.2533036241844271,6.139641082817431,3.083625904054839,14.076254444883446
1267,50.0,R. Sándor,Hungary,47.673,19.245,9_3,6.327500000000001,4.6075,89.06750000000001,,1.5625000000000002,0.5580798932131597,6.139641082817431,7,1,SAND,6.111666666666667,0.7861596595769591,0.4103773584905659,0.16840957636169443,0.19879335849056573,,,,-0.2533036241844271,6.139641082817431,3.083625904054839,14.076254444883446
1268,50.0,R. Sándor,Hungary,47.673,19.245,9_3,6.327500000000001,4.6075,89.06750000000001,,1.5625000000000002,0.5580798932131597,6.139641082817431,7,1,SAND,6.111666666666667,0.7861596595769591,0.4103773584905659,0.16840957636169443,0.19879335849056573,,,,-0.2533036241844271,6.139641082817431,3.083625904054839,14.076254444883446
1269,50.0,R. Sándor,Hungary,47.673,19.245,9_3,6.327500000000001,4.6075,89.06750000000001,,1.5625000000000002,0.5580798932131597,6.139641082817431,7,1,SAND,6.111666666666667,0.7861596595769591,0.4103773584905659,0.16840957636169443,0.19879335849056573,,,,-0.2533036241844271,6.139641082817431,3.083625904054839,14.076254444883446
1270,50.0,R. Sándor,Hungary,47.673,19.245,9_3,6.327500000000001,4.6075,89.06750000000001,,1.5625000000000002,0.5580798932131597,6.139641082817431,7,1,SAND,6.111666666666667,0.7861596595769591,0.4103773584905659,0.16840957636169443,0.19879335849056573,,,,-0.2533036241844271,6.139641082817431,3.083625904054839,14.076254444883446
1271,50.0,R. Sándor,Hungary,47.673,19.245,9_3,6.327500000000001,4.6075,89.06750000000001,,1.5625000000000002,0.5580798932131597,6.139641082817431,7,1,SAND,6.111666666666667,0.7861596595769591,0.4103773584905659,0.16840957636169443,0.19879335849056573,,,,-0.2533036241844271,6.139641082817431,3.083625904054839,14.076254444883446
1272,50.0,R. Sándor,Hungary,47.673,19.245,9_3,6.327500000000001,4.6075,89.06750000000001,,1.5625000000000002,0.5580798932131597,6.139641082817431,7,1,SAND,6.111666666666667,0.7861596595769591,0.4103773584905659,0.16840957636169443,0.19879335849056573,,,,-0.2533036241844271,6.139641082817431,3.083625904054839,14.076254444883446
1273,50.0,R. Sándor,Hungary,47.673,19.245,9_3,6.327500000000001,4.6075,89.06750000000001,,1.5625000000000002,0.5580798932131597,6.139641082817431,7,1,SAND,6.111666666666667,0.7861596595769591,0.4103773584905659,0.16840957636169443,0.19879335849056573,,,,-0.2533036241844271,6.139641082817431,3.083625904054839,14.076254444883446
1274,50.0,R. Sándor,Hungary,47.673,19.245,9_3,6.327500000000001,4.6075,89.06750000000001,,1.5625000000000002,0.5580798932131597,6.139641082817431,7,1,SAND,6.111666666666667,0.7861596595769591,0.4103773584905659,0.16840957636169443,0.19879335849056573,,,,-0.2533036241844271,6.139641082817431,3.083625904054839,14.076254444883446
1275,50.0,R. Sándor,Hungary,47.673,19.245,9_3,6.327500000000001,4.6075,89.06750000000001,,1.5625000000000002,0.5580798932131597,6.139641082817431,7,1,SAND,6.111666666666667,0.7861596595769591,0.4103773584905659,0.16840957636169443,0.19879335849056573,,,,-0.2533036241844271,6.139641082817431,3.083625904054839,14.076254444883446
1276,50.0,R. Sándor,Hungary,47.673,19.245,9_3,6.327500000000001,4.6075,89.06750000000001,,1.5625000000000002,0.5580798932131597,6.139641082817431,7,1,SAND,6.111666666666667,0.7861596595769591,0.4103773584905659,0.16840957636169443,0.19879335849056573,,,,-0.2533036241844271,6.139641082817431,3.083625904054839,14.076254444883446
1277,50.0,R. Sándor,Hungary,47.673,19.245,9_3,6.327500000000001,4.6075,89.06750000000001,,1.5625000000000002,0.5580798932131597,6.139641082817431,7,1,SAND,6.111666666666667,0.7861596595769591,0.4103773584905659,0.16840957636169443,0.19879335849056573,,,,-0.2533036241844271,6.139641082817431,3.083625904054839,14.076254444883446
1278,50.0,R. Sándor,Hungary,47.673,19.245,9_3,6.327500000000001,4.6075,89.06750000000001,,1.5625000000000002,0.5580798932131597,6.139641082817431,7,1,SAND,6.111666666666667,0.7861596595769591,0.4103773584905659,0.16840957636169443,0.19879335849056573,,,,-0.2533036241844271,6.139641082817431,3.083625904054839,14.076254444883446
1279,50.0,R. Sándor,Hungary,47.673,19.245,9_3,6.327500000000001,4.6075,89.06750000000001,,1.5625000000000002,0.5580798932131597,6.139641082817431,7,1,SAND,6.111666666666667,0.7861596595769591,0.4103773584905659,0.16840957636169443,0.19879335849056573,,,,-0.2533036241844271,6.139641082817431,3.083625904054839,14.076254444883446
1280,50.0,R. Sándor,Hungary,47.673,19.245,9_3,6.327500000000001,4.6075,89.06750000000001,,1.5625000000000002,0.5580798932131597,6.139641082817431,7,1,SAND,6.111666666666667,0.7861596595769591,0.4103773584905659,0.16840957636169443,0.19879335849056573,,,,-0.2533036241844271,6.139641082817431,3.083625904054839,14.076254444883446
1281,50.0,R. Sándor,Hungary,47.673,19.245,9_3,6.327500000000001,4.6075,89.06750000000001,,1.5625000000000002,0.5580798932131597,6.139641082817431,7,1,SAND,6.111666666666667,0.7861596595769591,0.4103773584905659,0.16840957636169443,0.19879335849056573,,,,-0.2533036241844271,6.139641082817431,3.083625904054839,14.076254444883446
1282,50.0,R. Sándor,Hungary,47.673,19.245,9_3,6.327500000000001,4.6075,89.06750000000001,,1.5625000000000002,0.5580798932131597,6.139641082817431,7,1,SAND,6.111666666666667,0.7861596595769591,0.4103773584905659,0.16840957636169443,0.19879335849056573,,,,-0.2533036241844271,6.139641082817431,3.083625904054839,14.076254444883446
1283,50.0,R. Sándor,Hungary,47.673,19.245,9_3,6.327500000000001,4.6075,89.06750000000001,,1.5625000000000002,0.5580798932131597,6.139641082817431,7,1,SAND,6.111666666666667,0.7861596595769591,0.4103773584905659,0.16840957636169443,0.19879335849056573,,,,-0.2533036241844271,6.139641082817431,3.083625904054839,14.076254444883446
1284,50.0,R. Sándor,Hungary,47.673,19.245,9_3,6.327500000000001,4.6075,89.06750000000001,,1.5625000000000002,0.5580798932131597,6.139641082817431,7,1,SAND,6.111666666666667,0.7861596595769591,0.4103773584905659,0.16840957636169443,0.19879335849056573,,,,-0.2533036241844271,6.139641082817431,3.083625904054839,14.076254444883446
1285,50.0,R. Sándor,Hungary,47.673,19.245,9_3,6.327500000000001,4.6075,89.06750000000001,,1.5625000000000002,0.5580798932131597,6.139641082817431,7,1,SAND,6.111666666666667,0.7861596595769591,0.4103773584905659,0.16840957636169443,0.19879335849056573,,,,-0.2533036241844271,6.139641082817431,3.083625904054839,14.076254444883446
1286,50.0,R. Sándor,Hungary,47.673,19.245,9_3,6.327500000000001,4.6075,89.06750000000001,,1.5625000000000002,0.5580798932131597,6.139641082817431,7,1,SAND,6.111666666666667,0.7861596595769591,0.4103773584905659,0.16840957636169443,0.19879335849056573,,,,-0.2533036241844271,6.139641082817431,3.083625904054839,14.076254444883446
1287,50.0,R. Sándor,Hungary,47.673,19.245,9_3,6.327500000000001,4.6075,89.06750000000001,,1.5625000000000002,0.5580798932131597,6.139641082817431,7,1,SAND,6.111666666666667,0.7861596595769591,0.4103773584905659,0.16840957636169443,0.19879335849056573,,,,-0.2533036241844271,6.139641082817431,3.083625904054839,14.076254444883446
1288,50.0,R. Sándor,Hungary,47.673,19.245,9_3,6.327500000000001,4.6075,89.06750000000001,,1.5625000000000002,0.5580798932131597,6.139641082817431,7,1,SAND,6.111666666666667,0.7861596595769591,0.4103773584905659,0.16840957636169443,0.19879335849056573,,,,-0.2533036241844271,6.139641082817431,3.083625904054839,14.076254444883446
1289,50.0,R. Sándor,Hungary,47.673,19.245,9_3,6.327500000000001,4.6075,89.06750000000001,,1.5625000000000002,0.5580798932131597,6.139641082817431,7,1,SAND,6.111666666666667,0.7861596595769591,0.4103773584905659,0.16840957636169443,0.19879335849056573,,,,-0.2533036241844271,6.139641082817431,3.083625904054839,14.076254444883446
1290,50.0,R. Sándor,Hungary,47.673,19.245,9_3,6.327500000000001,4.6075,89.06750000000001,,1.5625000000000002,0.5580798932131597,6.139641082817431,7,1,SAND,6.111666666666667,0.7861596595769591,0.4103773584905659,0.16840957636169443,0.19879335849056573,,,,-0.2533036241844271,6.139641082817431,3.083625904054839,14.076254444883446
1291,50.0,R. Sándor,Hungary,47.673,19.245,9_3,6.327500000000001,4.6075,89.06750000000001,,1.5625000000000002,0.5580798932131597,6.139641082817431,7,1,SAND,6.111666666666667,0.7861596595769591,0.4103773584905659,0.16840957636169443,0.19879335849056573,,,,-0.2533036241844271,6.139641082817431,3.083625904054839,14.076254444883446
1292,50.0,R. Sándor,Hungary,47.673,19.245,9_3,6.327500000000001,4.6075,89.06750000000001,,1.5625000000000002,0.5580798932131597,6.139641082817431,7,1,SAND,6.111666666666667,0.7861596595769591,0.4103773584905659,0.16840957636169443,0.19879335849056573,,,,-0.2533036241844271,6.139641082817431,3.083625904054839,14.076254444883446
1293,50.0,R. Sándor,Hungary,47.673,19.245,9_3,6.327500000000001,4.6075,89.06750000000001,,1.5625000000000002,0.5580798932131597,6.139641082817431,7,1,SAND,6.111666666666667,0.7861596595769591,0.4103773584905659,0.16840957636169443,0.19879335849056573,,,,-0.2533036241844271,6.139641082817431,3.083625904054839,14.076254444883446
1294,50.0,R. Sándor,Hungary,47.673,19.245,9_3,6.327500000000001,4.6075,89.06750000000001,,1.5625000000000002,0.5580798932131597,6.139641082817431,7,1,SAND,6.111666666666667,0.7861596595769591,0.4103773584905659,0.16840957636169443,0.19879335849056573,,,,-0.2533036241844271,6.139641082817431,3.083625904054839,14.076254444883446
1295,50.0,R. Sándor,Hungary,47.673,19.245,9_3,6.327500000000001,4.6075,89.06750000000001,,1.5625000000000002,0.5580798932131597,6.139641082817431,7,1,SAND,6.111666666666667,0.7861596595769591,0.4103773584905659,0.16840957636169443,0.19879335849056573,,,,-0.2533036241844271,6.139641082817431,3.083625904054839,14.076254444883446
1296,50.0,R. Sándor,Hungary,47.673,19.245,9_3,6.327500000000001,4.6075,89.06750000000001,,1.5625000000000002,0.5580798932131597,6.139641082817431,7,1,SAND,6.111666666666667,0.7861596595769591,0.4103773584905659,0.16840957636169443,0.19879335849056573,,,,-0.2533036241844271,6.139641082817431,3.083625904054839,14.076254444883446
1297,50.0,R. Sándor,Hungary,47.673,19.245,9_3,6.327500000000001,4.6075,89.06750000000001,,1.5625000000000002,0.5580798932131597,6.139641082817431,7,1,SAND,6.111666666666667,0.7861596595769591,0.4103773584905659,0.16840957636169443,0.19879335849056573,,,,-0.2533036241844271,6.139641082817431,3.083625904054839,14.076254444883446
1298,50.0,R. Sándor,Hungary,47.673,19.245,9_3,6.327500000000001,4.6075,89.06750000000001,,1.5625000000000002,0.5580798932131597,6.139641082817431,7,1,SAND,6.111666666666667,0.7861596595769591,0.4103773584905659,0.16840957636169443,0.19879335849056573,,,,-0.2533036241844271,6.139641082817431,3.083625904054839,14.076254444883446
1299,50.0,R. Sándor,Hungary,47.673,19.245,9_3,6.327500000000001,4.6075,89.06750000000001,,1.5625000000000002,0.5580798932131597,6.139641082817431,7,1,SAND,6.111666666666667,0.7861596595769591,0.4103773584905659,0.16840957636169443,0.19879335849056573,,,,-0.2533036241844271,6.139641082817431,3.083625904054839,14.076254444883446
1300,50.0,R. Sándor,Hungary,47.673,19.245,9_3,6.327500000000001,4.6075,89.06750000000001,,1.5625000000000002,0.5580798932131597,6.139641082817431,7,1,SAND,6.111666666666667,0.7861596595769591,0.4103773584905659,0.16840957636169443,0.19879335849056573,,,,-0.2533036241844271,6.139641082817431,3.083625904054839,14.076254444883446
1301,50.0,R. Sándor,Hungary,47.673,19.245,9_3,6.327500000000001,4.6075,89.06750000000001,,1.5625000000000002,0.5580798932131597,6.139641082817431,7,1,SAND,6.111666666666667,0.7861596595769591,0.4103773584905659,0.16840957636169443,0.19879335849056573,,,,-0.2533036241844271,6.139641082817431,3.083625904054839,14.076254444883446
1302,50.0,R. Sándor,Hungary,47.673,19.245,9_3,6.327500000000001,4.6075,89.06750000000001,,1.5625000000000002,0.5580798932131597,6.139641082817431,7,1,SAND,6.111666666666667,0.7861596595769591,0.4103773584905659,0.16840957636169443,0.19879335849056573,,,,-0.2533036241844271,6.139641082817431,3.083625904054839,14.076254444883446
1303,50.0,R. Sándor,Hungary,47.673,19.245,9_3,6.327500000000001,4.6075,89.06750000000001,,1.5625000000000002,0.5580798932131597,6.139641082817431,7,1,SAND,6.111666666666667,0.7861596595769591,0.4103773584905659,0.16840957636169443,0.19879335849056573,,,,-0.2533036241844271,6.139641082817431,3.083625904054839,14.076254444883446
1304,50.0,R. Sándor,Hungary,47.673,19.245,9_3,6.327500000000001,4.6075,89.06750000000001,,1.5625000000000002,0.5580798932131597,6.139641082817431,7,1,SAND,6.111666666666667,0.7861596595769591,0.4103773584905659,0.16840957636169443,0.19879335849056573,,,,-0.2533036241844271,6.139641082817431,3.083625904054839,14.076254444883446
1305,50.0,R. Sándor,Hungary,47.673,19.245,9_3,6.327500000000001,4.6075,89.06750000000001,,1.5625000000000002,0.5580798932131597,6.139641082817431,7,1,SAND,6.111666666666667,0.7861596595769591,0.4103773584905659,0.16840957636169443,0.19879335849056573,,,,-0.2533036241844271,6.139641082817431,3.083625904054839,14.076254444883446
1306,50.0,R. Sándor,Hungary,47.673,19.245,9_3,6.327500000000001,4.6075,89.06750000000001,,1.5625000000000002,0.5580798932131597,6.139641082817431,7,1,SAND,6.111666666666667,0.7861596595769591,0.4103773584905659,0.16840957636169443,0.19879335849056573,,,,-0.2533036241844271,6.139641082817431,3.083625904054839,14.076254444883446
1307,50.0,R. Sándor,Hungary,47.673,19.245,9_3,6.327500000000001,4.6075,89.06750000000001,,1.5625000000000002,0.5580798932131597,6.139641082817431,7,1,SAND,6.111666666666667,0.7861596595769591,0.4103773584905659,0.16840957636169443,0.19879335849056573,,,,-0.2533036241844271,6.139641082817431,3.083625904054839,14.076254444883446
1308,50.0,R. Sándor,Hungary,47.673,19.245,9_3,6.327500000000001,4.6075,89.06750000000001,,1.5625000000000002,0.5580798932131597,6.139641082817431,7,1,SAND,6.111666666666667,0.7861596595769591,0.4103773584905659,0.16840957636169443,0.19879335849056573,,,,-0.2533036241844271,6.139641082817431,3.083625904054839,14.076254444883446
1309,50.0,R. Sándor,Hungary,47.673,19.245,9_3,6.327500000000001,4.6075,89.06750000000001,,1.5625000000000002,0.5580798932131597,6.139641082817431,7,1,SAND,6.111666666666667,0.7861596595769591,0.4103773584905659,0.16840957636169443,0.19879335849056573,,,,-0.2533036241844271,6.139641082817431,3.083625904054839,14.076254444883446
1310,50.0,R. Sándor,Hungary,47.673,19.245,9_3,6.327500000000001,4.6075,89.06750000000001,,1.5625000000000002,0.5580798932131597,6.139641082817431,7,1,SAND,6.111666666666667,0.7861596595769591,0.4103773584905659,0.16840957636169443,0.19879335849056573,,,,-0.2533036241844271,6.139641082817431,3.083625904054839,14.076254444883446
1311,50.0,R. Sándor,Hungary,47.673,19.245,9_3,2.4139358612040223,2.5647869541449584,95.02127718465101,,1.65500080036089,0.7890768845743535,3.317283137558406,7,1,SAND,24.0,1.380211241711606,0.37547139609023017,0.1409787692819465,0.13571439156650356,,,,-0.1028806787682602,3.317283137558406,3.2186958279845768,39.363629627365626
1312,50.0,R. Sándor,Hungary,47.673,19.245,9_3,2.4139358612040223,2.5647869541449584,95.02127718465101,,1.65500080036089,0.7890768845743535,3.317283137558406,7,1,SAND,24.0,1.380211241711606,0.37547139609023017,0.1409787692819465,0.13571439156650356,,,,-0.1028806787682602,3.317283137558406,3.2186958279845768,39.363629627365626
1313,50.0,R. Sándor,Hungary,47.673,19.245,9_3,2.4139358612040223,2.5647869541449584,95.02127718465101,,1.65500080036089,0.7890768845743535,3.317283137558406,7,1,SAND,24.0,1.380211241711606,0.37547139609023017,0.1409787692819465,0.13571439156650356,,,,-0.1028806787682602,3.317283137558406,3.2186958279845768,39.363629627365626
1314,50.0,R. Sándor,Hungary,47.673,19.245,9_3,2.4139358612040223,2.5647869541449584,95.02127718465101,,1.65500080036089,0.7890768845743535,3.317283137558406,7,1,SAND,24.0,1.380211241711606,0.37547139609023017,0.1409787692819465,0.13571439156650356,,,,-0.1028806787682602,3.317283137558406,3.2186958279845768,39.363629627365626
1315,50.0,R. Sándor,Hungary,47.673,19.245,9_3,2.4139358612040223,2.5647869541449584,95.02127718465101,,1.65500080036089,0.7890768845743535,3.317283137558406,7,1,SAND,24.0,1.380211241711606,0.37547139609023017,0.1409787692819465,0.13571439156650356,,,,-0.1028806787682602,3.317283137558406,3.2186958279845768,39.363629627365626
1316,50.0,R. Sándor,Hungary,47.673,19.245,9_3,2.4139358612040223,2.5647869541449584,95.02127718465101,,1.65500080036089,0.7890768845743535,3.317283137558406,7,1,SAND,24.0,1.380211241711606,0.37547139609023017,0.1409787692819465,0.13571439156650356,,,,-0.1028806787682602,3.317283137558406,3.2186958279845768,39.363629627365626
1317,50.0,R. Sándor,Hungary,47.673,19.245,9_3,2.4139358612040223,2.5647869541449584,95.02127718465101,,1.65500080036089,0.7890768845743535,3.317283137558406,7,1,SAND,24.0,1.380211241711606,0.37547139609023017,0.1409787692819465,0.13571439156650356,,,,-0.1028806787682602,3.317283137558406,3.2186958279845768,39.363629627365626
1318,50.0,R. Sándor,Hungary,47.673,19.245,9_3,2.4139358612040223,2.5647869541449584,95.02127718465101,,1.65500080036089,0.7890768845743535,3.317283137558406,7,1,SAND,24.0,1.380211241711606,0.37547139609023017,0.1409787692819465,0.13571439156650356,,,,-0.1028806787682602,3.317283137558406,3.2186958279845768,39.363629627365626
1319,50.0,R. Sándor,Hungary,47.673,19.245,9_3,2.4139358612040223,2.5647869541449584,95.02127718465101,,1.65500080036089,0.7890768845743535,3.317283137558406,7,1,SAND,24.0,1.380211241711606,0.37547139609023017,0.1409787692819465,0.13571439156650356,,,,-0.1028806787682602,3.317283137558406,3.2186958279845768,39.363629627365626
1320,50.0,R. Sándor,Hungary,47.673,19.245,9_3,2.4139358612040223,2.5647869541449584,95.02127718465101,,1.65500080036089,0.7890768845743535,3.317283137558406,7,1,SAND,24.0,1.380211241711606,0.37547139609023017,0.1409787692819465,0.13571439156650356,,,,-0.1028806787682602,3.317283137558406,3.2186958279845768,39.363629627365626
1321,50.0,R. Sándor,Hungary,47.673,19.245,9_3,2.4139358612040223,2.5647869541449584,95.02127718465101,,1.65500080036089,0.7890768845743535,3.317283137558406,7,1,SAND,24.0,1.380211241711606,0.37547139609023017,0.1409787692819465,0.13571439156650356,,,,-0.1028806787682602,3.317283137558406,3.2186958279845768,39.363629627365626
1322,50.0,R. Sándor,Hungary,47.673,19.245,9_3,2.4139358612040223,2.5647869541449584,95.02127718465101,,1.65500080036089,0.7890768845743535,3.317283137558406,7,1,SAND,24.0,1.380211241711606,0.37547139609023017,0.1409787692819465,0.13571439156650356,,,,-0.1028806787682602,3.317283137558406,3.2186958279845768,39.363629627365626
1323,50.0,R. Sándor,Hungary,47.673,19.245,9_3,2.4139358612040223,2.5647869541449584,95.02127718465101,,1.65500080036089,0.7890768845743535,3.317283137558406,7,1,SAND,24.0,1.380211241711606,0.37547139609023017,0.1409787692819465,0.13571439156650356,,,,-0.1028806787682602,3.317283137558406,3.2186958279845768,39.363629627365626
1324,50.0,R. Sándor,Hungary,47.673,19.245,9_3,2.4139358612040223,2.5647869541449584,95.02127718465101,,1.65500080036089,0.7890768845743535,3.317283137558406,7,1,SAND,24.0,1.380211241711606,0.37547139609023017,0.1409787692819465,0.13571439156650356,,,,-0.1028806787682602,3.317283137558406,3.2186958279845768,39.363629627365626
1325,50.0,R. Sándor,Hungary,47.673,19.245,9_3,2.4139358612040223,2.5647869541449584,95.02127718465101,,1.65500080036089,0.7890768845743535,3.317283137558406,7,1,SAND,24.0,1.380211241711606,0.37547139609023017,0.1409787692819465,0.13571439156650356,,,,-0.1028806787682602,3.317283137558406,3.2186958279845768,39.363629627365626
1326,50.0,R. Sándor,Hungary,47.673,19.245,9_3,2.4139358612040223,2.5647869541449584,95.02127718465101,,1.65500080036089,0.7890768845743535,3.317283137558406,7,1,SAND,24.0,1.380211241711606,0.37547139609023017,0.1409787692819465,0.13571439156650356,,,,-0.1028806787682602,3.317283137558406,3.2186958279845768,39.363629627365626
1327,50.0,R. Sándor,Hungary,47.673,19.245,9_3,2.4139358612040223,2.5647869541449584,95.02127718465101,,1.65500080036089,0.7890768845743535,3.317283137558406,7,1,SAND,24.0,1.380211241711606,0.37547139609023017,0.1409787692819465,0.13571439156650356,,,,-0.1028806787682602,3.317283137558406,3.2186958279845768,39.363629627365626
1328,50.0,R. Sándor,Hungary,47.673,19.245,9_3,2.4139358612040223,2.5647869541449584,95.02127718465101,,1.65500080036089,0.7890768845743535,3.317283137558406,7,1,SAND,24.0,1.380211241711606,0.37547139609023017,0.1409787692819465,0.13571439156650356,,,,-0.1028806787682602,3.317283137558406,3.2186958279845768,39.363629627365626
1329,50.0,R. Sándor,Hungary,47.673,19.245,9_3,2.4139358612040223,2.5647869541449584,95.02127718465101,,1.65500080036089,0.7890768845743535,3.317283137558406,7,1,SAND,24.0,1.380211241711606,0.37547139609023017,0.1409787692819465,0.13571439156650356,,,,-0.1028806787682602,3.317283137558406,3.2186958279845768,39.363629627365626
1330,50.0,R. Sándor,Hungary,47.673,19.245,9_3,2.4139358612040223,2.5647869541449584,95.02127718465101,,1.65500080036089,0.7890768845743535,3.317283137558406,7,1,SAND,24.0,1.380211241711606,0.37547139609023017,0.1409787692819465,0.13571439156650356,,,,-0.1028806787682602,3.317283137558406,3.2186958279845768,39.363629627365626
1331,50.0,R. Sándor,Hungary,47.673,19.245,9_3,2.4139358612040223,2.5647869541449584,95.02127718465101,,1.65500080036089,0.7890768845743535,3.317283137558406,7,1,SAND,24.0,1.380211241711606,0.37547139609023017,0.1409787692819465,0.13571439156650356,,,,-0.1028806787682602,3.317283137558406,3.2186958279845768,39.363629627365626
1332,50.0,R. Sándor,Hungary,47.673,19.245,9_3,2.4139358612040223,2.5647869541449584,95.02127718465101,,1.65500080036089,0.7890768845743535,3.317283137558406,7,1,SAND,24.0,1.380211241711606,0.37547139609023017,0.1409787692819465,0.13571439156650356,,,,-0.1028806787682602,3.317283137558406,3.2186958279845768,39.363629627365626
1333,50.0,R. Sándor,Hungary,47.673,19.245,9_3,2.4139358612040223,2.5647869541449584,95.02127718465101,,1.65500080036089,0.7890768845743535,3.317283137558406,7,1,SAND,24.0,1.380211241711606,0.37547139609023017,0.1409787692819465,0.13571439156650356,,,,-0.1028806787682602,3.317283137558406,3.2186958279845768,39.363629627365626
1334,50.0,R. Sándor,Hungary,47.673,19.245,9_3,2.4139358612040223,2.5647869541449584,95.02127718465101,,1.65500080036089,0.7890768845743535,3.317283137558406,7,1,SAND,24.0,1.380211241711606,0.37547139609023017,0.1409787692819465,0.13571439156650356,,,,-0.1028806787682602,3.317283137558406,3.2186958279845768,39.363629627365626
1335,50.0,R. Sándor,Hungary,47.673,19.245,9_3,2.4139358612040223,2.5647869541449584,95.02127718465101,,1.65500080036089,0.7890768845743535,3.317283137558406,7,1,SAND,24.0,1.380211241711606,0.37547139609023017,0.1409787692819465,0.13571439156650356,,,,-0.1028806787682602,3.317283137558406,3.2186958279845768,39.363629627365626
1336,50.0,R. Sándor,Hungary,47.673,19.245,9_3,2.4139358612040223,2.5647869541449584,95.02127718465101,,1.65500080036089,0.7890768845743535,3.317283137558406,7,1,SAND,24.0,1.380211241711606,0.37547139609023017,0.1409787692819465,0.13571439156650356,,,,-0.1028806787682602,3.317283137558406,3.2186958279845768,39.363629627365626
1337,50.0,R. Sándor,Hungary,47.673,19.245,9_3,2.4139358612040223,2.5647869541449584,95.02127718465101,,1.65500080036089,0.7890768845743535,3.317283137558406,7,1,SAND,24.0,1.380211241711606,0.37547139609023017,0.1409787692819465,0.13571439156650356,,,,-0.1028806787682602,3.317283137558406,3.2186958279845768,39.363629627365626
1338,50.0,R. Sándor,Hungary,47.673,19.245,9_3,2.4139358612040223,2.5647869541449584,95.02127718465101,,1.65500080036089,0.7890768845743535,3.317283137558406,7,1,SAND,24.0,1.380211241711606,0.37547139609023017,0.1409787692819465,0.13571439156650356,,,,-0.1028806787682602,3.317283137558406,3.2186958279845768,39.363629627365626
1339,50.0,R. Sándor,Hungary,47.673,19.245,9_3,2.4139358612040223,2.5647869541449584,95.02127718465101,,1.65500080036089,0.7890768845743535,3.317283137558406,7,1,SAND,24.0,1.380211241711606,0.37547139609023017,0.1409787692819465,0.13571439156650356,,,,-0.1028806787682602,3.317283137558406,3.2186958279845768,39.363629627365626
1340,50.0,R. Sándor,Hungary,47.673,19.245,9_3,2.4139358612040223,2.5647869541449584,95.02127718465101,,1.65500080036089,0.7890768845743535,3.317283137558406,7,1,SAND,24.0,1.380211241711606,0.37547139609023017,0.1409787692819465,0.13571439156650356,,,,-0.1028806787682602,3.317283137558406,3.2186958279845768,39.363629627365626
1341,50.0,R. Sándor,Hungary,47.673,19.245,9_3,2.4139358612040223,2.5647869541449584,95.02127718465101,,1.65500080036089,0.7890768845743535,3.317283137558406,7,1,SAND,24.0,1.380211241711606,0.37547139609023017,0.1409787692819465,0.13571439156650356,,,,-0.1028806787682602,3.317283137558406,3.2186958279845768,39.363629627365626
1342,50.0,R. Sándor,Hungary,47.673,19.245,9_3,2.4139358612040223,2.5647869541449584,95.02127718465101,,1.65500080036089,0.7890768845743535,3.317283137558406,7,1,SAND,24.0,1.380211241711606,0.37547139609023017,0.1409787692819465,0.13571439156650356,,,,-0.1028806787682602,3.317283137558406,3.2186958279845768,39.363629627365626
1343,50.0,R. Sándor,Hungary,47.673,19.245,9_3,2.4139358612040223,2.5647869541449584,95.02127718465101,,1.65500080036089,0.7890768845743535,3.317283137558406,7,1,SAND,24.0,1.380211241711606,0.37547139609023017,0.1409787692819465,0.13571439156650356,,,,-0.1028806787682602,3.317283137558406,3.2186958279845768,39.363629627365626
1344,50.0,R. Sándor,Hungary,47.673,19.245,9_3,2.4139358612040223,2.5647869541449584,95.02127718465101,,1.65500080036089,0.7890768845743535,3.317283137558406,7,1,SAND,24.0,1.380211241711606,0.37547139609023017,0.1409787692819465,0.13571439156650356,,,,-0.1028806787682602,3.317283137558406,3.2186958279845768,39.363629627365626
1345,50.0,R. Sándor,Hungary,47.673,19.245,9_3,2.4139358612040223,2.5647869541449584,95.02127718465101,,1.65500080036089,0.7890768845743535,3.317283137558406,7,1,SAND,24.0,1.380211241711606,0.37547139609023017,0.1409787692819465,0.13571439156650356,,,,-0.1028806787682602,3.317283137558406,3.2186958279845768,39.363629627365626
1346,50.0,R. Sándor,Hungary,47.673,19.245,9_3,2.4139358612040223,2.5647869541449584,95.02127718465101,,1.65500080036089,0.7890768845743535,3.317283137558406,7,1,SAND,24.0,1.380211241711606,0.37547139609023017,0.1409787692819465,0.13571439156650356,,,,-0.1028806787682602,3.317283137558406,3.2186958279845768,39.363629627365626
1347,50.0,R. Sándor,Hungary,47.673,19.245,9_3,2.4139358612040223,2.5647869541449584,95.02127718465101,,1.65500080036089,0.7890768845743535,3.317283137558406,7,1,SAND,24.0,1.380211241711606,0.37547139609023017,0.1409787692819465,0.13571439156650356,,,,-0.1028806787682602,3.317283137558406,3.2186958279845768,39.363629627365626
1348,50.0,R. Sándor,Hungary,47.673,19.245,9_3,2.4139358612040223,2.5647869541449584,95.02127718465101,,1.65500080036089,0.7890768845743535,3.317283137558406,7,1,SAND,24.0,1.380211241711606,0.37547139609023017,0.1409787692819465,0.13571439156650356,,,,-0.1028806787682602,3.317283137558406,3.2186958279845768,39.363629627365626
1349,50.0,R. Sándor,Hungary,47.673,19.245,9_3,2.4139358612040223,2.5647869541449584,95.02127718465101,,1.65500080036089,0.7890768845743535,3.317283137558406,7,1,SAND,24.0,1.380211241711606,0.37547139609023017,0.1409787692819465,0.13571439156650356,,,,-0.1028806787682602,3.317283137558406,3.2186958279845768,39.363629627365626
1350,50.0,R. Sándor,Hungary,47.673,19.245,9_3,2.4139358612040223,2.5647869541449584,95.02127718465101,,1.65500080036089,0.7890768845743535,3.317283137558406,7,1,SAND,24.0,1.380211241711606,0.37547139609023017,0.1409787692819465,0.13571439156650356,,,,-0.1028806787682602,3.317283137558406,3.2186958279845768,39.363629627365626
1351,50.0,R. Sándor,Hungary,47.673,19.245,9_3,2.4139358612040223,2.5647869541449584,95.02127718465101,,1.65500080036089,0.7890768845743535,3.317283137558406,7,1,SAND,24.0,1.380211241711606,0.37547139609023017,0.1409787692819465,0.13571439156650356,,,,-0.1028806787682602,3.317283137558406,3.2186958279845768,39.363629627365626
1352,50.0,R. Sándor,Hungary,47.673,19.245,9_3,2.4139358612040223,2.5647869541449584,95.02127718465101,,1.65500080036089,0.7890768845743535,3.317283137558406,7,1,SAND,24.0,1.380211241711606,0.37547139609023017,0.1409787692819465,0.13571439156650356,,,,-0.1028806787682602,3.317283137558406,3.2186958279845768,39.363629627365626
1353,50.0,R. Sándor,Hungary,47.673,19.245,9_3,2.4139358612040223,2.5647869541449584,95.02127718465101,,1.65500080036089,0.7890768845743535,3.317283137558406,7,1,SAND,24.0,1.380211241711606,0.37547139609023017,0.1409787692819465,0.13571439156650356,,,,-0.1028806787682602,3.317283137558406,3.2186958279845768,39.363629627365626
1354,50.0,R. Sándor,Hungary,47.673,19.245,9_3,2.4139358612040223,2.5647869541449584,95.02127718465101,,1.65500080036089,0.7890768845743535,3.317283137558406,7,1,SAND,24.0,1.380211241711606,0.37547139609023017,0.1409787692819465,0.13571439156650356,,,,-0.1028806787682602,3.317283137558406,3.2186958279845768,39.363629627365626
1355,50.0,R. Sándor,Hungary,47.673,19.245,9_3,2.4139358612040223,2.5647869541449584,95.02127718465101,,1.65500080036089,0.7890768845743535,3.317283137558406,7,1,SAND,24.0,1.380211241711606,0.37547139609023017,0.1409787692819465,0.13571439156650356,,,,-0.1028806787682602,3.317283137558406,3.2186958279845768,39.363629627365626
1356,50.0,R. Sándor,Hungary,47.673,19.245,9_3,2.4139358612040223,2.5647869541449584,95.02127718465101,,1.65500080036089,0.7890768845743535,3.317283137558406,7,1,SAND,24.0,1.380211241711606,0.37547139609023017,0.1409787692819465,0.13571439156650356,,,,-0.1028806787682602,3.317283137558406,3.2186958279845768,39.363629627365626
1357,50.0,R. Sándor,Hungary,47.673,19.245,9_3,2.4139358612040223,2.5647869541449584,95.02127718465101,,1.65500080036089,0.7890768845743535,3.317283137558406,7,1,SAND,24.0,1.380211241711606,0.37547139609023017,0.1409787692819465,0.13571439156650356,,,,-0.1028806787682602,3.317283137558406,3.2186958279845768,39.363629627365626
1358,50.0,R. Sándor,Hungary,47.673,19.245,9_3,2.4139358612040223,2.5647869541449584,95.02127718465101,,1.65500080036089,0.7890768845743535,3.317283137558406,7,1,SAND,24.0,1.380211241711606,0.37547139609023017,0.1409787692819465,0.13571439156650356,,,,-0.1028806787682602,3.317283137558406,3.2186958279845768,39.363629627365626
1359,50.0,R. Sándor,Hungary,47.673,19.245,9_3,2.4139358612040223,2.5647869541449584,95.02127718465101,,1.65500080036089,0.7890768845743535,3.317283137558406,7,1,SAND,24.0,1.380211241711606,0.37547139609023017,0.1409787692819465,0.13571439156650356,,,,-0.1028806787682602,3.317283137558406,3.2186958279845768,39.363629627365626
1360,50.0,R. Sándor,Hungary,47.673,19.245,9_3,2.4139358612040223,2.5647869541449584,95.02127718465101,,1.65500080036089,0.7890768845743535,3.317283137558406,7,1,SAND,24.0,1.380211241711606,0.37547139609023017,0.1409787692819465,0.13571439156650356,,,,-0.1028806787682602,3.317283137558406,3.2186958279845768,39.363629627365626
1361,50.0,R. Sándor,Hungary,47.673,19.245,9_3,2.4139358612040223,2.5647869541449584,95.02127718465101,,1.65500080036089,0.7890768845743535,3.317283137558406,7,1,SAND,24.0,1.380211241711606,0.37547139609023017,0.1409787692819465,0.13571439156650356,,,,-0.1028806787682602,3.317283137558406,3.2186958279845768,39.363629627365626
1362,50.0,R. Sándor,Hungary,47.673,19.245,9_3,2.4139358612040223,2.5647869541449584,95.02127718465101,,1.65500080036089,0.7890768845743535,3.317283137558406,7,1,SAND,24.0,1.380211241711606,0.37547139609023017,0.1409787692819465,0.13571439156650356,,,,-0.1028806787682602,3.317283137558406,3.2186958279845768,39.363629627365626
1363,50.0,R. Sándor,Hungary,47.673,19.245,9_3,2.4139358612040223,2.5647869541449584,95.02127718465101,,1.65500080036089,0.7890768845743535,3.317283137558406,7,1,SAND,24.0,1.380211241711606,0.37547139609023017,0.1409787692819465,0.13571439156650356,,,,-0.1028806787682602,3.317283137558406,3.2186958279845768,39.363629627365626
1364,50.0,R. Sándor,Hungary,47.673,19.245,9_3,2.4139358612040223,2.5647869541449584,95.02127718465101,,1.65500080036089,0.7890768845743535,3.317283137558406,7,1,SAND,24.0,1.380211241711606,0.37547139609023017,0.1409787692819465,0.13571439156650356,,,,-0.1028806787682602,3.317283137558406,3.2186958279845768,39.363629627365626
1365,50.0,R. Sándor,Hungary,47.673,19.245,9_3,2.4139358612040223,2.5647869541449584,95.02127718465101,,1.65500080036089,0.7890768845743535,3.317283137558406,7,1,SAND,24.0,1.380211241711606,0.37547139609023017,0.1409787692819465,0.13571439156650356,,,,-0.1028806787682602,3.317283137558406,3.2186958279845768,39.363629627365626
1366,50.0,R. Sándor,Hungary,47.673,19.245,9_3,2.4139358612040223,2.5647869541449584,95.02127718465101,,1.65500080036089,0.7890768845743535,3.317283137558406,7,1,SAND,24.0,1.380211241711606,0.37547139609023017,0.1409787692819465,0.13571439156650356,,,,-0.1028806787682602,3.317283137558406,3.2186958279845768,39.363629627365626
1367,50.0,R. Sándor,Hungary,47.673,19.245,9_3,2.4139358612040223,2.5647869541449584,95.02127718465101,,1.65500080036089,0.7890768845743535,3.317283137558406,7,1,SAND,24.0,1.380211241711606,0.37547139609023017,0.1409787692819465,0.13571439156650356,,,,-0.1028806787682602,3.317283137558406,3.2186958279845768,39.363629627365626
1368,50.0,R. Sándor,Hungary,47.673,19.245,9_3,2.4139358612040223,2.5647869541449584,95.02127718465101,,1.65500080036089,0.7890768845743535,3.317283137558406,7,1,SAND,24.0,1.380211241711606,0.37547139609023017,0.1409787692819465,0.13571439156650356,,,,-0.1028806787682602,3.317283137558406,3.2186958279845768,39.363629627365626
1369,50.0,R. Sándor,Hungary,47.673,19.245,9_3,2.4139358612040223,2.5647869541449584,95.02127718465101,,1.65500080036089,0.7890768845743535,3.317283137558406,7,1,SAND,24.0,1.380211241711606,0.37547139609023017,0.1409787692819465,0.13571439156650356,,,,-0.1028806787682602,3.317283137558406,3.2186958279845768,39.363629627365626
1370,50.0,R. Sándor,Hungary,47.673,19.245,9_3,2.4139358612040223,2.5647869541449584,95.02127718465101,,1.65500080036089,0.7890768845743535,3.317283137558406,7,1,SAND,24.0,1.380211241711606,0.37547139609023017,0.1409787692819465,0.13571439156650356,,,,-0.1028806787682602,3.317283137558406,3.2186958279845768,39.363629627365626
1371,50.0,R. Sándor,Hungary,47.673,19.245,9_3,2.4139358612040223,2.5647869541449584,95.02127718465101,,1.65500080036089,0.7890768845743535,3.317283137558406,7,1,SAND,24.0,1.380211241711606,0.37547139609023017,0.1409787692819465,0.13571439156650356,,,,-0.1028806787682602,3.317283137558406,3.2186958279845768,39.363629627365626
1372,50.0,R. Sándor,Hungary,47.673,19.245,9_3,2.4139358612040223,2.5647869541449584,95.02127718465101,,1.65500080036089,0.7890768845743535,3.317283137558406,7,1,SAND,24.0,1.380211241711606,0.37547139609023017,0.1409787692819465,0.13571439156650356,,,,-0.1028806787682602,3.317283137558406,3.2186958279845768,39.363629627365626
1373,50.0,R. Sándor,Hungary,47.673,19.245,9_3,2.4139358612040223,2.5647869541449584,95.02127718465101,,1.65500080036089,0.7890768845743535,3.317283137558406,7,1,SAND,24.0,1.380211241711606,0.37547139609023017,0.1409787692819465,0.13571439156650356,,,,-0.1028806787682602,3.317283137558406,3.2186958279845768,39.363629627365626
1374,50.0,R. Sándor,Hungary,47.673,19.245,9_3,2.4139358612040223,2.5647869541449584,95.02127718465101,,1.65500080036089,0.7890768845743535,3.317283137558406,7,1,SAND,24.0,1.380211241711606,0.37547139609023017,0.1409787692819465,0.13571439156650356,,,,-0.1028806787682602,3.317283137558406,3.2186958279845768,39.363629627365626
1375,50.0,R. Sándor,Hungary,47.673,19.245,9_3,2.4139358612040223,2.5647869541449584,95.02127718465101,,1.65500080036089,0.7890768845743535,3.317283137558406,7,1,SAND,24.0,1.380211241711606,0.37547139609023017,0.1409787692819465,0.13571439156650356,,,,-0.1028806787682602,3.317283137558406,3.2186958279845768,39.363629627365626
1376,50.0,R. Sándor,Hungary,47.673,19.245,9_3,2.4139358612040223,2.5647869541449584,95.02127718465101,,1.65500080036089,0.7890768845743535,3.317283137558406,7,1,SAND,24.0,1.380211241711606,0.37547139609023017,0.1409787692819465,0.13571439156650356,,,,-0.1028806787682602,3.317283137558406,3.2186958279845768,39.363629627365626
1377,50.0,R. Sándor,Hungary,47.673,19.245,9_3,2.4139358612040223,2.5647869541449584,95.02127718465101,,1.65500080036089,0.7890768845743535,3.317283137558406,7,1,SAND,24.0,1.380211241711606,0.37547139609023017,0.1409787692819465,0.13571439156650356,,,,-0.1028806787682602,3.317283137558406,3.2186958279845768,39.363629627365626
1378,50.0,R. Sándor,Hungary,47.673,19.245,9_3,2.4139358612040223,2.5647869541449584,95.02127718465101,,1.65500080036089,0.7890768845743535,3.317283137558406,7,1,SAND,24.0,1.380211241711606,0.37547139609023017,0.1409787692819465,0.13571439156650356,,,,-0.1028806787682602,3.317283137558406,3.2186958279845768,39.363629627365626
1379,50.0,R. Sándor,Hungary,47.673,19.245,9_3,2.4139358612040223,2.5647869541449584,95.02127718465101,,1.65500080036089,0.7890768845743535,3.317283137558406,7,1,SAND,24.0,1.380211241711606,0.37547139609023017,0.1409787692819465,0.13571439156650356,,,,-0.1028806787682602,3.317283137558406,3.2186958279845768,39.363629627365626
1380,50.0,R. Sándor,Hungary,47.673,19.245,9_3,2.4139358612040223,2.5647869541449584,95.02127718465101,,1.65500080036089,0.7890768845743535,3.317283137558406,7,1,SAND,24.0,1.380211241711606,0.37547139609023017,0.1409787692819465,0.13571439156650356,,,,-0.1028806787682602,3.317283137558406,3.2186958279845768,39.363629627365626
1381,50.0,R. Sándor,Hungary,47.673,19.245,9_3,2.4139358612040223,2.5647869541449584,95.02127718465101,,1.65500080036089,0.7890768845743535,3.317283137558406,7,1,SAND,24.0,1.380211241711606,0.37547139609023017,0.1409787692819465,0.13571439156650356,,,,-0.1028806787682602,3.317283137558406,3.2186958279845768,39.363629627365626
1382,50.0,R. Sándor,Hungary,47.673,19.245,9_3,2.4139358612040223,2.5647869541449584,95.02127718465101,,1.65500080036089,0.7890768845743535,3.317283137558406,7,1,SAND,24.0,1.380211241711606,0.37547139609023017,0.1409787692819465,0.13571439156650356,,,,-0.1028806787682602,3.317283137558406,3.2186958279845768,39.363629627365626
1383,50.0,R. Sándor,Hungary,47.673,19.245,9_3,2.4139358612040223,2.5647869541449584,95.02127718465101,,1.65500080036089,0.7890768845743535,3.317283137558406,7,1,SAND,24.0,1.380211241711606,0.37547139609023017,0.1409787692819465,0.13571439156650356,,,,-0.1028806787682602,3.317283137558406,3.2186958279845768,39.363629627365626
1384,50.0,R. Sándor,Hungary,47.673,19.245,9_3,2.4139358612040223,2.5647869541449584,95.02127718465101,,1.65500080036089,0.7890768845743535,3.317283137558406,7,1,SAND,24.0,1.380211241711606,0.37547139609023017,0.1409787692819465,0.13571439156650356,,,,-0.1028806787682602,3.317283137558406,3.2186958279845768,39.363629627365626
1385,50.0,R. Sándor,Hungary,47.673,19.245,9_3,2.4139358612040223,2.5647869541449584,95.02127718465101,,1.65500080036089,0.7890768845743535,3.317283137558406,7,1,SAND,24.0,1.380211241711606,0.37547139609023017,0.1409787692819465,0.13571439156650356,,,,-0.1028806787682602,3.317283137558406,3.2186958279845768,39.363629627365626
1386,50.0,R. Sándor,Hungary,47.673,19.245,9_3,2.4139358612040223,2.5647869541449584,95.02127718465101,,1.65500080036089,0.7890768845743535,3.317283137558406,7,1,SAND,24.0,1.380211241711606,0.37547139609023017,0.1409787692819465,0.13571439156650356,,,,-0.1028806787682602,3.317283137558406,3.2186958279845768,39.363629627365626
1387,50.0,R. Sándor,Hungary,47.673,19.245,9_3,2.4139358612040223,2.5647869541449584,95.02127718465101,,1.65500080036089,0.7890768845743535,3.317283137558406,7,1,SAND,24.0,1.380211241711606,0.37547139609023017,0.1409787692819465,0.13571439156650356,,,,-0.1028806787682602,3.317283137558406,3.2186958279845768,39.363629627365626
1388,50.0,R. Sándor,Hungary,47.673,19.245,9_3,2.4139358612040223,2.5647869541449584,95.02127718465101,,1.65500080036089,0.7890768845743535,3.317283137558406,7,1,SAND,24.0,1.380211241711606,0.37547139609023017,0.1409787692819465,0.13571439156650356,,,,-0.1028806787682602,3.317283137558406,3.2186958279845768,39.363629627365626
1389,50.0,R. Sándor,Hungary,47.673,19.245,9_3,2.4139358612040223,2.5647869541449584,95.02127718465101,,1.65500080036089,0.7890768845743535,3.317283137558406,7,1,SAND,24.0,1.380211241711606,0.37547139609023017,0.1409787692819465,0.13571439156650356,,,,-0.1028806787682602,3.317283137558406,3.2186958279845768,39.363629627365626
1390,50.0,R. Sándor,Hungary,47.673,19.245,9_3,2.4139358612040223,2.5647869541449584,95.02127718465101,,1.65500080036089,0.7890768845743535,3.317283137558406,7,1,SAND,24.0,1.380211241711606,0.37547139609023017,0.1409787692819465,0.13571439156650356,,,,-0.1028806787682602,3.317283137558406,3.2186958279845768,39.363629627365626
1391,50.0,R. Sándor,Hungary,47.673,19.245,9_3,2.4139358612040223,2.5647869541449584,95.02127718465101,,1.65500080036089,0.7890768845743535,3.317283137558406,7,1,SAND,24.0,1.380211241711606,0.37547139609023017,0.1409787692819465,0.13571439156650356,,,,-0.1028806787682602,3.317283137558406,3.2186958279845768,39.363629627365626
1392,50.0,R. Sándor,Hungary,47.673,19.245,9_3,2.4139358612040223,2.5647869541449584,95.02127718465101,,1.65500080036089,0.7890768845743535,3.317283137558406,7,1,SAND,24.0,1.380211241711606,0.37547139609023017,0.1409787692819465,0.13571439156650356,,,,-0.1028806787682602,3.317283137558406,3.2186958279845768,39.363629627365626
1393,50.0,R. Sándor,Hungary,47.673,19.245,9_3,2.4139358612040223,2.5647869541449584,95.02127718465101,,1.65500080036089,0.7890768845743535,3.317283137558406,7,1,SAND,24.0,1.380211241711606,0.37547139609023017,0.1409787692819465,0.13571439156650356,,,,-0.1028806787682602,3.317283137558406,3.2186958279845768,39.363629627365626
1394,50.0,R. Sándor,Hungary,47.673,19.245,9_3,2.4139358612040223,2.5647869541449584,95.02127718465101,,1.65500080036089,0.7890768845743535,3.317283137558406,7,1,SAND,24.0,1.380211241711606,0.37547139609023017,0.1409787692819465,0.13571439156650356,,,,-0.1028806787682602,3.317283137558406,3.2186958279845768,39.363629627365626
1395,50.0,R. Sándor,Hungary,47.673,19.245,9_3,2.4139358612040223,2.5647869541449584,95.02127718465101,,1.65500080036089,0.7890768845743535,3.317283137558406,7,1,SAND,24.0,1.380211241711606,0.37547139609023017,0.1409787692819465,0.13571439156650356,,,,-0.1028806787682602,3.317283137558406,3.2186958279845768,39.363629627365626
1396,50.0,R. Sándor,Hungary,47.673,19.245,9_3,2.4139358612040223,2.5647869541449584,95.02127718465101,,1.65500080036089,0.7890768845743535,3.317283137558406,7,1,SAND,24.0,1.380211241711606,0.37547139609023017,0.1409787692819465,0.13571439156650356,,,,-0.1028806787682602,3.317283137558406,3.2186958279845768,39.363629627365626
1397,50.0,R. Sándor,Hungary,47.673,19.245,9_3,2.4139358612040223,2.5647869541449584,95.02127718465101,,1.65500080036089,0.7890768845743535,3.317283137558406,7,1,SAND,24.0,1.380211241711606,0.37547139609023017,0.1409787692819465,0.13571439156650356,,,,-0.1028806787682602,3.317283137558406,3.2186958279845768,39.363629627365626
1398,50.0,R. Sándor,Hungary,47.673,19.245,9_3,2.4139358612040223,2.5647869541449584,95.02127718465101,,1.65500080036089,0.7890768845743535,3.317283137558406,7,1,SAND,24.0,1.380211241711606,0.37547139609023017,0.1409787692819465,0.13571439156650356,,,,-0.1028806787682602,3.317283137558406,3.2186958279845768,39.363629627365626
1399,50.0,R. Sándor,Hungary,47.673,19.245,9_3,2.4139358612040223,2.5647869541449584,95.02127718465101,,1.65500080036089,0.7890768845743535,3.317283137558406,7,1,SAND,24.0,1.380211241711606,0.37547139609023017,0.1409787692819465,0.13571439156650356,,,,-0.1028806787682602,3.317283137558406,3.2186958279845768,39.363629627365626
1400,50.0,R. Sándor,Hungary,47.673,19.245,9_3,2.4139358612040223,2.5647869541449584,95.02127718465101,,1.65500080036089,0.7890768845743535,3.317283137558406,7,1,SAND,24.0,1.380211241711606,0.37547139609023017,0.1409787692819465,0.13571439156650356,,,,-0.1028806787682602,3.317283137558406,3.2186958279845768,39.363629627365626
1401,50.0,R. Sándor,Hungary,47.673,19.245,9_3,2.4139358612040223,2.5647869541449584,95.02127718465101,,1.65500080036089,0.7890768845743535,3.317283137558406,7,1,SAND,24.0,1.380211241711606,0.37547139609023017,0.1409787692819465,0.13571439156650356,,,,-0.1028806787682602,3.317283137558406,3.2186958279845768,39.363629627365626
1402,50.0,R. Sándor,Hungary,47.673,19.245,9_3,2.4139358612040223,2.5647869541449584,95.02127718465101,,1.65500080036089,0.7890768845743535,3.317283137558406,7,1,SAND,24.0,1.380211241711606,0.37547139609023017,0.1409787692819465,0.13571439156650356,,,,-0.1028806787682602,3.317283137558406,3.2186958279845768,39.363629627365626
1403,50.0,R. Sándor,Hungary,47.673,19.245,9_3,2.4139358612040223,2.5647869541449584,95.02127718465101,,1.65500080036089,0.7890768845743535,3.317283137558406,7,1,SAND,24.0,1.380211241711606,0.37547139609023017,0.1409787692819465,0.13571439156650356,,,,-0.1028806787682602,3.317283137558406,3.2186958279845768,39.363629627365626
1404,50.0,R. Sándor,Hungary,47.673,19.245,9_3,2.4139358612040223,2.5647869541449584,95.02127718465101,,1.65500080036089,0.7890768845743535,3.317283137558406,7,1,SAND,24.0,1.380211241711606,0.37547139609023017,0.1409787692819465,0.13571439156650356,,,,-0.1028806787682602,3.317283137558406,3.2186958279845768,39.363629627365626
1405,50.0,R. Sándor,Hungary,47.673,19.245,9_3,2.4139358612040223,2.5647869541449584,95.02127718465101,,1.65500080036089,0.7890768845743535,3.317283137558406,7,1,SAND,24.0,1.380211241711606,0.37547139609023017,0.1409787692819465,0.13571439156650356,,,,-0.1028806787682602,3.317283137558406,3.2186958279845768,39.363629627365626
1406,50.0,R. Sándor,Hungary,47.673,19.245,9_3,2.4139358612040223,2.5647869541449584,95.02127718465101,,1.65500080036089,0.7890768845743535,3.317283137558406,7,1,SAND,24.0,1.380211241711606,0.37547139609023017,0.1409787692819465,0.13571439156650356,,,,-0.1028806787682602,3.317283137558406,3.2186958279845768,39.363629627365626
1407,50.0,R. Sándor,Hungary,47.673,19.245,9_3,2.4139358612040223,2.5647869541449584,95.02127718465101,,1.65500080036089,0.7890768845743535,3.317283137558406,7,1,SAND,24.0,1.380211241711606,0.37547139609023017,0.1409787692819465,0.13571439156650356,,,,-0.1028806787682602,3.317283137558406,3.2186958279845768,39.363629627365626
1408,50.0,R. Sándor,Hungary,47.673,19.245,9_3,2.4139358612040223,2.5647869541449584,95.02127718465101,,1.65500080036089,0.7890768845743535,3.317283137558406,7,1,SAND,24.0,1.380211241711606,0.37547139609023017,0.1409787692819465,0.13571439156650356,,,,-0.1028806787682602,3.317283137558406,3.2186958279845768,39.363629627365626
1409,50.0,R. Sándor,Hungary,47.673,19.245,9_3,2.4139358612040223,2.5647869541449584,95.02127718465101,,1.65500080036089,0.7890768845743535,3.317283137558406,7,1,SAND,24.0,1.380211241711606,0.37547139609023017,0.1409787692819465,0.13571439156650356,,,,-0.1028806787682602,3.317283137558406,3.2186958279845768,39.363629627365626
1410,50.0,R. Sándor,Hungary,47.673,19.245,9_3,2.4139358612040223,2.5647869541449584,95.02127718465101,,1.65500080036089,0.7890768845743535,3.317283137558406,7,1,SAND,24.0,1.380211241711606,0.37547139609023017,0.1409787692819465,0.13571439156650356,,,,-0.1028806787682602,3.317283137558406,3.2186958279845768,39.363629627365626
1411,50.0,R. Sándor,Hungary,47.673,19.245,9_3,25.07971217299414,56.241443277616824,18.678844549389026,,1.4115668789808917,0.022812341457163193,9.709396305740174,7,2,SILTY LOAM,0.9708333333333333,-0.012855320685587052,0.4673332532147578,0.21840036956028896,0.3597235595487345,,,,-1.64183013647971,9.709396305740174,0.5641398907614144,0.7447790636729247
1412,50.0,R. Sándor,Hungary,47.673,19.245,9_3,24.609536489718014,57.3544026781437,18.036060832138272,,1.4364331210191081,0.022623797227101665,9.41520488315271,7,2,SILTY LOAM,1.2333333333333334,0.09108046934733258,0.4579497656531667,0.2097179878617903,0.326869538831824,,,,-1.6454345003666402,9.41520488315271,0.5153367310824997,0.7328890911730023
1413,50.0,R. Sándor,Hungary,47.673,19.245,9_3,25.160611774213145,55.64807887187392,19.19130935391293,,1.4693503184713377,0.023184771258545737,9.884870517314974,7,2,SILTY LOAM,0.4375,-0.359021942641668,0.44552818170892916,0.1984953606968646,0.28765146227911864,,,,-1.6347971845057838,9.884870517314974,0.4811034986086573,0.7627520954630328
1414,50.0,R. Sándor,Hungary,47.673,19.245,9_3,25.898465867046045,54.58309900386155,19.518435129092403,,1.3745732484076432,0.022907752801856085,10.144769234622327,7,2,SILTY LOAM,0.9791666666666666,-0.009143379439869771,0.48129311380843653,0.23164306139942065,0.41436676684878804,,,,-1.6400175120162377,10.144769234622327,0.6291811742151098,0.7536521749702643
1415,50.0,R. Sándor,Hungary,47.673,19.245,9_3,24.839309400864988,55.946758245831056,19.21393235330395,,1.4807643312101912,0.02344823538273045,9.823300241184374,7,2,SILTY LOAM,0.9052083333333333,-0.043251456590901974,0.44122100709049383,0.19467597709794962,0.27509861473438396,,,,-1.6298898349266715,9.823300241184374,0.4715400151543587,0.7735292492727216
1416,50.0,R. Sándor,Hungary,47.673,19.245,9_3,45.0079677892562,42.851877271425366,12.140154939318451,,1.2519999999999998,0.009372364805980532,10.160838437957581,7,2,SILTY CLAY,0.7374999999999999,-0.13223797534979945,0.5275471698113208,0.2783060163759345,0.6577592777230072,,,,-2.028150815450568,10.160838437957581,0.05359663315492464,0.2697334613320714
1417,50.0,R. Sándor,Hungary,47.673,19.245,9_3,46.42537012401847,43.02205724584796,10.552572630133575,,1.2588,0.008442274446761329,9.540642605672607,7,2,SILTY CLAY,2.829166666666667,0.45165853256889577,0.5249811320754717,0.27560518903524384,0.6412234029486453,,,,-2.0735405336342714,9.540642605672607,-0.04824042119104543,0.22730185245575743
1418,50.0,R. Sándor,Hungary,47.673,19.245,9_3,46.155268811290874,41.70148290434053,12.143248284368605,,1.2775,0.009029517477136099,10.259205909878455,7,2,SILTY CLAY,0.4708333333333334,-0.32713279822818625,0.5179245283018867,0.2682458170167319,0.5978185238058865,,,,-2.0443354570637124,10.259205909878455,-0.020270264798642055,0.2630956031047538
1419,50.0,R. Sándor,Hungary,47.673,19.245,9_3,43.60590172703668,41.399289244100416,14.994809028862917,,1.2838999999999998,0.01089535042803224,11.339949012666999,7,2,SILTY CLAY,0.28750000000000003,-0.5413621509743507,0.5155094339622642,0.26574997650409404,0.5836321431450723,,,,-1.9627587969447338,11.339949012666999,0.13245288997782498,0.3438710916409231
1420,50.0,R. Sándor,Hungary,47.673,19.245,9_3,43.65421341087069,40.089914012386295,16.255872576743023,,1.3184,0.011394126419162622,11.93558033254775,7,2,SILTY CLAY,1.08125,0.03392612047287065,0.5024905660377359,0.25249676895692424,0.5126029448257935,,,,-1.9433189663046369,11.93558033254775,0.11497444571442955,0.3723780892291835
1461,60.0,Igbadun et al. (2016),Nigeria,11.183333333333334,7.633333333333333,2_1,24.366666666666664,17.266666666666666,58.333333333333336,,1.5166666666666668,0.10036315830300005,18.91109291962358,1,1,SANDY CLAY LOAM,5.956666666666666,0.7750032977859818,0.4276729559748427,0.18290415727225973,0.23880687699887343,,,,-0.9984256804385044,18.91109291962358,1.6730267497917637,2.393980848153215
1462,60.0,Igbadun et al. (2016),Nigeria,11.183333333333334,7.633333333333333,2_1,24.366666666666664,17.266666666666666,58.333333333333336,,1.5166666666666668,0.10036315830300005,18.91109291962358,1,1,SANDY CLAY LOAM,5.956666666666666,0.7750032977859818,0.4276729559748427,0.18290415727225973,0.23880687699887343,,,,-0.9984256804385044,18.91109291962358,1.6730267497917637,2.393980848153215
1463,60.0,Igbadun et al. (2016),Nigeria,11.183333333333334,7.633333333333333,2_1,24.366666666666664,17.266666666666666,58.333333333333336,,1.5166666666666668,0.10036315830300005,18.91109291962358,1,1,SANDY CLAY LOAM,5.956666666666666,0.7750032977859818,0.4276729559748427,0.18290415727225973,0.23880687699887343,,,,-0.9984256804385044,18.91109291962358,1.6730267497917637,2.393980848153215
1464,60.0,Igbadun et al. (2016),Nigeria,11.183333333333334,7.633333333333333,2_1,24.366666666666664,17.266666666666666,58.333333333333336,,1.5166666666666668,0.10036315830300005,18.91109291962358,1,1,SANDY CLAY LOAM,5.956666666666666,0.7750032977859818,0.4276729559748427,0.18290415727225973,0.23880687699887343,,,,-0.9984256804385044,18.91109291962358,1.6730267497917637,2.393980848153215
1465,60.0,Igbadun et al. (2016),Nigeria,11.183333333333334,7.633333333333333,2_1,24.366666666666664,17.266666666666666,58.333333333333336,,1.5166666666666668,0.10036315830300005,18.91109291962358,1,1,SANDY CLAY LOAM,5.956666666666666,0.7750032977859818,0.4276729559748427,0.18290415727225973,0.23880687699887343,,,,-0.9984256804385044,18.91109291962358,1.6730267497917637,2.393980848153215
1466,60.0,Igbadun et al. (2016),Nigeria,11.183333333333334,7.633333333333333,2_1,24.366666666666664,17.266666666666666,58.333333333333336,,1.5166666666666668,0.10036315830300005,18.91109291962358,1,1,SANDY CLAY LOAM,5.956666666666666,0.7750032977859818,0.4276729559748427,0.18290415727225973,0.23880687699887343,,,,-0.9984256804385044,18.91109291962358,1.6730267497917637,2.393980848153215
1470,62.0,Sauwa et al. (2013),Nigeria,11.783333333333333,13.216666666666667,2_2,10.7,19.7,69.6,,,0.2367083400358521,10.7811398590946,1,1,SANDY LOAM,4.6811862,0.6703559160738731,,,,,,,-0.625786440137075,10.7811398590946,,6.5046728971962615
1471,62.0,Sauwa et al. (2013),Nigeria,11.783333333333333,13.216666666666667,2_2,10.7,19.7,69.6,,,0.2367083400358521,10.7811398590946,1,1,SANDY LOAM,4.2006806,0.6233196610831114,,,,,,,-0.625786440137075,10.7811398590946,,6.5046728971962615
1472,62.0,Sauwa et al. (2013),Nigeria,11.783333333333333,13.216666666666667,2_2,11.2,18.7,70.1,,,0.23720150799875903,11.035367157491937,1,1,SANDY LOAM,2.6747691,0.42728629741368374,,,,,,,-0.6248825542898241,11.035367157491937,,6.258928571428571
1500,68.0,Teague (2010),USA,34.151441,-116.303392,6_-24,4.49438202247191,3.3707865168539324,92.13483146067416,,1.8,0.6631642252961774,4.746377201137449,1,-1,SAND,7.296912000000001,0.8631391087379547,0.320754716981132,0.10288358846564609,0.07152632191940361,,,,-0.1783789100445186,4.746377201137449,2.7895393544231233,20.5
1501,68.0,Teague (2010),USA,34.151441,-116.303392,6_-24,4.395604395604396,4.395604395604396,91.20879120879121,,1.79,0.6430451617156789,4.842896688200419,1,-1,SAND,2.4908256,0.39634332062797284,0.3245283018867924,0.10531861872552505,0.07491062453589822,,,,-0.19175852506153365,4.842896688200419,2.782857649223744,20.75
1502,68.0,Teague (2010),USA,34.151441,-116.303392,6_-24,7.0588235294117645,12.941176470588236,80.0,,1.73,0.39056497154051173,7.779492445557199,1,-1,LOAMY SAND,6.1667136,0.7900537790039113,0.34716981132075475,0.12052687789248845,0.09818053670416214,,,,-0.4083067097138874,7.779492445557199,2.467243263927195,11.333333333333334
1503,68.0,Teague (2010),USA,34.151441,-116.303392,6_-24,5.681818181818182,10.227272727272727,84.0909090909091,,1.65,0.4747426524677897,6.526663823301272,1,-1,LOAMY SAND,8.2734912,0.9176888093046243,0.37735849056603776,0.1423994304022784,0.13860734272398084,,,,-0.32354174805990266,6.526663823301272,2.786534023028277,14.8
1504,68.0,Teague (2010),USA,34.151441,-116.303392,6_-24,6.818181818181818,9.090909090909092,84.0909090909091,,1.77,0.45748726517379923,7.120579685486453,1,-1,LOAMY SAND,7.099401600000001,0.8512217441035506,0.33207547169811313,0.11027411890352434,0.0820834515251105,,,,-0.3396209906504801,7.120579685486453,2.526844910001827,12.333333333333334
1505,68.0,Teague (2010),USA,34.151441,-116.303392,6_-24,6.976744186046512,10.465116279069768,82.55813953488372,,1.8,0.43020575519481485,7.411384930170949,1,-1,LOAMY SAND,7.4176128000000014,0.8702641593764862,0.320754716981132,0.10288358846564609,0.07152632191940361,,,,-0.36632378401682275,7.411384930170949,2.413649606478515,11.833333333333334
1506,68.0,Teague (2010),USA,34.151441,-116.303392,6_-24,9.58904109589041,8.219178082191782,82.1917808219178,,1.73,0.3898223541550972,8.909370778186698,1,-1,LOAMY SAND,4.7512224000000005,0.6768053597882157,0.34716981132075475,0.12052687789248845,0.09818053670416214,,,,-0.4091332601187495,8.909370778186698,2.4655901631174713,8.571428571428571
1507,68.0,Teague (2010),USA,34.151441,-116.303392,6_-24,6.976744186046512,8.13953488372093,84.88372093023256,,1.65,0.46858317760885393,7.094937731574992,1,-1,LOAMY SAND,8.3283552,0.9205592393303306,0.37735849056603776,0.1423994304022784,0.13860734272398084,,,,-0.32921330686749817,7.094937731574992,2.775190905413086,12.166666666666666
1508,69.0,A. Stanley,Nigeria,11.183333,7.633333,2_1,24.0,20.0,56.0,1.073,1.65,0.09311079488201628,18.39667132564316,1,1,SANDY CLAY LOAM,2.25,0.3521825181113625,0.37735849056603776,0.1423994304022784,0.13860734272398084,1.3247770992694503,1.2454925443003915,0.4049056603773585,-1.0309999657864435,18.39667132564316,1.3716175875751957,2.3333333333333335
1509,69.0,A. Stanley,Nigeria,11.183333,7.633333,2_1,22.0,18.0,60.0,1.17,1.67,0.11511436492277671,17.591950326625557,1,1,SANDY CLAY LOAM,3.82,0.5820633629117087,0.369811320754717,0.13676041295834818,0.12735013534111309,1.3137771392918007,1.271144054843444,0.4326792452830189,-0.9388704781301889,17.591950326625557,1.5190897360978353,2.727272727272727
1510,69.0,A. Stanley,Nigeria,11.183333,7.633333,2_1,23.0,15.0,62.0,0.92,1.55,0.11992087777969804,18.378550167928612,1,1,SANDY CLAY LOAM,1.99,0.29885307640970665,0.41509433962264153,0.17230331078675687,0.20905895980994643,1.342506973351657,1.1545563864970645,0.38188679245283025,-0.9211052012614781,18.378550167928612,1.769889664187031,2.6956521739130435
1511,69.0,A. Stanley,Nigeria,11.183333,7.633333,2_1,24.0,20.0,56.0,1.53,1.63,0.09311079488201628,18.39667132564316,1,1,SANDY CLAY LOAM,2.24,0.35024801833416286,0.3849056603773585,0.14815236739053045,0.15072296626015427,1.2745018379794277,1.2789310704990215,0.5889056603773586,-1.0309999657864435,18.39667132564316,1.4080107824808452,2.3333333333333335
1512,69.0,A. Stanley,Nigeria,11.183333,7.633333,2_1,22.0,18.0,60.0,1.5,1.41,0.11511436492277671,17.591950326625557,1,1,SANDY CLAY LOAM,2.02,0.3053513694466238,0.4679245283018868,0.21895336418654326,0.3618936445435246,1.2776848650289088,1.1035585053816048,0.7018867924528303,-0.9388704781301889,17.591950326625557,1.9726712814914624,2.727272727272727
1513,69.0,A. Stanley,Nigeria,11.183333,7.633333,2_1,29.0,11.0,60.0,1.49,1.21,0.09163922074629131,22.133277213833622,1,1,SANDY CLAY LOAM,1.97,0.2944662261615929,0.5433962264150943,0.29527945888216445,0.7696102828320057,1.2787494101033252,0.9462369956457926,0.8096603773584905,-1.0379186124881463,22.133277213833622,2.1022649182524513,2.0689655172413794
1514,69.0,A. Stanley,Nigeria,11.183333,7.633333,2_1,29.0,18.0,53.0,1.49,1.0,0.07085636213673117,20.861049258416404,1,1,SANDY CLAY LOAM,2.02,0.3053513694466238,0.6226415094339622,0.3876824492702029,1.695141509433962,1.2787494101033252,0.7820140459882583,0.9277358490566038,-1.149621148707613,20.861049258416404,2.2217949428023878,1.8275862068965518
1515,69.0,A. Stanley,Nigeria,11.183333,7.633333,2_1,24.0,20.0,56.0,1.35,1.23,0.09311079488201628,18.39667132564316,1,1,SANDY CLAY LOAM,2.24,0.35024801833416286,0.5358490566037736,0.28713421146315415,0.7141820594459971,1.2938415011878306,0.9506574019080235,0.7233962264150944,-1.0309999657864435,18.39667132564316,2.083640286273382,2.3333333333333335
1516,69.0,A. Stanley,Nigeria,11.183333,7.633333,2_1,29.0,11.0,60.0,1.44,1.41,0.09163922074629131,22.133277213833622,1,1,SANDY CLAY LOAM,1.97,0.2944662261615929,0.4679245283018868,0.21895336418654326,0.3618936445435246,1.2840988556090895,1.0980463021526419,0.673811320754717,-1.0379186124881463,22.133277213833622,1.774575012775548,2.0689655172413794
1518,69.0,A. Stanley,Nigeria,11.183333,7.633333,2_1,20.0,18.0,62.0,2.56,2.56,0.13223426303831123,16.46855575379784,1,1,SANDY CLAY LOAM,1.34,0.12710479836480765,0.03396226415094339,0.0011534353862584544,4.19760650058962e-05,1.1740795583880104,2.18043145518591,0.08694339622641507,-0.8786560008223535,16.46855575379784,-1.842478996374537,3.1
1519,69.0,A. Stanley,Nigeria,11.183333,7.633333,2_1,23.0,15.0,62.0,2.41,2.41,0.11992087777969804,18.378550167928612,1,1,SANDY CLAY LOAM,1.54,0.18752072083646307,0.09056603773584893,0.008202207191171212,0.000898160116662055,1.187708226272293,2.029117881555773,0.21826415094339593,-0.9211052012614781,18.378550167928612,-0.597025354961982,2.6956521739130435
1520,70.0,A. R. Vaezi,iran,36.833333,48.333333,7_9,18.5,28.7,52.8,1.3260619977037889,1.45,0.09902835201876582,14.917972001983465,1,1,SANDY LOAM,2.31,0.36361197989214433,0.4528301886792453,0.2050551797792809,0.3101429116281157,1.2964577690983186,1.1184321113741094,0.6004809046205837,-1.0042404482055192,14.917972001983465,1.7749122448377812,2.8540540540540538
1521,70.0,A. R. Vaezi,iran,36.833333,48.333333,7_9,17.1,26.5,56.4,1.0849598163030998,1.49,0.11830856788469434,14.453363455595039,1,1,SANDY LOAM,1.89,0.2764618041732441,0.4377358490566038,0.1916126735493058,0.2653111835009982,1.3234108910817672,1.125878599035906,0.47492580638173426,-0.9269838027067733,14.453363455595039,1.8616192330185557,3.2982456140350873
1522,71.0,A. Albalasmeh,Jordan,32.465944,35.965111,6_7,48.0,37.0,15.0,1.15,1.18,0.009443842131454296,11.807834345475376,11,1,CLAY,2.94,0.46834733041215726,0.5547169811320755,0.30771092915628334,0.8608790035394296,1.316030197484689,0.8966359603718198,0.6379245283018867,-2.0248512814420314,11.807834345475376,0.17707083432410994,0.3125
1523,71.0,A. Albalasmeh,Jordan,32.465944,35.965111,6_7,48.0,37.0,15.0,1.15,1.18,0.009443842131454296,11.807834345475376,11,1,CLAY,2.94,0.46834733041215726,0.5547169811320755,0.30771092915628334,0.8608790035394296,1.316030197484689,0.8966359603718198,0.6379245283018867,-2.0248512814420314,11.807834345475376,0.17707083432410994,0.3125
1524,71.0,A. Albalasmeh,Jordan,32.465944,35.965111,6_7,48.0,37.0,15.0,1.15,1.18,0.009443842131454296,11.807834345475376,11,1,CLAY,2.94,0.46834733041215726,0.5547169811320755,0.30771092915628334,0.8608790035394296,1.316030197484689,0.8966359603718198,0.6379245283018867,-2.0248512814420314,11.807834345475376,0.17707083432410994,0.3125
1525,71.0,A. Albalasmeh,Jordan,32.465944,35.965111,6_7,48.0,37.0,15.0,1.15,1.18,0.009443842131454296,11.807834345475376,11,1,CLAY,2.94,0.46834733041215726,0.5547169811320755,0.30771092915628334,0.8608790035394296,1.316030197484689,0.8966359603718198,0.6379245283018867,-2.0248512814420314,11.807834345475376,0.17707083432410994,0.3125
1526,71.0,A. Albalasmeh,Jordan,32.465944,35.965111,6_7,48.0,37.0,15.0,1.15,1.18,0.009443842131454296,11.807834345475376,11,1,CLAY,2.94,0.46834733041215726,0.5547169811320755,0.30771092915628334,0.8608790035394296,1.316030197484689,0.8966359603718198,0.6379245283018867,-2.0248512814420314,11.807834345475376,0.17707083432410994,0.3125
1527,71.0,A. Albalasmeh,Jordan,32.465944,35.965111,6_7,48.0,37.0,15.0,1.15,1.18,0.009443842131454296,11.807834345475376,11,1,CLAY,2.94,0.46834733041215726,0.5547169811320755,0.30771092915628334,0.8608790035394296,1.316030197484689,0.8966359603718198,0.6379245283018867,-2.0248512814420314,11.807834345475376,0.17707083432410994,0.3125
1528,71.0,A. Albalasmeh,Jordan,32.465944,35.965111,6_7,48.0,37.0,15.0,1.15,1.18,0.009443842131454296,11.807834345475376,11,1,CLAY,2.94,0.46834733041215726,0.5547169811320755,0.30771092915628334,0.8608790035394296,1.316030197484689,0.8966359603718198,0.6379245283018867,-2.0248512814420314,11.807834345475376,0.17707083432410994,0.3125
1529,71.0,A. Albalasmeh,Jordan,32.465944,35.965111,6_7,48.0,37.0,15.0,1.15,1.18,0.009443842131454296,11.807834345475376,11,1,CLAY,2.94,0.46834733041215726,0.5547169811320755,0.30771092915628334,0.8608790035394296,1.316030197484689,0.8966359603718198,0.6379245283018867,-2.0248512814420314,11.807834345475376,0.17707083432410994,0.3125
1530,71.0,A. Albalasmeh,Jordan,32.465944,35.965111,6_7,48.0,37.0,15.0,1.15,1.18,0.009443842131454296,11.807834345475376,11,1,CLAY,2.94,0.46834733041215726,0.5547169811320755,0.30771092915628334,0.8608790035394296,1.316030197484689,0.8966359603718198,0.6379245283018867,-2.0248512814420314,11.807834345475376,0.17707083432410994,0.3125
1531,71.0,A. Albalasmeh,Jordan,32.465944,35.965111,6_7,48.0,37.0,15.0,1.15,1.18,0.009443842131454296,11.807834345475376,11,1,CLAY,2.94,0.46834733041215726,0.5547169811320755,0.30771092915628334,0.8608790035394296,1.316030197484689,0.8966359603718198,0.6379245283018867,-2.0248512814420314,11.807834345475376,0.17707083432410994,0.3125
1532,71.0,A. Albalasmeh,Jordan,32.465944,35.965111,6_7,48.0,37.0,15.0,1.15,1.18,0.009443842131454296,11.807834345475376,11,1,CLAY,2.94,0.46834733041215726,0.5547169811320755,0.30771092915628334,0.8608790035394296,1.316030197484689,0.8966359603718198,0.6379245283018867,-2.0248512814420314,11.807834345475376,0.17707083432410994,0.3125
1533,71.0,A. Albalasmeh,Jordan,32.465944,35.965111,6_7,48.0,37.0,15.0,1.15,1.18,0.009443842131454296,11.807834345475376,11,1,CLAY,2.94,0.46834733041215726,0.5547169811320755,0.30771092915628334,0.8608790035394296,1.316030197484689,0.8966359603718198,0.6379245283018867,-2.0248512814420314,11.807834345475376,0.17707083432410994,0.3125
1534,71.0,A. Albalasmeh,Jordan,32.465944,35.965111,6_7,48.0,37.0,15.0,1.15,1.18,0.009443842131454296,11.807834345475376,11,1,CLAY,2.94,0.46834733041215726,0.5547169811320755,0.30771092915628334,0.8608790035394296,1.316030197484689,0.8966359603718198,0.6379245283018867,-2.0248512814420314,11.807834345475376,0.17707083432410994,0.3125
1535,71.0,A. Albalasmeh,Jordan,32.465944,35.965111,6_7,48.0,37.0,15.0,1.15,1.18,0.009443842131454296,11.807834345475376,11,1,CLAY,2.94,0.46834733041215726,0.5547169811320755,0.30771092915628334,0.8608790035394296,1.316030197484689,0.8966359603718198,0.6379245283018867,-2.0248512814420314,11.807834345475376,0.17707083432410994,0.3125
1536,71.0,A. Albalasmeh,Jordan,32.465944,35.965111,6_7,48.0,37.0,15.0,1.15,1.18,0.009443842131454296,11.807834345475376,11,1,CLAY,2.94,0.46834733041215726,0.5547169811320755,0.30771092915628334,0.8608790035394296,1.316030197484689,0.8966359603718198,0.6379245283018867,-2.0248512814420314,11.807834345475376,0.17707083432410994,0.3125
1836,77.0,,Italy,39.513889,16.147222,7_3,,,,,1.6230000000000002,,,2,-1,,395.54446770452773,2.597195314617797,0.38754716981132065,0.1501928088287646,0.15517738078428353,,,,,,,
1837,77.0,,Italy,39.513889,16.147222,7_3,,,,,1.6230000000000002,,,2,-1,,395.54446770452773,2.597195314617797,0.38754716981132065,0.1501928088287646,0.15517738078428353,,,,,,,
1838,77.0,,Italy,39.513889,16.147222,7_3,,,,,1.6639999999999997,,,2,-1,,0.13052304880702167,-0.8843127903499794,0.3720754716981133,0.1384401566393735,0.1306406182402731,,,,,,,
1839,77.0,,Italy,39.513889,16.147222,7_3,,,,,1.6639999999999997,,,2,-1,,0.13052304880702167,-0.8843127903499794,0.3720754716981133,0.1384401566393735,0.1306406182402731,,,,,,,
1840,77.0,,Italy,39.513889,16.147222,7_3,,,,,1.5070000000000001,,,2,-1,,159.02502068937133,2.201465460750876,0.43132075471698106,0.18603759344962614,0.24812259386708296,,,,,,,
1841,77.0,,Italy,39.513889,16.147222,7_3,,,,,1.5070000000000001,,,2,-1,,159.02502068937133,2.201465460750876,0.43132075471698106,0.18603759344962614,0.24812259386708296,,,,,,,
1842,77.0,,Italy,39.513889,16.147222,7_3,,,,,1.659,,,2,-1,,240.68651780012956,2.3814517636900816,0.37396226415094336,0.13984777500889994,0.1334388582923119,,,,,,,
1843,77.0,,Italy,39.513889,16.147222,7_3,,,,,1.659,,,2,-1,,240.68651780012956,2.3814517636900816,0.37396226415094336,0.13984777500889994,0.1334388582923119,,,,,,,
1844,77.0,,Italy,39.513889,16.147222,7_3,,,,,1.4960000000000002,,,2,-1,,75.04551538150109,1.8753247445038639,0.4354716981132074,0.18963559985760045,0.2591244333930265,,,,,,,
1845,77.0,,Italy,39.513889,16.147222,7_3,,,,,1.4960000000000002,,,2,-1,,75.04551538150109,1.8753247445038639,0.4354716981132074,0.18963559985760045,0.2591244333930265,,,,,,,
1846,77.0,,Italy,39.513889,16.147222,7_3,,,,,1.685,,,2,-1,,7.24858233839925,0.8602530765277655,0.36415094339622633,0.13260590957636165,0.11943627654171494,,,,,,,
1847,77.0,,Italy,39.513889,16.147222,7_3,,,,,1.685,,,2,-1,,7.24858233839925,0.8602530765277655,0.36415094339622633,0.13260590957636165,0.11943627654171494,,,,,,,
1848,77.0,,Italy,39.513889,16.147222,7_3,,,,,1.7570000000000001,,,2,-1,,0.6307992487345062,-0.20010883257625567,0.33698113207547165,0.11355628337486647,0.08704923919006555,,,,,,,
1849,77.0,,Italy,39.513889,16.147222,7_3,,,,,1.7570000000000001,,,2,-1,,0.6307992487345062,-0.20010883257625567,0.33698113207547165,0.11355628337486647,0.08704923919006555,,,,,,,
1850,77.0,,Italy,39.513889,16.147222,7_3,,,,,1.7610000000000001,,,2,-1,,0.10632667075332235,-0.9733577843181698,0.33547169811320743,0.11254126023495899,0.08549499613995323,,,,,,,
1851,77.0,,Italy,39.513889,16.147222,7_3,,,,,1.7610000000000001,,,2,-1,,0.10632667075332235,-0.9733577843181698,0.33547169811320743,0.11254126023495899,0.08549499613995323,,,,,,,
1852,77.0,,Italy,39.513889,16.147222,7_3,,,,,1.51,,,2,-1,,2.334076916569805,0.36811516357371576,0.43018867924528303,0.18506229975080102,0.24519679292450766,,,,,,,
1853,77.0,,Italy,39.513889,16.147222,7_3,,,,,1.51,,,2,-1,,2.334076916569805,0.36811516357371576,0.43018867924528303,0.18506229975080102,0.24519679292450766,,,,,,,
1854,77.0,,Italy,39.513889,16.147222,7_3,,,,,1.527,,,2,-1,,18.721561719727372,1.2723420739945028,0.4237735849056604,0.17958405126379498,0.22920037335320306,,,,,,,
1855,77.0,,Italy,39.513889,16.147222,7_3,,,,,1.527,,,2,-1,,18.721561719727372,1.2723420739945028,0.4237735849056604,0.17958405126379498,0.22920037335320306,,,,,,,
1856,77.0,,Italy,39.513889,16.147222,7_3,,,,,1.6629999999999998,,,2,-1,,1.9799557911917773,0.29665549336465863,0.37245283018867925,0.13872111071555715,0.13119614847146302,,,,,,,
1857,77.0,,Italy,39.513889,16.147222,7_3,,,,,1.6629999999999998,,,2,-1,,1.9799557911917773,0.29665549336465863,0.37245283018867925,0.13872111071555715,0.13119614847146302,,,,,,,
1858,77.0,,Italy,39.513889,16.147222,7_3,,,,,1.5430000000000001,,,2,-1,,12.467561622046711,1.0957815234353145,0.41773584905660366,0.17450323958704156,0.21501320683947844,,,,,,,
1859,77.0,,Italy,39.513889,16.147222,7_3,,,,,1.5430000000000001,,,2,-1,,12.467561622046711,1.0957815234353145,0.41773584905660366,0.17450323958704156,0.21501320683947844,,,,,,,
1860,77.0,,Italy,39.513889,16.147222,7_3,,,,,1.527,,,2,-1,,2.6192356348837627,0.4181745707148212,0.4237735849056604,0.17958405126379498,0.22920037335320306,,,,,,,
1861,77.0,,Italy,39.513889,16.147222,7_3,,,,,1.527,,,2,-1,,2.6192356348837627,0.4181745707148212,0.4237735849056604,0.17958405126379498,0.22920037335320306,,,,,,,
1864,77.0,,Italy,39.513889,16.147222,7_3,,,,,1.5859999999999999,,,2,-1,,0.2146007164288667,-0.6683688325071409,0.40150943396226424,0.16120982556069782,0.180706029647397,,,,,,,
1865,77.0,,Italy,39.513889,16.147222,7_3,,,,,1.5859999999999999,,,2,-1,,0.2146007164288667,-0.6683688325071409,0.40150943396226424,0.16120982556069782,0.180706029647397,,,,,,,
1866,77.0,,Italy,39.513889,16.147222,7_3,,,,,1.499,,,2,-1,,0.961471718090619,-0.017063486108630756,0.4343396226415094,0.18865090779636878,0.2560806899574562,,,,,,,
1867,77.0,,Italy,39.513889,16.147222,7_3,,,,,1.499,,,2,-1,,0.961471718090619,-0.017063486108630756,0.4343396226415094,0.18865090779636878,0.2560806899574562,,,,,,,
1868,77.0,,Italy,39.513889,16.147222,7_3,,,,,1.4639999999999997,,,2,-1,,0.0037807986481218805,-2.422416450999823,0.4475471698113208,0.20029846920612324,0.29371494131838294,,,,,,,
1869,77.0,,Italy,39.513889,16.147222,7_3,,,,,1.4639999999999997,,,2,-1,,0.0037807986481218805,-2.422416450999823,0.4475471698113208,0.20029846920612324,0.29371494131838294,,,,,,,
1870,77.0,,Italy,39.513889,16.147222,7_3,,,,,1.5930000000000002,,,2,-1,,0.09718195708794915,-1.012414359194205,0.3988679245283018,0.15909562121751505,0.1756093099602507,,,,,,,
1871,77.0,,Italy,39.513889,16.147222,7_3,,,,,1.5930000000000002,,,2,-1,,0.09718195708794915,-1.012414359194205,0.3988679245283018,0.15909562121751505,0.1756093099602507,,,,,,,
1872,77.0,,Italy,39.513889,16.147222,7_3,,,,,1.5170000000000001,,,2,-1,,0.06273933988550078,-1.2024600550611715,0.4275471698113207,0.18279658241367028,0.23849138411904117,,,,,,,
1873,77.0,,Italy,39.513889,16.147222,7_3,,,,,1.5170000000000001,,,2,-1,,0.06273933988550078,-1.2024600550611715,0.4275471698113207,0.18279658241367028,0.23849138411904117,,,,,,,
1874,77.0,,Italy,39.513889,16.147222,7_3,,,,,1.4539999999999997,,,2,-1,,51.05192845891589,1.7080121519713547,0.4513207547169812,0.2036904236383055,0.30536471446185814,,,,,,,
1875,77.0,,Italy,39.513889,16.147222,7_3,,,,,1.4539999999999997,,,2,-1,,51.05192845891589,1.7080121519713547,0.4513207547169812,0.2036904236383055,0.30536471446185814,,,,,,,
1876,77.0,,Italy,39.513889,16.147222,7_3,,,,,1.588,,,2,-1,,1.7484426358517264,0.2426513882370677,0.4007547169811321,0.16060434318262726,0.17923659301613007,,,,,,,
1877,77.0,,Italy,39.513889,16.147222,7_3,,,,,1.588,,,2,-1,,1.7484426358517264,0.2426513882370677,0.4007547169811321,0.16060434318262726,0.17923659301613007,,,,,,,
1878,77.0,,Italy,39.513889,16.147222,7_3,,,,,1.557,,,2,-1,,3.1735256321782437,0.5015420104075347,0.4124528301886793,0.17011733713065152,0.20325319764268263,,,,,,,
1879,77.0,,Italy,39.513889,16.147222,7_3,,,,,1.557,,,2,-1,,3.1735256321782437,0.5015420104075347,0.4124528301886793,0.17011733713065152,0.20325319764268263,,,,,,,
1880,77.0,,Italy,39.513889,16.147222,7_3,,,,,1.396,,,2,-1,,2.305509411061019,0.3627668993437705,0.4732075471698114,0.2239253826984693,0.38183514464438073,,,,,,,
1881,77.0,,Italy,39.513889,16.147222,7_3,,,,,1.396,,,2,-1,,2.305509411061019,0.3627668993437705,0.4732075471698114,0.2239253826984693,0.38183514464438073,,,,,,,
1882,77.0,,Italy,39.513889,16.147222,7_3,,,,,1.6429999999999998,,,2,-1,,1.3987541086813808,0.1457413752290112,0.38,0.1444,0.1427471383975026,,,,,,,
1883,77.0,,Italy,39.513889,16.147222,7_3,,,,,1.6429999999999998,,,2,-1,,1.3987541086813808,0.1457413752290112,0.38,0.1444,0.1427471383975026,,,,,,,
1884,77.0,,Italy,39.513889,16.147222,7_3,,,,,1.374,,,2,-1,,4.757158738570937,0.6773476433549901,0.4815094339622641,0.23185133499465996,0.4152720327770165,,,,,,,
1885,77.0,,Italy,39.513889,16.147222,7_3,,,,,1.374,,,2,-1,,4.757158738570937,0.6773476433549901,0.4815094339622641,0.23185133499465996,0.4152720327770165,,,,,,,
1886,77.0,,Italy,39.513889,16.147222,7_3,,,,,1.4960000000000002,,,2,-1,,916.732472209317,2.962242615065097,0.4354716981132074,0.18963559985760045,0.2591244333930265,,,,,,,
1887,77.0,,Italy,39.513889,16.147222,7_3,,,,,1.4960000000000002,,,2,-1,,916.732472209317,2.962242615065097,0.4354716981132074,0.18963559985760045,0.2591244333930265,,,,,,,
1888,77.0,,Italy,39.513889,16.147222,7_3,,,,,1.3090000000000002,,,2,-1,,12.780899810960582,1.106561430440418,0.5060377358490565,0.2560741901032395,0.5310814918054982,,,,,,,
1889,77.0,,Italy,39.513889,16.147222,7_3,,,,,1.3090000000000002,,,2,-1,,12.780899810960582,1.106561430440418,0.5060377358490565,0.2560741901032395,0.5310814918054982,,,,,,,
1890,77.0,,Italy,39.513889,16.147222,7_3,,,,,1.55,,,2,-1,,2.81104834551919,0.44886831483962053,0.41509433962264153,0.17230331078675687,0.20905895980994643,,,,,,,
1891,77.0,,Italy,39.513889,16.147222,7_3,,,,,1.55,,,2,-1,,2.81104834551919,0.44886831483962053,0.41509433962264153,0.17230331078675687,0.20905895980994643,,,,,,,
1892,77.0,,Italy,39.513889,16.147222,7_3,,,,,1.5210000000000001,,,2,-1,,429.7183463481174,2.6331838958008724,0.4260377358490566,0.1815081523673905,0.23473482386642983,,,,,,,
1893,77.0,,Italy,39.513889,16.147222,7_3,,,,,1.5210000000000001,,,2,-1,,429.7183463481174,2.6331838958008724,0.4260377358490566,0.1815081523673905,0.23473482386642983,,,,,,,
1894,77.0,,Italy,39.513889,16.147222,7_3,,,,,1.426,,,2,-1,,39.35467683726866,1.5949963505178586,0.46188679245283015,0.2133394090423638,0.3402979465554602,,,,,,,
1895,77.0,,Italy,39.513889,16.147222,7_3,,,,,1.426,,,2,-1,,39.35467683726866,1.5949963505178586,0.46188679245283015,0.2133394090423638,0.3402979465554602,,,,,,,
1896,78.0,D. Jacques,Belgium,50.949594,4.961417,10_0,,,,,1.4255,,,5,-1,,0.6225055665616024,-0.20585676067210062,0.46207547169811314,0.21351374154503375,0.340954205134946,,,,,,,
1897,78.0,D. Jacques,Belgium,50.949594,4.961417,10_0,,,,,1.4255,,,5,-1,,0.6225055665616024,-0.20585676067210062,0.46207547169811314,0.21351374154503375,0.340954205134946,,,,,,,
1898,78.0,D. Jacques,Belgium,50.949594,4.961417,10_0,,,,,1.4255,,,5,-1,,0.6225055665616024,-0.20585676067210062,0.46207547169811314,0.21351374154503375,0.340954205134946,,,,,,,
1899,78.0,D. Jacques,Belgium,50.949594,4.961417,10_0,,,,,1.4255,,,5,-1,,0.2194526694990687,-0.6586591318768179,0.46207547169811314,0.21351374154503375,0.340954205134946,,,,,,,
1900,78.0,D. Jacques,Belgium,50.949594,4.961417,10_0,,,,,1.4255,,,5,-1,,0.2194526694990687,-0.6586591318768179,0.46207547169811314,0.21351374154503375,0.340954205134946,,,,,,,
1901,78.0,D. Jacques,Belgium,50.949594,4.961417,10_0,,,,,1.4255,,,5,-1,,0.2194526694990687,-0.6586591318768179,0.46207547169811314,0.21351374154503375,0.340954205134946,,,,,,,
1902,78.0,D. Jacques,Belgium,50.949594,4.961417,10_0,,,,,1.4090000000000003,,,5,-1,,1.4787293356072035,0.1698886886625502,0.46830188679245277,0.21930665717337125,0.36328501512541905,,,,,,,
1903,78.0,D. Jacques,Belgium,50.949594,4.961417,10_0,,,,,1.4090000000000003,,,5,-1,,1.4787293356072035,0.1698886886625502,0.46830188679245277,0.21930665717337125,0.36328501512541905,,,,,,,
1904,78.0,D. Jacques,Belgium,50.949594,4.961417,10_0,,,,,1.4090000000000003,,,5,-1,,1.4787293356072035,0.1698886886625502,0.46830188679245277,0.21930665717337125,0.36328501512541905,,,,,,,
1905,78.0,D. Jacques,Belgium,50.949594,4.961417,10_0,,,,,1.461,,,5,-1,,21.94552665720805,1.341346007672438,0.44867924528301883,0.2013130651477394,0.2971660954943776,,,,,,,
1906,78.0,D. Jacques,Belgium,50.949594,4.961417,10_0,,,,,1.461,,,5,-1,,21.94552665720805,1.341346007672438,0.44867924528301883,0.2013130651477394,0.2971660954943776,,,,,,,
1907,78.0,D. Jacques,Belgium,50.949594,4.961417,10_0,,,,,1.461,,,5,-1,,21.94552665720805,1.341346007672438,0.44867924528301883,0.2013130651477394,0.2971660954943776,,,,,,,
1908,78.0,D. Jacques,Belgium,50.949594,4.961417,10_0,,,,,1.4015,,,5,-1,,0.1951277952895334,-0.7096808624298503,0.4711320754716981,0.22196543253826984,0.37388114319117555,,,,,,,
1909,78.0,D. Jacques,Belgium,50.949594,4.961417,10_0,,,,,1.4015,,,5,-1,,0.1951277952895334,-0.7096808624298503,0.4711320754716981,0.22196543253826984,0.37388114319117555,,,,,,,
1910,78.0,D. Jacques,Belgium,50.949594,4.961417,10_0,,,,,1.4015,,,5,-1,,0.1951277952895334,-0.7096808624298503,0.4711320754716981,0.22196543253826984,0.37388114319117555,,,,,,,
1911,78.0,D. Jacques,Belgium,50.949594,4.961417,10_0,,,,,1.2745000000000002,,,5,-1,,5.398535669677089,0.7322759752265611,0.5190566037735849,0.2694197579209683,0.6045834167254096,,,,,,,
1912,78.0,D. Jacques,Belgium,50.949594,4.961417,10_0,,,,,1.2745000000000002,,,5,-1,,5.398535669677089,0.7322759752265611,0.5190566037735849,0.2694197579209683,0.6045834167254096,,,,,,,
1913,78.0,D. Jacques,Belgium,50.949594,4.961417,10_0,,,,,1.2745000000000002,,,5,-1,,5.398535669677089,0.7322759752265611,0.5190566037735849,0.2694197579209683,0.6045834167254096,,,,,,,
1914,78.0,D. Jacques,Belgium,50.949594,4.961417,10_0,,,,,1.457,,,5,-1,,0.7173251135889833,-0.1442839642263332,0.45018867924528294,0.20266984692061224,0.30182579521537767,,,,,,,
1915,78.0,D. Jacques,Belgium,50.949594,4.961417,10_0,,,,,1.457,,,5,-1,,0.7173251135889833,-0.1442839642263332,0.45018867924528294,0.20266984692061224,0.30182579521537767,,,,,,,
1916,78.0,D. Jacques,Belgium,50.949594,4.961417,10_0,,,,,1.457,,,5,-1,,0.7173251135889833,-0.1442839642263332,0.45018867924528294,0.20266984692061224,0.30182579521537767,,,,,,,
1917,78.0,D. Jacques,Belgium,50.949594,4.961417,10_0,,,,,1.384,,,5,-1,,225.7227457704707,2.3535753245401936,0.4777358490566038,0.22823154147383415,0.39974502076297563,,,,,,,
1918,78.0,D. Jacques,Belgium,50.949594,4.961417,10_0,,,,,1.384,,,5,-1,,225.7227457704707,2.3535753245401936,0.4777358490566038,0.22823154147383415,0.39974502076297563,,,,,,,
1919,78.0,D. Jacques,Belgium,50.949594,4.961417,10_0,,,,,1.384,,,5,-1,,225.7227457704707,2.3535753245401936,0.4777358490566038,0.22823154147383415,0.39974502076297563,,,,,,,
1920,78.0,D. Jacques,Belgium,50.949594,4.961417,10_0,,,,,1.3855,,,5,-1,,0.03024389730911535,-1.5193622452216509,0.47716981132075476,0.22769102883588468,0.3974637876630879,,,,,,,
1921,78.0,D. Jacques,Belgium,50.949594,4.961417,10_0,,,,,1.3855,,,5,-1,,0.03024389730911535,-1.5193622452216509,0.47716981132075476,0.22769102883588468,0.3974637876630879,,,,,,,
1922,78.0,D. Jacques,Belgium,50.949594,4.961417,10_0,,,,,1.3855,,,5,-1,,0.03024389730911535,-1.5193622452216509,0.47716981132075476,0.22769102883588468,0.3974637876630879,,,,,,,
1923,78.0,D. Jacques,Belgium,50.949594,4.961417,10_0,,,,,1.4225,,,5,-1,,1.9736582018174307,0.29527194371488114,0.4632075471698113,0.21456123175507294,0.3449165856271918,,,,,,,
1924,78.0,D. Jacques,Belgium,50.949594,4.961417,10_0,,,,,1.4225,,,5,-1,,1.9736582018174307,0.29527194371488114,0.4632075471698113,0.21456123175507294,0.3449165856271918,,,,,,,
1925,78.0,D. Jacques,Belgium,50.949594,4.961417,10_0,,,,,1.4225,,,5,-1,,1.9736582018174307,0.29527194371488114,0.4632075471698113,0.21456123175507294,0.3449165856271918,,,,,,,
1926,78.0,D. Jacques,Belgium,50.949594,4.961417,10_0,,,,,1.4299999999999997,,,5,-1,,0.027403734363843094,-1.5621902509350318,0.46037735849056616,0.21194731221075128,0.3350900583780915,,,,,,,
1927,78.0,D. Jacques,Belgium,50.949594,4.961417,10_0,,,,,1.4299999999999997,,,5,-1,,0.027403734363843094,-1.5621902509350318,0.46037735849056616,0.21194731221075128,0.3350900583780915,,,,,,,
1928,78.0,D. Jacques,Belgium,50.949594,4.961417,10_0,,,,,1.4299999999999997,,,5,-1,,0.027403734363843094,-1.5621902509350318,0.46037735849056616,0.21194731221075128,0.3350900583780915,,,,,,,
1929,78.0,D. Jacques,Belgium,50.949594,4.961417,10_0,,,,,1.396,,,5,-1,,12.642140492281792,1.1018206123391334,0.4732075471698114,0.2239253826984693,0.38183514464438073,,,,,,,
1930,78.0,D. Jacques,Belgium,50.949594,4.961417,10_0,,,,,1.396,,,5,-1,,12.642140492281792,1.1018206123391334,0.4732075471698114,0.2239253826984693,0.38183514464438073,,,,,,,
1931,78.0,D. Jacques,Belgium,50.949594,4.961417,10_0,,,,,1.396,,,5,-1,,12.642140492281792,1.1018206123391334,0.4732075471698114,0.2239253826984693,0.38183514464438073,,,,,,,
1932,78.0,D. Jacques,Belgium,50.949594,4.961417,10_0,,,,,1.3944999999999999,,,5,-1,,559.7560026162882,2.7479987594893944,0.47377358490566046,0.22446140975436107,0.38403184608410323,,,,,,,
1933,78.0,D. Jacques,Belgium,50.949594,4.961417,10_0,,,,,1.3944999999999999,,,5,-1,,559.7560026162882,2.7479987594893944,0.47377358490566046,0.22446140975436107,0.38403184608410323,,,,,,,
1934,78.0,D. Jacques,Belgium,50.949594,4.961417,10_0,,,,,1.3944999999999999,,,5,-1,,559.7560026162882,2.7479987594893944,0.47377358490566046,0.22446140975436107,0.38403184608410323,,,,,,,
1935,78.0,D. Jacques,Belgium,50.949594,4.961417,10_0,,,,,1.4145,,,5,-1,,0.1507970857451701,-0.8216070514173133,0.4662264150943396,0.21736707013171944,0.35569394456146414,,,,,,,
1936,78.0,D. Jacques,Belgium,50.949594,4.961417,10_0,,,,,1.4145,,,5,-1,,0.1507970857451701,-0.8216070514173133,0.4662264150943396,0.21736707013171944,0.35569394456146414,,,,,,,
1937,78.0,D. Jacques,Belgium,50.949594,4.961417,10_0,,,,,1.4145,,,5,-1,,0.1507970857451701,-0.8216070514173133,0.4662264150943396,0.21736707013171944,0.35569394456146414,,,,,,,
1938,78.0,D. Jacques,Belgium,50.949594,4.961417,10_0,,,,,1.3964999999999999,,,5,-1,,667.4013877348053,2.824387105352849,0.4730188679245283,0.22374684941260234,0.38110553900353517,,,,,,,
1939,78.0,D. Jacques,Belgium,50.949594,4.961417,10_0,,,,,1.3964999999999999,,,5,-1,,667.4013877348053,2.824387105352849,0.4730188679245283,0.22374684941260234,0.38110553900353517,,,,,,,
1940,78.0,D. Jacques,Belgium,50.949594,4.961417,10_0,,,,,1.3964999999999999,,,5,-1,,667.4013877348053,2.824387105352849,0.4730188679245283,0.22374684941260234,0.38110553900353517,,,,,,,
1941,78.0,D. Jacques,Belgium,50.949594,4.961417,10_0,,,,,1.386,,,5,-1,,1689.9763835510887,3.2278806356402368,0.47698113207547177,0.22751100035599864,0.3967061080775043,,,,,,,
1942,78.0,D. Jacques,Belgium,50.949594,4.961417,10_0,,,,,1.386,,,5,-1,,1689.9763835510887,3.2278806356402368,0.47698113207547177,0.22751100035599864,0.3967061080775043,,,,,,,
1943,78.0,D. Jacques,Belgium,50.949594,4.961417,10_0,,,,,1.386,,,5,-1,,1689.9763835510887,3.2278806356402368,0.47698113207547177,0.22751100035599864,0.3967061080775043,,,,,,,
1944,78.0,D. Jacques,Belgium,50.949594,4.961417,10_0,,,,,1.4605000000000001,,,5,-1,,0.023169680985738583,-1.6350799457994578,0.4488679245283018,0.20148241367034525,0.2977449077265025,,,,,,,
1945,78.0,D. Jacques,Belgium,50.949594,4.961417,10_0,,,,,1.4605000000000001,,,5,-1,,0.023169680985738583,-1.6350799457994578,0.4488679245283018,0.20148241367034525,0.2977449077265025,,,,,,,
1946,78.0,D. Jacques,Belgium,50.949594,4.961417,10_0,,,,,1.4605000000000001,,,5,-1,,0.023169680985738583,-1.6350799457994578,0.4488679245283018,0.20148241367034525,0.2977449077265025,,,,,,,
1947,78.0,D. Jacques,Belgium,50.949594,4.961417,10_0,,,,,1.4115,,,5,-1,,0.6370272090218966,-0.19584201746731347,0.46735849056603773,0.21842395870416517,0.35981593585409144,,,,,,,
1948,78.0,D. Jacques,Belgium,50.949594,4.961417,10_0,,,,,1.4115,,,5,-1,,0.6370272090218966,-0.19584201746731347,0.46735849056603773,0.21842395870416517,0.35981593585409144,,,,,,,
1949,78.0,D. Jacques,Belgium,50.949594,4.961417,10_0,,,,,1.4115,,,5,-1,,0.6370272090218966,-0.19584201746731347,0.46735849056603773,0.21842395870416517,0.35981593585409144,,,,,,,
1950,78.0,D. Jacques,Belgium,50.949594,4.961417,10_0,,,,,1.396,,,5,-1,,0.11246949311827266,-0.9489652621490262,0.4732075471698114,0.2239253826984693,0.38183514464438073,,,,,,,
1951,78.0,D. Jacques,Belgium,50.949594,4.961417,10_0,,,,,1.396,,,5,-1,,0.11246949311827266,-0.9489652621490262,0.4732075471698114,0.2239253826984693,0.38183514464438073,,,,,,,
1952,78.0,D. Jacques,Belgium,50.949594,4.961417,10_0,,,,,1.396,,,5,-1,,0.11246949311827266,-0.9489652621490262,0.4732075471698114,0.2239253826984693,0.38183514464438073,,,,,,,
1953,78.0,D. Jacques,Belgium,50.949594,4.961417,10_0,,,,,1.4075000000000002,,,5,-1,,611.1549814728781,2.786151356009416,0.46886792452830184,0.21983713065147734,0.365381463707212,,,,,,,
1954,78.0,D. Jacques,Belgium,50.949594,4.961417,10_0,,,,,1.4075000000000002,,,5,-1,,611.1549814728781,2.786151356009416,0.46886792452830184,0.21983713065147734,0.365381463707212,,,,,,,
1955,78.0,D. Jacques,Belgium,50.949594,4.961417,10_0,,,,,1.4075000000000002,,,5,-1,,611.1549814728781,2.786151356009416,0.46886792452830184,0.21983713065147734,0.365381463707212,,,,,,,
1956,78.0,D. Jacques,Belgium,50.949594,4.961417,10_0,,,,,1.4024999999999999,,,5,-1,,0.11486246105695934,-0.9398218827091563,0.47075471698113214,0.2216100035599858,0.37245177564579085,,,,,,,
1957,78.0,D. Jacques,Belgium,50.949594,4.961417,10_0,,,,,1.4024999999999999,,,5,-1,,0.11486246105695934,-0.9398218827091563,0.47075471698113214,0.2216100035599858,0.37245177564579085,,,,,,,
1958,78.0,D. Jacques,Belgium,50.949594,4.961417,10_0,,,,,1.4024999999999999,,,5,-1,,0.11486246105695934,-0.9398218827091563,0.47075471698113214,0.2216100035599858,0.37245177564579085,,,,,,,
1959,78.0,D. Jacques,Belgium,50.949594,4.961417,10_0,,,,,1.434,,,5,-1,,0.1115399931751465,-0.9525693864178513,0.45886792452830194,0.2105597721609114,0.32995639364551715,,,,,,,
1960,78.0,D. Jacques,Belgium,50.949594,4.961417,10_0,,,,,1.434,,,5,-1,,0.1115399931751465,-0.9525693864178513,0.45886792452830194,0.2105597721609114,0.32995639364551715,,,,,,,
1961,78.0,D. Jacques,Belgium,50.949594,4.961417,10_0,,,,,1.434,,,5,-1,,0.1115399931751465,-0.9525693864178513,0.45886792452830194,0.2105597721609114,0.32995639364551715,,,,,,,
1962,78.0,D. Jacques,Belgium,50.949594,4.961417,10_0,,,,,1.4345000000000003,,,5,-1,,0.04435416630016389,-1.3530655795258821,0.45867924528301873,0.21038665005339965,0.32931985114651685,,,,,,,
1963,78.0,D. Jacques,Belgium,50.949594,4.961417,10_0,,,,,1.4345000000000003,,,5,-1,,0.04435416630016389,-1.3530655795258821,0.45867924528301873,0.21038665005339965,0.32931985114651685,,,,,,,
1964,78.0,D. Jacques,Belgium,50.949594,4.961417,10_0,,,,,1.4345000000000003,,,5,-1,,0.04435416630016389,-1.3530655795258821,0.45867924528301873,0.21038665005339965,0.32931985114651685,,,,,,,
1965,78.0,D. Jacques,Belgium,50.949594,4.961417,10_0,,,,,1.3725,,,5,-1,,33.53127745141049,1.5254500991947113,0.48207547169811316,0.2323967604129583,0.4176496735089895,,,,,,,
1966,78.0,D. Jacques,Belgium,50.949594,4.961417,10_0,,,,,1.3725,,,5,-1,,33.53127745141049,1.5254500991947113,0.48207547169811316,0.2323967604129583,0.4176496735089895,,,,,,,
1967,78.0,D. Jacques,Belgium,50.949594,4.961417,10_0,,,,,1.3725,,,5,-1,,33.53127745141049,1.5254500991947113,0.48207547169811316,0.2323967604129583,0.4176496735089895,,,,,,,
1968,78.0,D. Jacques,Belgium,50.949594,4.961417,10_0,,,,,1.4374999999999998,,,5,-1,,6.7981560284822615,0.8323911281098291,0.4575471698113208,0.20934941260234965,0.3255244855013021,,,,,,,
1969,78.0,D. Jacques,Belgium,50.949594,4.961417,10_0,,,,,1.4374999999999998,,,5,-1,,6.7981560284822615,0.8323911281098291,0.4575471698113208,0.20934941260234965,0.3255244855013021,,,,,,,
1970,78.0,D. Jacques,Belgium,50.949594,4.961417,10_0,,,,,1.4374999999999998,,,5,-1,,6.7981560284822615,0.8323911281098291,0.4575471698113208,0.20934941260234965,0.3255244855013021,,,,,,,
1971,78.0,D. Jacques,Belgium,50.949594,4.961417,10_0,,,,,1.4620000000000002,,,5,-1,,1.393884209793675,0.1442266983414135,0.44830188679245275,0.20097458170167312,0.296011581175089,,,,,,,
1972,78.0,D. Jacques,Belgium,50.949594,4.961417,10_0,,,,,1.4620000000000002,,,5,-1,,1.393884209793675,0.1442266983414135,0.44830188679245275,0.20097458170167312,0.296011581175089,,,,,,,
1973,78.0,D. Jacques,Belgium,50.949594,4.961417,10_0,,,,,1.4620000000000002,,,5,-1,,1.393884209793675,0.1442266983414135,0.44830188679245275,0.20097458170167312,0.296011581175089,,,,,,,
1974,78.0,D. Jacques,Belgium,50.949594,4.961417,10_0,,,,,1.3775,,,5,-1,,0.2034623996109456,-0.6915158377914454,0.48018867924528297,0.23058116767532924,0.40977389141520315,,,,,,,
1975,78.0,D. Jacques,Belgium,50.949594,4.961417,10_0,,,,,1.3775,,,5,-1,,0.2034623996109456,-0.6915158377914454,0.48018867924528297,0.23058116767532924,0.40977389141520315,,,,,,,
1976,78.0,D. Jacques,Belgium,50.949594,4.961417,10_0,,,,,1.3775,,,5,-1,,0.2034623996109456,-0.6915158377914454,0.48018867924528297,0.23058116767532924,0.40977389141520315,,,,,,,
1980,78.0,D. Jacques,Belgium,50.949594,4.961417,10_0,,,,,0.72,,,5,-1,,0.24538798498532222,-0.6101467055956451,0.7283018867924529,0.5304236383054469,5.233124417656654,,,,,,,
1981,78.0,D. Jacques,Belgium,50.949594,4.961417,10_0,,,,,0.72,,,5,-1,,0.24538798498532222,-0.6101467055956451,0.7283018867924529,0.5304236383054469,5.233124417656654,,,,,,,
1982,78.0,D. Jacques,Belgium,50.949594,4.961417,10_0,,,,,0.72,,,5,-1,,0.24538798498532222,-0.6101467055956451,0.7283018867924529,0.5304236383054469,5.233124417656654,,,,,,,
1983,78.0,D. Jacques,Belgium,50.949594,4.961417,10_0,,,,,1.341,,,5,-1,,122.72498365014854,2.0889329829136813,0.49396226415094335,0.24399871840512632,0.47066890788459775,,,,,,,
1984,78.0,D. Jacques,Belgium,50.949594,4.961417,10_0,,,,,1.341,,,5,-1,,122.72498365014854,2.0889329829136813,0.49396226415094335,0.24399871840512632,0.47066890788459775,,,,,,,
1985,78.0,D. Jacques,Belgium,50.949594,4.961417,10_0,,,,,1.341,,,5,-1,,122.72498365014854,2.0889329829136813,0.49396226415094335,0.24399871840512632,0.47066890788459775,,,,,,,
1989,78.0,D. Jacques,Belgium,50.949594,4.961417,10_0,,,,,1.4435,,,5,-1,,51.30062403874333,1.7101226480540062,0.45528301886792455,0.20728262726949095,0.3180552204730321,,,,,,,
1990,78.0,D. Jacques,Belgium,50.949594,4.961417,10_0,,,,,1.4435,,,5,-1,,51.30062403874333,1.7101226480540062,0.45528301886792455,0.20728262726949095,0.3180552204730321,,,,,,,
1991,78.0,D. Jacques,Belgium,50.949594,4.961417,10_0,,,,,1.4435,,,5,-1,,51.30062403874333,1.7101226480540062,0.45528301886792455,0.20728262726949095,0.3180552204730321,,,,,,,
1992,78.0,D. Jacques,Belgium,50.949594,4.961417,10_0,,,,,1.381,,,5,-1,,148.13055191187138,2.170644640954207,0.47886792452830185,0.2293144891420434,0.4043445885330711,,,,,,,
1993,78.0,D. Jacques,Belgium,50.949594,4.961417,10_0,,,,,1.381,,,5,-1,,148.13055191187138,2.170644640954207,0.47886792452830185,0.2293144891420434,0.4043445885330711,,,,,,,
1994,78.0,D. Jacques,Belgium,50.949594,4.961417,10_0,,,,,1.381,,,5,-1,,148.13055191187138,2.170644640954207,0.47886792452830185,0.2293144891420434,0.4043445885330711,,,,,,,
1995,78.0,D. Jacques,Belgium,50.949594,4.961417,10_0,,,,,1.3359999999999999,,,5,-1,,3.0557749073643907,0.4851213603454346,0.49584905660377365,0.24586628693485232,0.4796531549938201,,,,,,,
1996,78.0,D. Jacques,Belgium,50.949594,4.961417,10_0,,,,,1.3359999999999999,,,5,-1,,3.0557749073643907,0.4851213603454346,0.49584905660377365,0.24586628693485232,0.4796531549938201,,,,,,,
1997,78.0,D. Jacques,Belgium,50.949594,4.961417,10_0,,,,,1.3359999999999999,,,5,-1,,3.0557749073643907,0.4851213603454346,0.49584905660377365,0.24586628693485232,0.4796531549938201,,,,,,,
1998,78.0,D. Jacques,Belgium,50.949594,4.961417,10_0,,,,,1.3785,,,5,-1,,1.233286165917611,0.09106385993645055,0.479811320754717,0.23021890352438593,0.40821567652192764,,,,,,,
1999,78.0,D. Jacques,Belgium,50.949594,4.961417,10_0,,,,,1.3785,,,5,-1,,1.233286165917611,0.09106385993645055,0.479811320754717,0.23021890352438593,0.40821567652192764,,,,,,,
2000,78.0,D. Jacques,Belgium,50.949594,4.961417,10_0,,,,,1.3785,,,5,-1,,1.233286165917611,0.09106385993645055,0.479811320754717,0.23021890352438593,0.40821567652192764,,,,,,,
2001,78.0,D. Jacques,Belgium,50.949594,4.961417,10_0,,,,,1.4344999999999999,,,5,-1,,1.2571932381439797,0.09940203648437915,0.45867924528301884,0.21038665005339977,0.3293198511465173,,,,,,,
2002,78.0,D. Jacques,Belgium,50.949594,4.961417,10_0,,,,,1.4344999999999999,,,5,-1,,1.2571932381439797,0.09940203648437915,0.45867924528301884,0.21038665005339977,0.3293198511465173,,,,,,,
2003,78.0,D. Jacques,Belgium,50.949594,4.961417,10_0,,,,,1.4344999999999999,,,5,-1,,1.2571932381439797,0.09940203648437915,0.45867924528301884,0.21038665005339977,0.3293198511465173,,,,,,,
2004,78.0,D. Jacques,Belgium,50.949594,4.961417,10_0,,,,,1.3465000000000003,,,5,-1,,2.1828861620868234,0.3390310877629034,0.49188679245283007,0.24195261658953351,0.46097196865127504,,,,,,,
2005,78.0,D. Jacques,Belgium,50.949594,4.961417,10_0,,,,,1.3465000000000003,,,5,-1,,2.1828861620868234,0.3390310877629034,0.49188679245283007,0.24195261658953351,0.46097196865127504,,,,,,,
2006,78.0,D. Jacques,Belgium,50.949594,4.961417,10_0,,,,,1.3465000000000003,,,5,-1,,2.1828861620868234,0.3390310877629034,0.49188679245283007,0.24195261658953351,0.46097196865127504,,,,,,,
2007,78.0,D. Jacques,Belgium,50.949594,4.961417,10_0,,,,,1.3815,,,5,-1,,287.83661745908654,2.4591460423762497,0.47867924528301886,0.22913381986472053,0.4035745416800465,,,,,,,
2008,78.0,D. Jacques,Belgium,50.949594,4.961417,10_0,,,,,1.3815,,,5,-1,,287.83661745908654,2.4591460423762497,0.47867924528301886,0.22913381986472053,0.4035745416800465,,,,,,,
2009,78.0,D. Jacques,Belgium,50.949594,4.961417,10_0,,,,,1.3815,,,5,-1,,287.83661745908654,2.4591460423762497,0.47867924528301886,0.22913381986472053,0.4035745416800465,,,,,,,
2010,78.0,D. Jacques,Belgium,50.949594,4.961417,10_0,,,,,1.405,,,5,-1,,94.95177062164119,1.9775030676937686,0.469811320754717,0.22072267710929158,0.36890074464752487,,,,,,,
2011,78.0,D. Jacques,Belgium,50.949594,4.961417,10_0,,,,,1.405,,,5,-1,,94.95177062164119,1.9775030676937686,0.469811320754717,0.22072267710929158,0.36890074464752487,,,,,,,
2012,78.0,D. Jacques,Belgium,50.949594,4.961417,10_0,,,,,1.405,,,5,-1,,94.95177062164119,1.9775030676937686,0.469811320754717,0.22072267710929158,0.36890074464752487,,,,,,,
2013,78.0,D. Jacques,Belgium,50.949594,4.961417,10_0,,,,,1.4060000000000001,,,5,-1,,154.1704617708831,2.188001173204252,0.4694339622641509,0.22036824492702026,0.3674892384732041,,,,,,,
2014,78.0,D. Jacques,Belgium,50.949594,4.961417,10_0,,,,,1.4060000000000001,,,5,-1,,154.1704617708831,2.188001173204252,0.4694339622641509,0.22036824492702026,0.3674892384732041,,,,,,,
2015,78.0,D. Jacques,Belgium,50.949594,4.961417,10_0,,,,,1.4060000000000001,,,5,-1,,154.1704617708831,2.188001173204252,0.4694339622641509,0.22036824492702026,0.3674892384732041,,,,,,,
2016,78.0,D. Jacques,Belgium,50.949594,4.961417,10_0,,,,,1.4175,,,5,-1,,1.4596899021015306,0.16426060365412387,0.46509433962264146,0.21631274474902096,0.351616117972756,,,,,,,
2017,78.0,D. Jacques,Belgium,50.949594,4.961417,10_0,,,,,1.4175,,,5,-1,,1.4596899021015306,0.16426060365412387,0.46509433962264146,0.21631274474902096,0.351616117972756,,,,,,,
2018,78.0,D. Jacques,Belgium,50.949594,4.961417,10_0,,,,,1.4175,,,5,-1,,1.4596899021015306,0.16426060365412387,0.46509433962264146,0.21631274474902096,0.351616117972756,,,,,,,
2019,78.0,D. Jacques,Belgium,50.949594,4.961417,10_0,,,,,1.3295,,,5,-1,,17.842617891305636,1.251458574946935,0.4983018867924528,0.24830477038091844,0.49157825020714585,,,,,,,
2020,78.0,D. Jacques,Belgium,50.949594,4.961417,10_0,,,,,1.3295,,,5,-1,,17.842617891305636,1.251458574946935,0.4983018867924528,0.24830477038091844,0.49157825020714585,,,,,,,
2021,78.0,D. Jacques,Belgium,50.949594,4.961417,10_0,,,,,1.3295,,,5,-1,,17.842617891305636,1.251458574946935,0.4983018867924528,0.24830477038091844,0.49157825020714585,,,,,,,
2022,78.0,D. Jacques,Belgium,50.949594,4.961417,10_0,,,,,0.7055000000000001,,,5,-1,,0.6876706150660102,-0.16261953315011085,0.7337735849056604,0.5384236739053043,5.574217781335352,,,,,,,
2023,78.0,D. Jacques,Belgium,50.949594,4.961417,10_0,,,,,0.7055000000000001,,,5,-1,,0.6876706150660102,-0.16261953315011085,0.7337735849056604,0.5384236739053043,5.574217781335352,,,,,,,
2024,78.0,D. Jacques,Belgium,50.949594,4.961417,10_0,,,,,0.7055000000000001,,,5,-1,,0.6876706150660102,-0.16261953315011085,0.7337735849056604,0.5384236739053043,5.574217781335352,,,,,,,
2025,78.0,D. Jacques,Belgium,50.949594,4.961417,10_0,,,,,1.351,,,5,-1,,5.337877965523415,0.727368640731817,0.490188679245283,0.24028494126023492,0.4531801525131585,,,,,,,
2026,78.0,D. Jacques,Belgium,50.949594,4.961417,10_0,,,,,1.351,,,5,-1,,5.337877965523415,0.727368640731817,0.490188679245283,0.24028494126023492,0.4531801525131585,,,,,,,
2027,78.0,D. Jacques,Belgium,50.949594,4.961417,10_0,,,,,1.351,,,5,-1,,5.337877965523415,0.727368640731817,0.490188679245283,0.24028494126023492,0.4531801525131585,,,,,,,
2028,78.0,D. Jacques,Belgium,50.949594,4.961417,10_0,,,,,1.3384999999999998,,,5,-1,,80.73582756246894,1.9070663012618243,0.4949056603773585,0.24493161267354932,0.475140729127342,,,,,,,
2029,78.0,D. Jacques,Belgium,50.949594,4.961417,10_0,,,,,1.3384999999999998,,,5,-1,,80.73582756246894,1.9070663012618243,0.4949056603773585,0.24493161267354932,0.475140729127342,,,,,,,
2030,78.0,D. Jacques,Belgium,50.949594,4.961417,10_0,,,,,1.3384999999999998,,,5,-1,,80.73582756246894,1.9070663012618243,0.4949056603773585,0.24493161267354932,0.475140729127342,,,,,,,
2031,78.0,D. Jacques,Belgium,50.949594,4.961417,10_0,,,,,1.3760000000000001,,,5,-1,,52.03407874387557,1.7162878698424309,0.48075471698113204,0.23112509789960836,0.4121217565971405,,,,,,,
2032,78.0,D. Jacques,Belgium,50.949594,4.961417,10_0,,,,,1.3760000000000001,,,5,-1,,52.03407874387557,1.7162878698424309,0.48075471698113204,0.23112509789960836,0.4121217565971405,,,,,,,
2033,78.0,D. Jacques,Belgium,50.949594,4.961417,10_0,,,,,1.3760000000000001,,,5,-1,,52.03407874387557,1.7162878698424309,0.48075471698113204,0.23112509789960836,0.4121217565971405,,,,,,,
2034,78.0,D. Jacques,Belgium,50.949594,4.961417,10_0,,,,,0.7184999999999999,,,5,-1,,0.9286471908848206,-0.03214925065032475,0.7288679245283018,0.5312484514061944,5.26725954202958,,,,,,,
2035,78.0,D. Jacques,Belgium,50.949594,4.961417,10_0,,,,,0.7184999999999999,,,5,-1,,0.9286471908848206,-0.03214925065032475,0.7288679245283018,0.5312484514061944,5.26725954202958,,,,,,,
2036,78.0,D. Jacques,Belgium,50.949594,4.961417,10_0,,,,,0.7184999999999999,,,5,-1,,0.9286471908848206,-0.03214925065032475,0.7288679245283018,0.5312484514061944,5.26725954202958,,,,,,,
2037,78.0,D. Jacques,Belgium,50.949594,4.961417,10_0,,,,,0.7240000000000001,,,5,-1,,5.914917342428814,0.7719486799905126,0.7267924528301886,0.5282272694909219,5.143347197801336,,,,,,,
2038,78.0,D. Jacques,Belgium,50.949594,4.961417,10_0,,,,,0.7240000000000001,,,5,-1,,5.914917342428814,0.7719486799905126,0.7267924528301886,0.5282272694909219,5.143347197801336,,,,,,,
2039,78.0,D. Jacques,Belgium,50.949594,4.961417,10_0,,,,,0.7240000000000001,,,5,-1,,5.914917342428814,0.7719486799905126,0.7267924528301886,0.5282272694909219,5.143347197801336,,,,,,,
2040,78.0,D. Jacques,Belgium,50.949594,4.961417,10_0,,,,,0.6975,,,5,-1,,0.17995118898923634,-0.7448452794931013,0.7367924528301887,0.5428631185475258,5.773495475658776,,,,,,,
2041,78.0,D. Jacques,Belgium,50.949594,4.961417,10_0,,,,,0.6975,,,5,-1,,0.17995118898923634,-0.7448452794931013,0.7367924528301887,0.5428631185475258,5.773495475658776,,,,,,,
2042,78.0,D. Jacques,Belgium,50.949594,4.961417,10_0,,,,,0.6975,,,5,-1,,0.17995118898923634,-0.7448452794931013,0.7367924528301887,0.5428631185475258,5.773495475658776,,,,,,,
2043,78.0,D. Jacques,Belgium,50.949594,4.961417,10_0,,,,,0.7170000000000001,,,5,-1,,0.1016460690943385,-0.9929094119462328,0.7294339622641509,0.5320739053043787,5.301653947519621,,,,,,,
2044,78.0,D. Jacques,Belgium,50.949594,4.961417,10_0,,,,,0.7170000000000001,,,5,-1,,0.1016460690943385,-0.9929094119462328,0.7294339622641509,0.5320739053043787,5.301653947519621,,,,,,,
2045,78.0,D. Jacques,Belgium,50.949594,4.961417,10_0,,,,,0.7170000000000001,,,5,-1,,0.1016460690943385,-0.9929094119462328,0.7294339622641509,0.5320739053043787,5.301653947519621,,,,,,,
2052,78.0,D. Jacques,Belgium,50.949594,4.961417,10_0,,,,,1.4255,,,5,-1,,0.6225055665616024,-0.20585676067210062,0.46207547169811314,0.21351374154503375,0.340954205134946,,,,,,,
2053,78.0,D. Jacques,Belgium,50.949594,4.961417,10_0,,,,,1.4255,,,5,-1,,0.6225055665616024,-0.20585676067210062,0.46207547169811314,0.21351374154503375,0.340954205134946,,,,,,,
2054,78.0,D. Jacques,Belgium,50.949594,4.961417,10_0,,,,,1.4255,,,5,-1,,0.2194526694990687,-0.6586591318768179,0.46207547169811314,0.21351374154503375,0.340954205134946,,,,,,,
2055,78.0,D. Jacques,Belgium,50.949594,4.961417,10_0,,,,,1.4255,,,5,-1,,0.2194526694990687,-0.6586591318768179,0.46207547169811314,0.21351374154503375,0.340954205134946,,,,,,,
2056,78.0,D. Jacques,Belgium,50.949594,4.961417,10_0,,,,,1.4090000000000003,,,5,-1,,1.4787293356072035,0.1698886886625502,0.46830188679245277,0.21930665717337125,0.36328501512541905,,,,,,,
2057,78.0,D. Jacques,Belgium,50.949594,4.961417,10_0,,,,,1.4090000000000003,,,5,-1,,1.4787293356072035,0.1698886886625502,0.46830188679245277,0.21930665717337125,0.36328501512541905,,,,,,,
2058,78.0,D. Jacques,Belgium,50.949594,4.961417,10_0,,,,,1.461,,,5,-1,,21.94552665720805,1.341346007672438,0.44867924528301883,0.2013130651477394,0.2971660954943776,,,,,,,
2059,78.0,D. Jacques,Belgium,50.949594,4.961417,10_0,,,,,1.461,,,5,-1,,21.94552665720805,1.341346007672438,0.44867924528301883,0.2013130651477394,0.2971660954943776,,,,,,,
2060,78.0,D. Jacques,Belgium,50.949594,4.961417,10_0,,,,,1.4015,,,5,-1,,0.1951277952895334,-0.7096808624298503,0.4711320754716981,0.22196543253826984,0.37388114319117555,,,,,,,
2061,78.0,D. Jacques,Belgium,50.949594,4.961417,10_0,,,,,1.4015,,,5,-1,,0.1951277952895334,-0.7096808624298503,0.4711320754716981,0.22196543253826984,0.37388114319117555,,,,,,,
2062,78.0,D. Jacques,Belgium,50.949594,4.961417,10_0,,,,,1.2745000000000002,,,5,-1,,5.398535669677089,0.7322759752265611,0.5190566037735849,0.2694197579209683,0.6045834167254096,,,,,,,
2063,78.0,D. Jacques,Belgium,50.949594,4.961417,10_0,,,,,1.2745000000000002,,,5,-1,,5.398535669677089,0.7322759752265611,0.5190566037735849,0.2694197579209683,0.6045834167254096,,,,,,,
2064,78.0,D. Jacques,Belgium,50.949594,4.961417,10_0,,,,,1.457,,,5,-1,,0.7173251135889833,-0.1442839642263332,0.45018867924528294,0.20266984692061224,0.30182579521537767,,,,,,,
2065,78.0,D. Jacques,Belgium,50.949594,4.961417,10_0,,,,,1.457,,,5,-1,,0.7173251135889833,-0.1442839642263332,0.45018867924528294,0.20266984692061224,0.30182579521537767,,,,,,,
2066,78.0,D. Jacques,Belgium,50.949594,4.961417,10_0,,,,,1.384,,,5,-1,,225.7227457704707,2.3535753245401936,0.4777358490566038,0.22823154147383415,0.39974502076297563,,,,,,,
2067,78.0,D. Jacques,Belgium,50.949594,4.961417,10_0,,,,,1.384,,,5,-1,,225.7227457704707,2.3535753245401936,0.4777358490566038,0.22823154147383415,0.39974502076297563,,,,,,,
2068,78.0,D. Jacques,Belgium,50.949594,4.961417,10_0,,,,,1.3855,,,5,-1,,0.03024389730911535,-1.5193622452216509,0.47716981132075476,0.22769102883588468,0.3974637876630879,,,,,,,
2069,78.0,D. Jacques,Belgium,50.949594,4.961417,10_0,,,,,1.3855,,,5,-1,,0.03024389730911535,-1.5193622452216509,0.47716981132075476,0.22769102883588468,0.3974637876630879,,,,,,,
2070,78.0,D. Jacques,Belgium,50.949594,4.961417,10_0,,,,,1.4225,,,5,-1,,1.9736582018174307,0.29527194371488114,0.4632075471698113,0.21456123175507294,0.3449165856271918,,,,,,,
2071,78.0,D. Jacques,Belgium,50.949594,4.961417,10_0,,,,,1.4225,,,5,-1,,1.9736582018174307,0.29527194371488114,0.4632075471698113,0.21456123175507294,0.3449165856271918,,,,,,,
2072,78.0,D. Jacques,Belgium,50.949594,4.961417,10_0,,,,,1.4299999999999997,,,5,-1,,0.027403734363843094,-1.5621902509350318,0.46037735849056616,0.21194731221075128,0.3350900583780915,,,,,,,
2073,78.0,D. Jacques,Belgium,50.949594,4.961417,10_0,,,,,1.4299999999999997,,,5,-1,,0.027403734363843094,-1.5621902509350318,0.46037735849056616,0.21194731221075128,0.3350900583780915,,,,,,,
2074,78.0,D. Jacques,Belgium,50.949594,4.961417,10_0,,,,,1.3944999999999999,,,5,-1,,559.7560026162882,2.7479987594893944,0.47377358490566046,0.22446140975436107,0.38403184608410323,,,,,,,
2075,78.0,D. Jacques,Belgium,50.949594,4.961417,10_0,,,,,1.3944999999999999,,,5,-1,,559.7560026162882,2.7479987594893944,0.47377358490566046,0.22446140975436107,0.38403184608410323,,,,,,,
2076,78.0,D. Jacques,Belgium,50.949594,4.961417,10_0,,,,,1.4145,,,5,-1,,0.1507970857451701,-0.8216070514173133,0.4662264150943396,0.21736707013171944,0.35569394456146414,,,,,,,
2077,78.0,D. Jacques,Belgium,50.949594,4.961417,10_0,,,,,1.4145,,,5,-1,,0.1507970857451701,-0.8216070514173133,0.4662264150943396,0.21736707013171944,0.35569394456146414,,,,,,,
2078,78.0,D. Jacques,Belgium,50.949594,4.961417,10_0,,,,,1.3964999999999999,,,5,-1,,667.4013877348053,2.824387105352849,0.4730188679245283,0.22374684941260234,0.38110553900353517,,,,,,,
2079,78.0,D. Jacques,Belgium,50.949594,4.961417,10_0,,,,,1.3964999999999999,,,5,-1,,667.4013877348053,2.824387105352849,0.4730188679245283,0.22374684941260234,0.38110553900353517,,,,,,,
2080,78.0,D. Jacques,Belgium,50.949594,4.961417,10_0,,,,,1.386,,,5,-1,,1689.9763835510887,3.2278806356402368,0.47698113207547177,0.22751100035599864,0.3967061080775043,,,,,,,
2081,78.0,D. Jacques,Belgium,50.949594,4.961417,10_0,,,,,1.386,,,5,-1,,1689.9763835510887,3.2278806356402368,0.47698113207547177,0.22751100035599864,0.3967061080775043,,,,,,,
2082,78.0,D. Jacques,Belgium,50.949594,4.961417,10_0,,,,,1.4605000000000001,,,5,-1,,0.023169680985738583,-1.6350799457994578,0.4488679245283018,0.20148241367034525,0.2977449077265025,,,,,,,
2083,78.0,D. Jacques,Belgium,50.949594,4.961417,10_0,,,,,1.4605000000000001,,,5,-1,,0.023169680985738583,-1.6350799457994578,0.4488679245283018,0.20148241367034525,0.2977449077265025,,,,,,,
2084,78.0,D. Jacques,Belgium,50.949594,4.961417,10_0,,,,,1.4115,,,5,-1,,0.6370272090218966,-0.19584201746731347,0.46735849056603773,0.21842395870416517,0.35981593585409144,,,,,,,
2085,78.0,D. Jacques,Belgium,50.949594,4.961417,10_0,,,,,1.4115,,,5,-1,,0.6370272090218966,-0.19584201746731347,0.46735849056603773,0.21842395870416517,0.35981593585409144,,,,,,,
2086,78.0,D. Jacques,Belgium,50.949594,4.961417,10_0,,,,,1.4115,,,5,-1,,0.6370272090218966,-0.19584201746731347,0.46735849056603773,0.21842395870416517,0.35981593585409144,,,,,,,
2087,78.0,D. Jacques,Belgium,50.949594,4.961417,10_0,,,,,1.396,,,5,-1,,0.11246949311827266,-0.9489652621490262,0.4732075471698114,0.2239253826984693,0.38183514464438073,,,,,,,
2088,78.0,D. Jacques,Belgium,50.949594,4.961417,10_0,,,,,1.396,,,5,-1,,0.11246949311827266,-0.9489652621490262,0.4732075471698114,0.2239253826984693,0.38183514464438073,,,,,,,
2089,78.0,D. Jacques,Belgium,50.949594,4.961417,10_0,,,,,1.4075000000000002,,,5,-1,,611.1549814728781,2.786151356009416,0.46886792452830184,0.21983713065147734,0.365381463707212,,,,,,,
2090,78.0,D. Jacques,Belgium,50.949594,4.961417,10_0,,,,,1.4075000000000002,,,5,-1,,611.1549814728781,2.786151356009416,0.46886792452830184,0.21983713065147734,0.365381463707212,,,,,,,
2091,78.0,D. Jacques,Belgium,50.949594,4.961417,10_0,,,,,1.4024999999999999,,,5,-1,,0.11486246105695934,-0.9398218827091563,0.47075471698113214,0.2216100035599858,0.37245177564579085,,,,,,,
2092,78.0,D. Jacques,Belgium,50.949594,4.961417,10_0,,,,,1.4024999999999999,,,5,-1,,0.11486246105695934,-0.9398218827091563,0.47075471698113214,0.2216100035599858,0.37245177564579085,,,,,,,
2093,78.0,D. Jacques,Belgium,50.949594,4.961417,10_0,,,,,1.434,,,5,-1,,0.1115399931751465,-0.9525693864178513,0.45886792452830194,0.2105597721609114,0.32995639364551715,,,,,,,
2094,78.0,D. Jacques,Belgium,50.949594,4.961417,10_0,,,,,1.434,,,5,-1,,0.1115399931751465,-0.9525693864178513,0.45886792452830194,0.2105597721609114,0.32995639364551715,,,,,,,
2095,78.0,D. Jacques,Belgium,50.949594,4.961417,10_0,,,,,1.3725,,,5,-1,,33.53127745141049,1.5254500991947113,0.48207547169811316,0.2323967604129583,0.4176496735089895,,,,,,,
2096,78.0,D. Jacques,Belgium,50.949594,4.961417,10_0,,,,,1.3725,,,5,-1,,33.53127745141049,1.5254500991947113,0.48207547169811316,0.2323967604129583,0.4176496735089895,,,,,,,
2097,78.0,D. Jacques,Belgium,50.949594,4.961417,10_0,,,,,1.4374999999999998,,,5,-1,,6.7981560284822615,0.8323911281098291,0.4575471698113208,0.20934941260234965,0.3255244855013021,,,,,,,
2098,78.0,D. Jacques,Belgium,50.949594,4.961417,10_0,,,,,1.4374999999999998,,,5,-1,,6.7981560284822615,0.8323911281098291,0.4575471698113208,0.20934941260234965,0.3255244855013021,,,,,,,
2099,78.0,D. Jacques,Belgium,50.949594,4.961417,10_0,,,,,1.4620000000000002,,,5,-1,,1.393884209793675,0.1442266983414135,0.44830188679245275,0.20097458170167312,0.296011581175089,,,,,,,
2100,78.0,D. Jacques,Belgium,50.949594,4.961417,10_0,,,,,1.4620000000000002,,,5,-1,,1.393884209793675,0.1442266983414135,0.44830188679245275,0.20097458170167312,0.296011581175089,,,,,,,
2101,78.0,D. Jacques,Belgium,50.949594,4.961417,10_0,,,,,1.3775,,,5,-1,,0.2034623996109456,-0.6915158377914454,0.48018867924528297,0.23058116767532924,0.40977389141520315,,,,,,,
2102,78.0,D. Jacques,Belgium,50.949594,4.961417,10_0,,,,,1.3775,,,5,-1,,0.2034623996109456,-0.6915158377914454,0.48018867924528297,0.23058116767532924,0.40977389141520315,,,,,,,
2103,78.0,D. Jacques,Belgium,50.949594,4.961417,10_0,,,,,0.72,,,5,-1,,0.24538798498532222,-0.6101467055956451,0.7283018867924529,0.5304236383054469,5.233124417656654,,,,,,,
2104,78.0,D. Jacques,Belgium,50.949594,4.961417,10_0,,,,,0.72,,,5,-1,,0.24538798498532222,-0.6101467055956451,0.7283018867924529,0.5304236383054469,5.233124417656654,,,,,,,
2105,78.0,D. Jacques,Belgium,50.949594,4.961417,10_0,,,,,1.341,,,5,-1,,122.72498365014854,2.0889329829136813,0.49396226415094335,0.24399871840512632,0.47066890788459775,,,,,,,
2108,78.0,D. Jacques,Belgium,50.949594,4.961417,10_0,,,,,1.4435,,,5,-1,,51.30062403874333,1.7101226480540062,0.45528301886792455,0.20728262726949095,0.3180552204730321,,,,,,,
2109,78.0,D. Jacques,Belgium,50.949594,4.961417,10_0,,,,,1.4435,,,5,-1,,51.30062403874333,1.7101226480540062,0.45528301886792455,0.20728262726949095,0.3180552204730321,,,,,,,
2110,78.0,D. Jacques,Belgium,50.949594,4.961417,10_0,,,,,1.381,,,5,-1,,148.13055191187138,2.170644640954207,0.47886792452830185,0.2293144891420434,0.4043445885330711,,,,,,,
2111,78.0,D. Jacques,Belgium,50.949594,4.961417,10_0,,,,,1.381,,,5,-1,,148.13055191187138,2.170644640954207,0.47886792452830185,0.2293144891420434,0.4043445885330711,,,,,,,
2112,78.0,D. Jacques,Belgium,50.949594,4.961417,10_0,,,,,1.3359999999999999,,,5,-1,,3.0557749073643907,0.4851213603454346,0.49584905660377365,0.24586628693485232,0.4796531549938201,,,,,,,
2113,78.0,D. Jacques,Belgium,50.949594,4.961417,10_0,,,,,1.3359999999999999,,,5,-1,,3.0557749073643907,0.4851213603454346,0.49584905660377365,0.24586628693485232,0.4796531549938201,,,,,,,
2114,78.0,D. Jacques,Belgium,50.949594,4.961417,10_0,,,,,1.3785,,,5,-1,,1.233286165917611,0.09106385993645055,0.479811320754717,0.23021890352438593,0.40821567652192764,,,,,,,
2115,78.0,D. Jacques,Belgium,50.949594,4.961417,10_0,,,,,1.3785,,,5,-1,,1.233286165917611,0.09106385993645055,0.479811320754717,0.23021890352438593,0.40821567652192764,,,,,,,
2140,80.0,J. Batlle-Aguilar,France,48.840556,1.943611,9_0,28.2,61.2,10.6,,1.361,0.015314415246039876,7.658250633932562,5,1,SILTY CLAY LOAM,3.234,0.5097400155703823,0.4864150943396226,0.23659964400142394,0.43631146759242256,,,,-1.8148995813103312,7.658250633932562,0.30182874660877185,0.375886524822695
2141,80.0,J. Batlle-Aguilar,France,48.840556,1.943611,9_0,28.2,61.2,10.6,,1.361,0.015314415246039876,7.658250633932562,5,1,SILTY CLAY LOAM,3.234,0.5097400155703823,0.4864150943396226,0.23659964400142394,0.43631146759242256,,,,-1.8148995813103312,7.658250633932562,0.30182874660877185,0.375886524822695
2142,80.0,J. Batlle-Aguilar,France,48.840556,1.943611,9_0,28.2,61.2,10.6,,1.257,0.015314415246039876,7.658250633932562,5,1,SILTY CLAY LOAM,3.234,0.5097400155703823,0.5256603773584906,0.2763188323246707,0.645560456406672,,,,-1.8148995813103312,7.658250633932562,0.47196903885520725,0.375886524822695
2143,80.0,J. Batlle-Aguilar,France,48.840556,1.943611,9_0,28.2,61.2,10.6,,1.258,0.015314415246039876,7.658250633932562,5,1,SILTY CLAY LOAM,3.234,0.5097400155703823,0.5252830188679245,0.27592224991100034,0.6431474464676928,,,,-1.8148995813103312,7.658250633932562,0.4703426685603619,0.375886524822695
2256,88.0,S. Shutaro,Myanmar,19.771209,96.247558,3_19,18.526,23.952,57.522,1.073,1.213,0.1176909309419001,15.331872025872837,5,-1,SANDY LOAM,14.94,1.17435059747938,0.5422641509433962,0.29405040939836236,0.7610318428004352,1.3247770992694503,0.9156257310523485,0.5818494339622641,-0.9292570018433741,15.331872025872837,2.3147201065586778,3.1049336068228435
2257,88.0,S. Shutaro,Myanmar,19.771209,96.247558,3_19,21.237,21.812,56.951,1.17,1.416,0.10550458541308105,16.863197059091217,5,-1,SANDY CLAY LOAM,1.495,0.17464119266044847,0.46566037735849053,0.2168395870416518,0.353649540753428,1.3137771392918007,1.0778083722504892,0.5448226415094339,-0.9767286647613365,16.863197059091217,1.88694705043739,2.681687620662052
2258,88.0,S. Shutaro,Myanmar,19.771209,96.247558,3_19,20.557,22.761,56.682,0.92,1.432,0.10680721355769088,16.43981172344525,5,-1,SANDY CLAY LOAM,1.357,0.13257984765973704,0.459622641509434,0.21125297258810968,0.3325140150620698,1.342506973351657,1.066661126105675,0.4228528301886793,-0.9713994148869972,16.43981172344525,1.8708424067487968,2.757308945857859
2259,88.0,S. Shutaro,Myanmar,19.771209,96.247558,3_19,11.483333333333334,11.833333333333334,76.68333333333334,,1.6920000000000002,0.2993380535237498,10.662232538482144,1,1,SANDY LOAM,0.83379441083573,-0.07894102040105803,0.3615094339622641,0.1306890708437166,0.11589106019389786,,,,-0.5238380697121953,10.662232538482144,2.308205077981128,6.677793904208999
2271,88.0,S. Shutaro,Myanmar,19.771209,96.247558,3_19,13.9,17.900000000000002,68.2,,1.8056666666666665,0.20257875861374958,12.721034737321196,1,1,SANDY LOAM,0.1226004024796966,-0.9115081040882042,0.31861635220125784,0.10151637989003598,0.06966598301195236,,,,-0.6934060945160345,12.721034737321196,1.748039862021402,4.906474820143885
2274,88.0,S. Shutaro,Myanmar,19.771209,96.247558,3_19,22.0,28.5,49.5,,1.499666666666667,0.07826646476856527,16.33860290670643,1,1,LOAM,3.5856393089180307,0.5545666003335041,0.4340880503144653,0.18843243542581375,0.2554087448789286,,,,-1.1064242824593893,16.33860290670643,1.4862184794807805,2.25
2281,88.0,S. Shutaro,Myanmar,19.771209,96.247558,3_19,21.5,19.3,59.2,,1.7990000000000002,0.11361570939442722,17.219506400549545,2,6,SANDY CLAY LOAM,0.0028069503536134765,-2.5517652686417946,0.3211320754716981,0.1031258098967604,0.07185888590093722,,,,-0.9445616155297026,17.219506400549545,1.2591885300791503,2.7534883720930234
2305,90.0,R. Taghizadeh-M.,Iran,35.00479,46.643287,7_9,26.4,44.0,29.6,1.26,1.39,0.032640930988950254,13.429903081496823,-1,1,LOAM,2.9,0.4623979978989561,0.47547169811320755,0.2260733357066572,0.3906934775242112,1.303733114758607,1.0661691294520548,0.5990943396226415,-1.4862374627368753,13.429903081496823,0.9111925169466429,1.1212121212121213
2306,90.0,R. Taghizadeh-M.,Iran,35.00479,46.643287,7_9,26.4,42.0,31.6,1.54,1.38,0.03512995128976642,14.035791586801727,-1,1,LOAM,4.0,0.6020599913279624,0.47924528301886793,0.22967604129583483,0.4058888452957006,1.2734443503510562,1.0836751520547945,0.7380377358490566,-1.4543224523884561,14.035791586801727,0.9915934928643801,1.196969696969697
2307,90.0,R. Taghizadeh-M.,Iran,35.00479,46.643287,7_9,24.4,38.0,37.6,0.93,1.42,0.046743588020172776,14.969048686331023,-1,1,LOAM,2.6,0.414973347970818,0.4641509433962264,0.21543609825560697,0.34825132030556977,1.3413336756052885,1.0586478411937377,0.4316603773584906,-1.3302779543837824,14.969048686331023,1.1731681443604107,1.5409836065573772
2308,90.0,R. Taghizadeh-M.,Iran,35.00479,46.643287,7_9,27.4,33.0,39.6,0.91,1.4,0.04562342189080655,16.736111201697085,-1,1,CLAY LOAM,2.64,0.4216039268698311,0.4716981132075472,0.22249911000355999,0.3760348479014247,1.3436823255202042,1.0419129383561643,0.42924528301886794,-1.340812144474488,16.736111201697085,1.185435086294612,1.445255474452555
2309,90.0,R. Taghizadeh-M.,Iran,35.00479,46.643287,7_9,13.4,43.0,43.6,1.61,1.4,0.08339003285366149,11.465936187895977,-1,1,LOAM,2.63,0.41995574848975786,0.4716981132075472,0.22249911000355999,0.3760348479014247,1.2660907890290805,1.1057658835616437,0.759433962264151,-1.0788858550617353,11.465936187895977,1.7092876651201174,3.253731343283582
2310,90.0,R. Taghizadeh-M.,Iran,35.00479,46.643287,7_9,30.4,52.0,17.6,0.35,1.31,0.018436290439891572,10.402073269648236,-1,3,SILTY CLAY LOAM,2.68,0.42813479402878885,0.5056603773584905,0.255692417230331,0.5290855856796834,1.412955983759716,0.9271343304794522,0.17698113207547164,-1.7343264587462224,10.402073269648236,0.5467042938663439,0.5789473684210527
2311,90.0,R. Taghizadeh-M.,Iran,35.00479,46.643287,7_9,22.4,40.0,37.6,1.73,1.4,0.04989092000836587,14.172359577358076,-1,1,LOAM,2.5,0.3979400086720376,0.4716981132075472,0.22249911000355999,0.3760348479014247,1.253680332258654,1.116712102739726,0.8160377358490566,-1.301978487424366,14.172359577358076,1.263102400394856,1.6785714285714288
2312,90.0,R. Taghizadeh-M.,Iran,35.00479,46.643287,7_9,4.4,16.0,79.6,0.54,1.65,0.4196931998388151,6.454530209398989,-1,1,LOAMY SAND,2.6,0.414973347970818,0.37735849056603776,0.1423994304022784,0.13860734272398084,1.3886655783894721,1.1881910415851271,0.20377358490566042,-0.3770680674728178,6.454530209398989,2.6794813842024467,18.090909090909086
2313,90.0,R. Taghizadeh-M.,Iran,35.00479,46.643287,7_9,30.0,27.6,42.4,0.87,1.34,0.04646003824488465,18.686261797444594,-1,1,CLAY LOAM,3.5,0.5440680443502757,0.49433962264150944,0.24437166251334994,0.4724527881572145,1.348404386713063,0.9937671615459885,0.4300754716981132,-1.3329204370339425,18.686261797444594,1.3003488237456875,1.4133333333333333
2314,90.0,R. Taghizadeh-M.,Iran,35.00479,46.643287,7_9,28.0,29.6,42.4,1.22,1.31,0.0495882783037713,17.768982178539748,-1,1,CLAY LOAM,3.0,0.47712125471966244,0.5056603773584905,0.255692417230331,0.5290855856796834,1.3081781009987479,1.0013926995107634,0.6169056603773584,-1.3046209700745262,17.768982178539748,1.4061152712097362,1.5142857142857142
2315,90.0,R. Taghizadeh-M.,Iran,35.00479,46.643287,7_9,30.0,43.6,26.4,1.95,1.27,0.02580830486059825,13.434576467278868,-1,1,CLAY LOAM,3.1,0.4913616938342727,0.5207547169811321,0.27118547525809894,0.6148709052135085,1.2315485750262976,1.0312220124755382,1.0154716981132075,-1.5882405198212954,13.434576467278868,0.9041341852250998,0.88
2316,90.0,R. Taghizadeh-M.,Iran,35.00479,46.643287,7_9,30.0,39.6,30.4,1.36,1.07,0.029894376569046085,14.82286558444018,-1,1,CLAY LOAM,3.0,0.47712125471966244,0.5962264150943396,0.35548593805624773,1.3000433423368931,1.2927516905321448,0.8276918203522504,0.8108679245283019,-1.5244104991244571,14.82286558444018,1.3569681148198292,1.0133333333333332
2317,90.0,R. Taghizadeh-M.,Iran,35.00479,46.643287,7_9,26.2,27.0,46.8,0.51,1.46,0.06181040268422433,17.985743235995802,-1,3,SANDY CLAY LOAM,2.9,0.4623979978989561,0.4490566037735849,0.20165183339266643,0.29832475914982814,1.3924452311744862,1.0485152071428572,0.2290188679245283,-1.2089384270445294,17.985743235995802,1.3486437260955544,1.7862595419847327
2318,90.0,R. Taghizadeh-M.,Iran,35.00479,46.643287,7_9,28.2,21.0,50.8,0.9,1.37,0.06707985678088735,19.930673733585515,-1,3,SANDY CLAY LOAM,4.0,0.6020599913279624,0.4830188679245282,0.2333072267710928,0.42164106409907093,1.3448597375115399,1.0186935944227005,0.4347169811320754,-1.1734078733071076,19.930673733585515,1.5699584355924707,1.801418439716312
2319,90.0,R. Taghizadeh-M.,Iran,35.00479,46.643287,7_9,27.2,28.0,44.8,0.95,1.42,0.05559001985147719,18.01248619643799,-1,3,CLAY LOAM,2.6,0.414973347970818,0.4641509433962264,0.21543609825560697,0.34825132030556977,1.338993221870882,1.060498273483366,0.4409433962264151,-1.2550031708726568,18.01248619643799,1.3237177113826621,1.6470588235294117
2320,90.0,R. Taghizadeh-M.,Iran,35.00479,46.643287,7_9,9.0,43.0,48.0,0.56,1.27,0.11313213810544212,9.938499420353004,-1,1,LOAM,3.1,0.4913616938342727,0.5207547169811321,0.27118547525809894,0.6148709052135085,1.3861571887061228,0.9162020082191782,0.291622641509434,-0.9464140049844972,9.938499420353004,2.1877872148986963,5.333333333333333
2321,90.0,R. Taghizadeh-M.,Iran,35.00479,46.643287,7_9,25.0,41.0,34.0,0.69,1.29,0.04015921240345692,14.241206550751253,-1,1,LOAM,2.0,0.3010299956639812,0.5132075471698113,0.26338198647205413,0.5704156476445424,1.3700709777871478,0.9415570586594912,0.3541132075471698,-1.396214813098762,14.241206550751253,1.2555930858905258,1.36
2322,90.0,R. Taghizadeh-M.,Iran,35.00479,46.643287,7_9,25.0,57.0,18.0,0.65,1.27,0.022308229519893898,9.483520737995196,-1,1,SILTY LOAM,2.5,0.3979400086720376,0.5207547169811321,0.27118547525809894,0.6148709052135085,1.3749806727429286,0.9236493466242662,0.33849056603773586,-1.6515348958861147,9.483520737995196,0.7775454330954614,0.72
2323,90.0,R. Taghizadeh-M.,Iran,35.00479,46.643287,7_9,16.0,59.0,25.0,0.49,1.25,0.03868256301168189,9.181230830187724,-1,1,SILTY LOAM,1.5,0.17609125905568124,0.5283018867924528,0.27910288358846563,0.6627018867924528,1.3949764509343545,0.8960724743150686,0.2588679245283019,-1.4124847583492741,9.181230830187724,1.288179971895948,1.5625
2324,90.0,R. Taghizadeh-M.,Iran,35.00479,46.643287,7_9,14.0,56.0,30.0,0.6,1.26,0.04961377062487196,9.60694952990369,-1,1,SILTY LOAM,1.75,0.24303804868629442,0.5245283018867924,0.27512993948024206,0.6383479038016323,1.3811674973717951,0.9122716849315068,0.31471698113207547,-1.3043977655188101,9.60694952990369,1.488093187065434,2.142857142857143
2325,90.0,R. Taghizadeh-M.,Iran,35.00479,46.643287,7_9,3.0,56.0,41.0,0.23,1.29,0.10636086475944727,7.149499939766423,-1,1,SILTY LOAM,2.0,0.3010299956639812,0.5132075471698113,0.26338198647205413,0.5704156476445424,1.4287400154995924,0.902893448776908,0.11803773584905661,-0.9732181403257152,7.149499939766423,2.101586431436619,13.666666666666666
2326,90.0,R. Taghizadeh-M.,Iran,35.00479,46.643287,7_9,21.0,52.0,27.0,0.6,1.33,0.03537378929480035,11.068322816953238,-1,1,SILTY LOAM,5.0,0.6989700043360189,0.4981132075471698,0.24811676753292985,0.49065094286290273,1.3811674973717951,0.9629534452054794,0.29886792452830185,-1.4513184153993959,11.068322816953238,1.079967088460481,1.2857142857142858
2327,90.0,R. Taghizadeh-M.,Iran,35.00479,46.643287,7_9,19.0,46.0,35.0,0.49,1.25,0.050657189712765685,12.298113077426954,-1,1,LOAM,2.1,0.3222192947339193,0.5283018867924528,0.27910288358846563,0.6627018867924528,1.3949764509343545,0.8960724743150686,0.2588679245283019,-1.2953589070463032,12.298113077426954,1.5224316745018898,1.8421052631578947
2328,90.0,R. Taghizadeh-M.,Iran,35.00479,46.643287,7_9,14.4,35.6,50.0,1.48,1.4,0.10211568255454236,12.570050577532754,-1,1,LOAM,4.0,0.6020599913279624,0.4716981132075472,0.22249911000355999,0.3760348479014247,1.2798157305783016,1.0939074794520547,0.6981132075471698,-0.9909075554265022,12.570050577532754,1.8852442643905836,3.4722222222222223
2329,90.0,R. Taghizadeh-M.,Iran,35.00479,46.643287,7_9,20.4,39.6,40.0,0.62,1.18,0.0581592760555936,13.875812756351149,-1,1,LOAM,4.2,0.6232492903979004,0.5547169811320755,0.30771092915628334,0.8608790035394296,1.378686098388355,0.8558873563600782,0.3439245283018868,-1.2353810080468468,13.875812756351149,1.7560113811144786,1.9607843137254903
2330,90.0,R. Taghizadeh-M.,Iran,35.00479,46.643287,7_9,38.8,43.0,18.2,0.63,1.12,0.014334755278984165,12.112780359561455,-1,1,SILTY CLAY LOAM,1.0,0.0,0.5773584905660376,0.33334282662869336,1.0774382099537914,1.3774487394480703,0.8130974082191782,0.3637358490566037,-1.8436097168712453,12.112780359561455,0.637004220945837,0.4690721649484536
2331,90.0,R. Taghizadeh-M.,Iran,35.00479,46.643287,7_9,33.0,40.0,27.0,1.09,1.57,0.023926809004002365,14.473633488338267,-1,1,CLAY LOAM,5.5,0.7403626894942439,0.40754716981132066,0.16609469562121745,0.19285286172579985,1.3228359783505594,1.1868440424168298,0.4442264150943396,-1.6211152171558938,14.473633488338267,0.3348269349064883,0.8181818181818182
2332,90.0,R. Taghizadeh-M.,Iran,35.00479,46.643287,7_9,40.0,40.0,20.0,0.51,1.45,0.014727672299641401,13.112409303264792,-1,1,SILTY CLAY,0.5,-0.3010299956639812,0.4528301886792453,0.2050551797792809,0.3101429116281157,1.3924452311744862,1.0413335961350294,0.2309433962264151,-1.8318658877333183,13.112409303264792,0.11966136578218309,0.5
2333,90.0,R. Taghizadeh-M.,Iran,35.00479,46.643287,7_9,22.0,30.6,47.4,0.48,1.19,0.07245443208124634,15.991807375275837,-1,1,LOAM,5.0,0.6989700043360189,0.5509433962264151,0.3035386258454966,0.8293135678244661,1.3962455149369852,0.8522856383561644,0.2644528301886792,-1.1399350433252293,15.991807375275837,1.9306799654936861,2.1545454545454543
2334,90.0,R. Taghizadeh-M.,Iran,35.00479,46.643287,7_9,37.0,41.0,22.0,0.76,1.64,0.01747826513504595,13.412251337761353,-1,1,CLAY LOAM,5.5,0.7403626894942439,0.38113207547169814,0.1452616589533642,0.1445541456680099,1.3615628567357967,1.2044981925636007,0.2896603773584906,-1.7575016769457747,13.412251337761353,-0.0631415210631225,0.5945945945945946
2335,90.0,R. Taghizadeh-M.,Iran,35.00479,46.643287,7_9,33.0,40.0,27.0,1.1,1.3,0.023926809004002365,14.473633488338267,-1,1,CLAY LOAM,5.8,0.7634279935629373,0.5094339622641508,0.25952296190815227,0.5493747906665173,1.3216967974523584,0.9835841340508806,0.5603773584905659,-1.6211152171558938,14.473633488338267,0.7894695741354516,0.8181818181818182
2336,90.0,R. Taghizadeh-M.,Iran,35.00479,46.643287,7_9,18.0,36.0,46.0,0.86,1.6,0.0784013215571888,13.83681605434849,-1,3,LOAM,6.0,0.7781512503836436,0.39622641509433953,0.15699537201851185,0.17064047759433945,1.3495900923818187,1.1855451585127204,0.340754716981132,-1.10567661665029,13.83681605434849,1.3125601061732792,2.5555555555555554
2337,90.0,R. Taghizadeh-M.,Iran,35.00479,46.643287,7_9,18.0,36.4,45.6,0.42,1.65,0.07725745209673857,13.779550466631353,-1,1,LOAM,6.1,0.785329835010767,0.37735849056603776,0.1423994304022784,0.13860734272398084,1.403908654779535,1.1752901404109588,0.15849056603773584,-1.1120596187199736,13.779550466631353,1.209498281708135,2.533333333333333
2338,90.0,R. Taghizadeh-M.,Iran,35.00479,46.643287,7_9,22.0,45.0,33.0,1.3,1.57,0.04268515690464246,12.913728875181704,-1,1,LOAM,5.0,0.6989700043360189,0.40754716981132066,0.16609469562121745,0.19285286172579985,1.2993182329755144,1.208325997553816,0.5298113207547169,-1.369723117833847,12.913728875181704,0.8376111335505825,1.5
2339,90.0,R. Taghizadeh-M.,Iran,35.00479,46.643287,7_9,28.0,46.0,26.0,1.29,1.5,0.027144131155152202,12.75223681340991,-1,1,CLAY LOAM,5.4,0.7323937598229685,0.4339622641509434,0.1883232467070132,0.2550733752620546,1.3004191478677793,1.1534742490215264,0.5598113207547171,-1.566324054931563,12.75223681340991,0.5658483006622419,0.9285714285714286
2340,90.0,R. Taghizadeh-M.,Iran,35.00479,46.643287,7_9,17.0,44.8,38.2,0.74,1.34,0.06081414096645578,12.157843237651937,-1,1,LOAM,5.0,0.6989700043360189,0.49433962264150944,0.24437166251334994,0.4724527881572145,1.3639829465829978,0.9824169747553817,0.36581132075471695,-1.2159954235294161,12.157843237651937,1.53419885075474,2.2470588235294118
2341,90.0,R. Taghizadeh-M.,Iran,35.00479,46.643287,7_9,6.4,25.2,68.2,0.52,1.15,0.260547529694588,8.54399696561441,-1,1,SANDY LOAM,6.0,0.7781512503836436,0.5660377358490567,0.3203987184051265,0.9630131611798703,1.391183062893426,0.826634560665362,0.2943396226415095,-0.5841130401141648,8.54399696561441,3.107237423807386,10.65625
2342,90.0,R. Taghizadeh-M.,Iran,35.00479,46.643287,7_9,26.6,53.6,19.8,2.19,1.15,0.022622939800780485,10.385348409847005,-1,1,SILTY LOAM,4.0,0.6020599913279624,0.5660377358490567,0.3203987184051265,0.9630131611798703,1.2082791881103956,0.9517667864481408,1.2396226415094342,-1.6454509601400704,10.385348409847005,0.9845615837555746,0.7443609022556391
2343,90.0,R. Taghizadeh-M.,Iran,35.00479,46.643287,7_9,28.0,49.0,23.0,1.38,1.29,0.02431103393513967,11.75564551007407,-1,1,CLAY LOAM,1.0,0.0,0.5132075471698113,0.26338198647205413,0.5704156476445424,1.2905775676833113,0.999552473483366,0.7082264150943396,-1.6141965704541912,11.75564551007407,0.8196295711796671,0.8214285714285714
2344,90.0,R. Taghizadeh-M.,Iran,35.00479,46.643287,7_9,30.0,46.0,24.0,1.5,1.14,0.023629877366962104,12.590075909680227,-1,1,CLAY LOAM,4.5,0.6532125137753437,0.5698113207547171,0.32468494126023506,0.9997128289110738,1.2776848650289088,0.8922387915851272,0.8547169811320756,-1.6265385322393981,12.590075909680227,1.0386294823036621,0.8
2345,90.0,R. Taghizadeh-M.,Iran,35.00479,46.643287,7_9,15.0,31.0,54.0,0.51,1.34,0.1159932254648442,13.171617383865325,-1,1,SANDY LOAM,3.0,0.47712125471966244,0.49433962264150944,0.24437166251334994,0.4724527881572145,1.3924452311744862,0.9623358750489238,0.2521132075471698,-0.935567374817489,13.171617383865325,2.0950549481785945,3.6
2346,90.0,R. Taghizadeh-M.,Iran,35.00479,46.643287,7_9,33.0,41.0,26.0,0.69,1.07,0.02306360957733232,14.0910338599286,-1,1,CLAY LOAM,0.22,-0.6575773191777937,0.5962264150943396,0.35548593805624773,1.3000433423368931,1.3700709777871478,0.7809814362524462,0.41139622641509427,-1.6370727223301038,14.0910338599286,1.1316436684085358,0.7878787878787878
2347,90.0,R. Taghizadeh-M.,Iran,35.00479,46.643287,7_9,32.0,43.0,25.0,0.67,1.14,0.022967805724238937,13.455194078493394,-1,1,CLAY LOAM,0.42,-0.37675070960209955,0.5698113207547171,0.32468494126023506,0.9997128289110738,1.3725214346182257,0.8305881214285714,0.3817735849056605,-1.638880494024605,13.455194078493394,1.0139455587332487,0.78125
2348,90.0,R. Taghizadeh-M.,Iran,35.00479,46.643287,7_9,35.0,41.0,24.0,1.41,1.15,0.020077646355183165,13.799530575110133,-1,1,CLAY LOAM,0.28,-0.5528419686577808,0.5660377358490567,0.3203987184051265,0.9630131611798703,1.2873300603869273,0.8933217947651664,0.7981132075471699,-1.6972871996379388,13.799530575110133,0.8808891047598377,0.6857142857142857
2349,90.0,R. Taghizadeh-M.,Iran,35.00479,46.643287,7_9,33.0,33.0,34.0,0.45,1.27,0.030944774272224248,17.107907692299634,-1,1,CLAY LOAM,0.78,-0.10790539730951959,0.5207547169811321,0.27118547525809894,0.6148709052135085,1.400066599058428,0.9070997057240703,0.23433962264150943,-1.5094126809364272,17.107907692299634,1.0617898629948364,1.0303030303030303
2350,90.0,R. Taghizadeh-M.,Iran,35.00479,46.643287,7_9,33.0,45.0,22.0,0.67,1.1,0.01991119185184599,12.556266178205957,-1,1,CLAY LOAM,0.2,-0.6989700043360187,0.5849056603773584,0.3421146315414737,1.1613519413690927,1.3725214346182257,0.8014446785714286,0.39188679245283015,-1.7009027430269419,12.556266178205957,0.9549896457164347,0.6666666666666666
2351,90.0,R. Taghizadeh-M.,Iran,35.00479,46.643287,7_9,11.4,26.0,62.6,0.39,1.0,0.17889829857880024,11.445094284588302,-1,1,SANDY LOAM,5.5,0.7403626894942439,0.6226415094339622,0.3876824492702029,1.695141509433962,1.407771855225872,0.7103423727984344,0.24283018867924527,-0.7473937897923375,11.445094284588302,3.0262496606329385,5.491228070175438
2352,90.0,R. Taghizadeh-M.,Iran,35.00479,46.643287,7_9,15.4,38.0,46.6,1.13,1.1,0.08723428252901748,12.702714619675032,-1,1,LOAM,5.6,0.7481880270062005,0.5849056603773584,0.3421146315414737,1.1613519413690927,1.318290996703905,0.8344136482387476,0.6609433962264148,-1.0593128064985229,12.702714619675032,2.238169518773273,3.025974025974026
2353,90.0,R. Taghizadeh-M.,Iran,35.00479,46.643287,7_9,40.0,44.0,16.0,1.36,1.38,0.01271464068562317,11.334589681977995,-1,1,SILTY CLAY,0.5,-0.3010299956639812,0.47924528301886793,0.22967604129583483,0.4058888452957006,1.2927516905321448,1.0674903851272013,0.6517735849056604,-1.8956959084301566,11.334589681977995,0.1088465807809793,0.4
2354,90.0,R. Taghizadeh-M.,Iran,35.00479,46.643287,7_9,39.4,47.0,13.6,1.54,1.3,0.011871235464244161,10.22284457340402,-1,1,SILTY CLAY LOAM,0.5,-0.3010299956639812,0.5094339622641508,0.25952296190815227,0.5493747906665173,1.2734443503510562,1.0208534041095891,0.7845283018867923,-1.9255040807604344,10.22284457340402,0.18069184692637005,0.34517766497461927
2355,91.0,W. G. Teixeira,Brasil,-2.608889,-60.208889,-1_-13,69.5,15.8,14.7,3.0,1.07,0.004635986868970694,12.524390597979046,1,4,CLAY,0.02,-1.6989700043360187,0.5962264150943396,0.35548593805624773,1.3000433423368931,1.1358477208304136,0.9420276859099804,1.788679245283019,-2.33385780280802,12.524390597979046,-0.2619264925472966,0.21151079136690645
2356,91.0,W. G. Teixeira,Brasil,-2.608889,-60.208889,-1_-13,80.0,15.0,5.0,2.5,1.1,0.002305590613964681,6.146504326331796,1,3,CLAY,0.00033,-3.4814860601221125,0.5849056603773584,0.3421146315414737,1.1613519413690927,1.179493319907268,0.9326038405088063,1.4622641509433958,-2.637217804534789,6.146504326331796,-0.9176404772992591,0.0625
2439,93.0,A. A. Moosavi,Iran,29.783399,52.701979,5_10,36.0,49.0,15.0,1.1,1.31,0.013961932058534927,10.346687880746991,1,1,SILTY CLAY LOAM,1.51452,0.18027501278428365,0.5056603773584905,0.255692417230331,0.5290855856796834,1.3216967974523584,0.991150165851272,0.5562264150943396,-1.8550544796855328,10.346687880746991,0.305248251987723,0.4166666666666667
2440,93.0,A. A. Moosavi,Iran,29.783399,52.701979,5_10,36.0,49.0,15.0,0.6960556844547564,1.34,0.013961932058534927,10.346687880746991,12,1,SILTY CLAY LOAM,1.5,0.17609125905568124,0.49433962264150944,0.24437166251334994,0.4724527881572145,1.3693307429490185,0.9785802348336596,0.34408790439084186,-1.8550544796855328,10.346687880746991,0.2560807384425066,0.4166666666666667
2441,93.0,A. A. Moosavi,Iran,29.783399,52.701979,5_10,36.0,49.0,15.0,0.6960556844547564,1.34,0.013961932058534927,10.346687880746991,12,1,SILTY CLAY LOAM,1.5,0.17609125905568124,0.49433962264150944,0.24437166251334994,0.4724527881572145,1.3693307429490185,0.9785802348336596,0.34408790439084186,-1.8550544796855328,10.346687880746991,0.2560807384425066,0.4166666666666667
2442,93.0,A. A. Moosavi,Iran,29.783399,52.701979,5_10,36.0,49.0,15.0,0.6960556844547564,1.34,0.013961932058534927,10.346687880746991,12,1,SILTY CLAY LOAM,1.5,0.17609125905568124,0.49433962264150944,0.24437166251334994,0.4724527881572145,1.3693307429490185,0.9785802348336596,0.34408790439084186,-1.8550544796855328,10.346687880746991,0.2560807384425066,0.4166666666666667
2443,93.0,A. A. Moosavi,Iran,29.783399,52.701979,5_10,36.0,49.0,15.0,0.6960556844547564,1.34,0.013961932058534927,10.346687880746991,12,1,SILTY CLAY LOAM,1.5,0.17609125905568124,0.49433962264150944,0.24437166251334994,0.4724527881572145,1.3693307429490185,0.9785802348336596,0.34408790439084186,-1.8550544796855328,10.346687880746991,0.2560807384425066,0.4166666666666667
2444,93.0,A. A. Moosavi,Iran,29.783399,52.701979,5_10,36.0,49.0,15.0,0.6960556844547564,1.34,0.013961932058534927,10.346687880746991,12,1,SILTY CLAY LOAM,1.5,0.17609125905568124,0.49433962264150944,0.24437166251334994,0.4724527881572145,1.3693307429490185,0.9785802348336596,0.34408790439084186,-1.8550544796855328,10.346687880746991,0.2560807384425066,0.4166666666666667
2445,93.0,A. A. Moosavi,Iran,29.783399,52.701979,5_10,36.0,49.0,15.0,0.6960556844547564,1.34,0.013961932058534927,10.346687880746991,12,1,SILTY CLAY LOAM,1.5,0.17609125905568124,0.49433962264150944,0.24437166251334994,0.4724527881572145,1.3693307429490185,0.9785802348336596,0.34408790439084186,-1.8550544796855328,10.346687880746991,0.2560807384425066,0.4166666666666667
2446,93.0,A. A. Moosavi,Iran,29.783399,52.701979,5_10,29.475942028985507,23.87304347826089,46.65101449275362,1.3571224256292904,1.5186087931629826,0.05524976426465394,19.61737392306791,12,3,SANDY CLAY LOAM,2.1550297197589,0.33345326384166596,0.42694007805170464,0.18227783024679564,0.23697400194948842,1.2930651034701477,1.1744256256607284,0.579409954323888,-1.2576695706524155,19.61737392306791,1.15119284305678,1.5826810368563897
2447,93.0,A. A. Moosavi,Iran,29.783399,52.701979,5_10,29.475942028985507,23.87304347826089,46.65101449275362,1.3571224256292904,1.5186087931629826,0.05524976426465394,19.61737392306791,12,3,SANDY CLAY LOAM,2.1550297197589,0.33345326384166596,0.42694007805170464,0.18227783024679564,0.23697400194948842,1.2930651034701477,1.1744256256607284,0.579409954323888,-1.2576695706524155,19.61737392306791,1.15119284305678,1.5826810368563897
2448,93.0,A. A. Moosavi,Iran,29.783399,52.701979,5_10,29.475942028985507,23.87304347826089,46.65101449275362,1.3571224256292904,1.5186087931629826,0.05524976426465394,19.61737392306791,12,3,SANDY CLAY LOAM,2.1550297197589,0.33345326384166596,0.42694007805170464,0.18227783024679564,0.23697400194948842,1.2930651034701477,1.1744256256607284,0.579409954323888,-1.2576695706524155,19.61737392306791,1.15119284305678,1.5826810368563897
2449,93.0,A. A. Moosavi,Iran,29.783399,52.701979,5_10,29.475942028985507,23.87304347826089,46.65101449275362,1.3571224256292904,1.5186087931629826,0.05524976426465394,19.61737392306791,12,3,SANDY CLAY LOAM,2.1550297197589,0.33345326384166596,0.42694007805170464,0.18227783024679564,0.23697400194948842,1.2930651034701477,1.1744256256607284,0.579409954323888,-1.2576695706524155,19.61737392306791,1.15119284305678,1.5826810368563897
2450,93.0,A. A. Moosavi,Iran,29.783399,52.701979,5_10,29.475942028985507,23.87304347826089,46.65101449275362,1.3571224256292904,1.5186087931629826,0.05524976426465394,19.61737392306791,12,3,SANDY CLAY LOAM,2.1550297197589,0.33345326384166596,0.42694007805170464,0.18227783024679564,0.23697400194948842,1.2930651034701477,1.1744256256607284,0.579409954323888,-1.2576695706524155,19.61737392306791,1.15119284305678,1.5826810368563897
2451,93.0,A. A. Moosavi,Iran,29.783399,52.701979,5_10,29.475942028985507,23.87304347826089,46.65101449275362,1.3571224256292904,1.5186087931629826,0.05524976426465394,19.61737392306791,12,3,SANDY CLAY LOAM,2.1550297197589,0.33345326384166596,0.42694007805170464,0.18227783024679564,0.23697400194948842,1.2930651034701477,1.1744256256607284,0.579409954323888,-1.2576695706524155,19.61737392306791,1.15119284305678,1.5826810368563897
2452,93.0,A. A. Moosavi,Iran,29.783399,52.701979,5_10,25.785507246376778,57.87246376811594,16.34202898550724,1.3275928792569658,1.2007710293984664,0.02045941939065939,9.119762952498283,12,1,SILTY LOAM,0.35678187206705014,-0.44759722005054847,0.5468788568307674,0.299076484048527,0.7966081493335586,1.2962901370547992,0.9263134811213217,0.7260324761447164,-1.6891066951111822,9.119762952498283,0.8148626362364724,0.6337679856115114
2453,93.0,A. A. Moosavi,Iran,29.783399,52.701979,5_10,25.785507246376778,57.87246376811594,16.34202898550724,1.3275928792569658,1.2007710293984664,0.02045941939065939,9.119762952498283,12,1,SILTY LOAM,0.35678187206705014,-0.44759722005054847,0.5468788568307674,0.299076484048527,0.7966081493335586,1.2962901370547992,0.9263134811213217,0.7260324761447164,-1.6891066951111822,9.119762952498283,0.8148626362364724,0.6337679856115114
2454,93.0,A. A. Moosavi,Iran,29.783399,52.701979,5_10,25.785507246376778,57.87246376811594,16.34202898550724,1.3275928792569658,1.2007710293984664,0.02045941939065939,9.119762952498283,12,1,SILTY LOAM,0.35678187206705014,-0.44759722005054847,0.5468788568307674,0.299076484048527,0.7966081493335586,1.2962901370547992,0.9263134811213217,0.7260324761447164,-1.6891066951111822,9.119762952498283,0.8148626362364724,0.6337679856115114
2455,93.0,A. A. Moosavi,Iran,29.783399,52.701979,5_10,25.785507246376778,57.87246376811594,16.34202898550724,1.3275928792569658,1.2007710293984664,0.02045941939065939,9.119762952498283,12,1,SILTY LOAM,0.35678187206705014,-0.44759722005054847,0.5468788568307674,0.299076484048527,0.7966081493335586,1.2962901370547992,0.9263134811213217,0.7260324761447164,-1.6891066951111822,9.119762952498283,0.8148626362364724,0.6337679856115114
2456,93.0,A. A. Moosavi,Iran,29.783399,52.701979,5_10,25.785507246376778,57.87246376811594,16.34202898550724,1.3275928792569658,1.2007710293984664,0.02045941939065939,9.119762952498283,12,1,SILTY LOAM,0.35678187206705014,-0.44759722005054847,0.5468788568307674,0.299076484048527,0.7966081493335586,1.2962901370547992,0.9263134811213217,0.7260324761447164,-1.6891066951111822,9.119762952498283,0.8148626362364724,0.6337679856115114
2457,93.0,A. A. Moosavi,Iran,29.783399,52.701979,5_10,25.785507246376778,57.87246376811594,16.34202898550724,1.3275928792569658,1.2007710293984664,0.02045941939065939,9.119762952498283,12,1,SILTY LOAM,0.35678187206705014,-0.44759722005054847,0.5468788568307674,0.299076484048527,0.7966081493335586,1.2962901370547992,0.9263134811213217,0.7260324761447164,-1.6891066951111822,9.119762952498283,0.8148626362364724,0.6337679856115114
2458,93.0,A. A. Moosavi,Iran,29.783399,52.701979,5_10,33.31680000000001,61.5432,5.14,1.387280742459397,1.2690595346418823,0.010606475281412911,6.366934142396772,12,1,SILTY CLAY LOAM,3.4829758130217674,0.5419504585789217,0.521109609569101,0.2715552251852609,0.6170423903854997,1.2897879207653393,0.9839288414864692,0.7229253260657489,-1.9744289158304869,6.366934142396772,0.13328845064043193,0.15427652115449259
2459,93.0,A. A. Moosavi,Iran,29.783399,52.701979,5_10,33.31680000000001,61.5432,5.14,1.387280742459397,1.2690595346418823,0.010606475281412911,6.366934142396772,12,1,SILTY CLAY LOAM,3.4829758130217674,0.5419504585789217,0.521109609569101,0.2715552251852609,0.6170423903854997,1.2897879207653393,0.9839288414864692,0.7229253260657489,-1.9744289158304869,6.366934142396772,0.13328845064043193,0.15427652115449259
2460,93.0,A. A. Moosavi,Iran,29.783399,52.701979,5_10,33.31680000000001,61.5432,5.14,1.387280742459397,1.2690595346418823,0.010606475281412911,6.366934142396772,12,1,SILTY CLAY LOAM,3.4829758130217674,0.5419504585789217,0.521109609569101,0.2715552251852609,0.6170423903854997,1.2897879207653393,0.9839288414864692,0.7229253260657489,-1.9744289158304869,6.366934142396772,0.13328845064043193,0.15427652115449259
2461,93.0,A. A. Moosavi,Iran,29.783399,52.701979,5_10,33.31680000000001,61.5432,5.14,1.387280742459397,1.2690595346418823,0.010606475281412911,6.366934142396772,12,1,SILTY CLAY LOAM,3.4829758130217674,0.5419504585789217,0.521109609569101,0.2715552251852609,0.6170423903854997,1.2897879207653393,0.9839288414864692,0.7229253260657489,-1.9744289158304869,6.366934142396772,0.13328845064043193,0.15427652115449259
2462,93.0,A. A. Moosavi,Iran,29.783399,52.701979,5_10,33.31680000000001,61.5432,5.14,1.387280742459397,1.2690595346418823,0.010606475281412911,6.366934142396772,12,1,SILTY CLAY LOAM,3.4829758130217674,0.5419504585789217,0.521109609569101,0.2715552251852609,0.6170423903854997,1.2897879207653393,0.9839288414864692,0.7229253260657489,-1.9744289158304869,6.366934142396772,0.13328845064043193,0.15427652115449259
2463,93.0,A. A. Moosavi,Iran,29.783399,52.701979,5_10,33.31680000000001,61.5432,5.14,1.387280742459397,1.2690595346418823,0.010606475281412911,6.366934142396772,12,1,SILTY CLAY LOAM,3.4829758130217674,0.5419504585789217,0.521109609569101,0.2715552251852609,0.6170423903854997,1.2897879207653393,0.9839288414864692,0.7229253260657489,-1.9744289158304869,6.366934142396772,0.13328845064043193,0.15427652115449259
2464,93.0,A. A. Moosavi,Iran,29.783399,52.701979,5_10,25.854400000000005,54.60960000000001,19.536,2.1751740139211138,1.2754695827375537,0.02295547584885531,10.140864979968228,12,5,SILTY LOAM,1.0436210492976072,0.01854283001193894,0.5186907234952627,0.26904006664003904,0.6023889248147322,1.2096911411133715,1.054376228269012,1.1282425830088372,-1.6391137002235918,10.140864979968228,0.7934808596365437,0.7556160653505786
2465,93.0,A. A. Moosavi,Iran,29.783399,52.701979,5_10,25.854400000000005,54.60960000000001,19.536,2.1751740139211138,1.2754695827375537,0.02295547584885531,10.140864979968228,12,5,SILTY LOAM,1.0436210492976072,0.01854283001193894,0.5186907234952627,0.26904006664003904,0.6023889248147322,1.2096911411133715,1.054376228269012,1.1282425830088372,-1.6391137002235918,10.140864979968228,0.7934808596365437,0.7556160653505786
2466,93.0,A. A. Moosavi,Iran,29.783399,52.701979,5_10,25.854400000000005,54.60960000000001,19.536,2.1751740139211138,1.2754695827375537,0.02295547584885531,10.140864979968228,12,5,SILTY LOAM,1.0436210492976072,0.01854283001193894,0.5186907234952627,0.26904006664003904,0.6023889248147322,1.2096911411133715,1.054376228269012,1.1282425830088372,-1.6391137002235918,10.140864979968228,0.7934808596365437,0.7556160653505786
2467,93.0,A. A. Moosavi,Iran,29.783399,52.701979,5_10,25.854400000000005,54.60960000000001,19.536,2.1751740139211138,1.2754695827375537,0.02295547584885531,10.140864979968228,12,5,SILTY LOAM,1.0436210492976072,0.01854283001193894,0.5186907234952627,0.26904006664003904,0.6023889248147322,1.2096911411133715,1.054376228269012,1.1282425830088372,-1.6391137002235918,10.140864979968228,0.7934808596365437,0.7556160653505786
2468,93.0,A. A. Moosavi,Iran,29.783399,52.701979,5_10,25.854400000000005,54.60960000000001,19.536,2.1751740139211138,1.2754695827375537,0.02295547584885531,10.140864979968228,12,5,SILTY LOAM,1.0436210492976072,0.01854283001193894,0.5186907234952627,0.26904006664003904,0.6023889248147322,1.2096911411133715,1.054376228269012,1.1282425830088372,-1.6391137002235918,10.140864979968228,0.7934808596365437,0.7556160653505786
2469,93.0,A. A. Moosavi,Iran,29.783399,52.701979,5_10,25.854400000000005,54.60960000000001,19.536,2.1751740139211138,1.2754695827375537,0.02295547584885531,10.140864979968228,12,5,SILTY LOAM,1.0436210492976072,0.01854283001193894,0.5186907234952627,0.26904006664003904,0.6023889248147322,1.2096911411133715,1.054376228269012,1.1282425830088372,-1.6391137002235918,10.140864979968228,0.7934808596365437,0.7556160653505786
2470,93.0,A. A. Moosavi,Iran,29.783399,52.701979,5_10,39.651199999999996,56.47680000000001,3.8719999999999994,1.4175978828306266,1.2430537501624854,0.008235820941270598,6.3387218044556315,12,1,SILTY CLAY LOAM,0.9446233870881936,-0.02474130631636246,0.530923113146232,0.2818793520728866,0.6801533296560355,1.2865101798297471,0.9662214645880124,0.7526354811419437,-2.0842931041452477,6.3387218044556315,-0.04414809831109219,0.09765152126543458
2471,93.0,A. A. Moosavi,Iran,29.783399,52.701979,5_10,39.651199999999996,56.47680000000001,3.8719999999999994,1.4175978828306266,1.2430537501624854,0.008235820941270598,6.3387218044556315,12,1,SILTY CLAY LOAM,0.9446233870881936,-0.02474130631636246,0.530923113146232,0.2818793520728866,0.6801533296560355,1.2865101798297471,0.9662214645880124,0.7526354811419437,-2.0842931041452477,6.3387218044556315,-0.04414809831109219,0.09765152126543458
2472,93.0,A. A. Moosavi,Iran,29.783399,52.701979,5_10,39.651199999999996,56.47680000000001,3.8719999999999994,1.4175978828306266,1.2430537501624854,0.008235820941270598,6.3387218044556315,12,1,SILTY CLAY LOAM,0.9446233870881936,-0.02474130631636246,0.530923113146232,0.2818793520728866,0.6801533296560355,1.2865101798297471,0.9662214645880124,0.7526354811419437,-2.0842931041452477,6.3387218044556315,-0.04414809831109219,0.09765152126543458
2473,93.0,A. A. Moosavi,Iran,29.783399,52.701979,5_10,39.651199999999996,56.47680000000001,3.8719999999999994,1.4175978828306266,1.2430537501624854,0.008235820941270598,6.3387218044556315,12,1,SILTY CLAY LOAM,0.9446233870881936,-0.02474130631636246,0.530923113146232,0.2818793520728866,0.6801533296560355,1.2865101798297471,0.9662214645880124,0.7526354811419437,-2.0842931041452477,6.3387218044556315,-0.04414809831109219,0.09765152126543458
2474,93.0,A. A. Moosavi,Iran,29.783399,52.701979,5_10,39.651199999999996,56.47680000000001,3.8719999999999994,1.4175978828306266,1.2430537501624854,0.008235820941270598,6.3387218044556315,12,1,SILTY CLAY LOAM,0.9446233870881936,-0.02474130631636246,0.530923113146232,0.2818793520728866,0.6801533296560355,1.2865101798297471,0.9662214645880124,0.7526354811419437,-2.0842931041452477,6.3387218044556315,-0.04414809831109219,0.09765152126543458
2475,93.0,A. A. Moosavi,Iran,29.783399,52.701979,5_10,39.651199999999996,56.47680000000001,3.8719999999999994,1.4175978828306266,1.2430537501624854,0.008235820941270598,6.3387218044556315,12,1,SILTY CLAY LOAM,0.9446233870881936,-0.02474130631636246,0.530923113146232,0.2818793520728866,0.6801533296560355,1.2865101798297471,0.9662214645880124,0.7526354811419437,-2.0842931041452477,6.3387218044556315,-0.04414809831109219,0.09765152126543458
2553,96.0,A. Panagopoulos,Greece,37.833,23.786,7_4,20.8,25.2,54.0,4.42,1.43,0.09602054596433697,16.302827370604092,2,5,SANDY CLAY LOAM,13.4,1.1271047983648077,0.46037735849056605,0.21194731221075117,0.33509005837809114,1.0278323421204518,1.3912774889432482,2.0348679245283017,-1.0176358289997964,16.302827370604092,1.781721166670423,2.5961538461538463
2554,96.0,A. Panagopoulos,Greece,37.833,23.786,7_4,20.8,25.2,54.0,2.93,1.42,0.09602054596433697,16.302827370604092,2,5,SANDY CLAY LOAM,14.2,1.1522883443830565,0.4641509433962264,0.21543609825560697,0.34825132030556977,1.141762640316498,1.2436910701565556,1.3599622641509435,-1.0176358289997964,16.302827370604092,1.7984523951283826,2.5961538461538463
2555,96.0,A. Panagopoulos,Greece,37.833,23.786,7_4,20.8,25.2,54.0,3.13,1.51,0.09602054596433697,16.302827370604092,2,5,SANDY CLAY LOAM,12.3,1.089905111439398,0.43018867924528303,0.18506229975080102,0.24519679292450766,1.1250239129501851,1.3421936926125242,1.3464905660377358,-1.0176358289997964,16.302827370604092,1.6460744089993808,2.5961538461538463
2556,96.0,A. Panagopoulos,Greece,37.833,23.786,7_4,14.0,19.2,66.8,0.7,1.59,0.1917955051086608,12.829376175576071,2,1,SANDY LOAM,0.2875,-0.5413621509743507,0.3999999999999999,0.15999999999999992,0.17777777777777762,1.3688490276718455,1.1615597979452057,0.2799999999999999,-0.7171615751078986,12.829376175576071,2.107385604513505,4.771428571428571
2557,96.0,A. Panagopoulos,Greece,37.833,23.786,7_4,15.8,19.6,64.8,0.65,1.65,0.16683372281388992,13.944312751116641,2,1,SANDY LOAM,0.0125,-1.9030899869919435,0.37735849056603776,0.1423994304022784,0.13860734272398084,1.3749806727429286,1.2000168676614482,0.24528301886792456,-0.7777161590238509,13.944312751116641,1.8781852011003806,4.10126582278481
2558,96.0,A. Panagopoulos,Greece,37.833,23.786,7_4,46.0,35.2,18.8,0.91,1.5,0.01159008724576329,13.485427399102296,2,1,CLAY,0.0071,-2.1487416512809245,0.4339622641509434,0.1883232467070132,0.2550733752620546,1.3436823255202042,1.1163352910958904,0.3949056603773585,-1.9359132948206184,13.485427399102296,-0.17333017911586945,0.40869565217391307
2559,96.0,A. Panagopoulos,Greece,37.833,23.786,7_4,18.8,27.2,54.0,0.85,1.57,0.10248578640986929,15.198068905010032,2,1,SANDY LOAM,0.13625,-0.86566348905132,0.40754716981132066,0.16609469562121745,0.19285286172579985,1.3507778851622698,1.1622932365459884,0.34641509433962253,-0.9893363620403802,15.198068905010032,1.5983846451375157,2.872340425531915
2570,96.0,A. Panagopoulos,Greece,37.833,23.786,7_4,26.0,26.8,47.2,0.795,1.41,0.06313563047691864,17.971997497781594,2,1,SANDY CLAY LOAM,0.92,-0.03621217265444471,0.4679245283018868,0.21895336418654326,0.3618936445435246,1.357348300032983,1.0387901174412917,0.372,-1.199725478278904,17.971997497781594,1.4509612811940324,1.8153846153846156
2571,96.0,A. Panagopoulos,Greece,37.833,23.786,7_4,20.8,25.2,54.0,0.44,1.57,0.09602054596433697,16.302827370604092,2,1,SANDY CLAY LOAM,8.7,0.9395192526186185,0.40754716981132066,0.16609469562121745,0.19285286172579985,1.4013449456106764,1.120352276516634,0.17932075471698108,-1.0176358289997964,16.302827370604092,1.541785711218683,2.5961538461538463
2572,96.0,A. Panagopoulos,Greece,37.833,23.786,7_4,40.4,24.8,34.8,0.99,1.78,0.02504063255506475,20.036778670250644,2,5,CLAY,0.52,-0.2839966563652008,0.32830188679245276,0.10778212887148447,0.07842813347847725,1.3343367319251114,1.3339961026418787,0.3250188679245282,-1.6013547045469,20.036778670250644,-0.016406248279838272,0.8613861386138614
2573,96.0,A. Panagopoulos,Greece,37.833,23.786,7_4,32.0,40.8,27.2,0.645,1.5,0.02490152916964374,14.273812229080258,2,1,CLAY LOAM,0.91,-0.040958607678906384,0.4339622641509434,0.1883232467070132,0.2550733752620546,1.3755968598852069,1.0904357546477494,0.27990566037735853,-1.603773982641344,14.273812229080258,0.49094844524267967,0.85
2574,96.0,A. Panagopoulos,Greece,37.833,23.786,7_4,26.0,38.8,35.2,0.8,1.68,0.04062416613720623,14.943465009204006,2,1,LOAM,1.51,0.17897694729316943,0.36603773584905663,0.13398362406550376,0.12202554764043988,1.3567483494665138,1.2382546849315068,0.2928301886792453,-1.3912155403694184,14.943465009204006,0.595850966184067,1.353846153846154
2575,96.0,A. Panagopoulos,Greece,37.833,23.786,7_4,16.4,21.2,62.4,0.53,1.75,0.15089193983563487,14.289892484340974,2,1,SANDY LOAM,13.3,1.1238516409670858,0.3396226415094339,0.11534353862584544,0.08982672314208694,1.3899231807002068,1.25906238869863,0.17999999999999997,-0.8213339582257202,14.289892484340974,1.6025689220698396,3.804878048780488
2576,96.0,A. Panagopoulos,Greece,37.833,23.786,7_4,18.0,15.2,66.8,0.165,1.61,0.1683602224790196,15.296264558472984,2,1,SANDY LOAM,0.71,-0.14874165128092473,0.39245283018867916,0.15401922392310424,0.16375794958993675,1.4374378370988197,1.1200484351027398,0.06475471698113207,-0.7737605090267314,15.296264558472984,1.9585126553550734,3.711111111111111
2577,96.0,A. Panagopoulos,Greece,37.833,23.786,7_4,26.0,19.2,54.8,0.48,1.69,0.08347406458874355,19.416344130333144,2,5,SANDY CLAY LOAM,2.27,0.35602585719312274,0.36226415094339626,0.13123531505873978,0.11689459105403664,1.3962455149369852,1.2103888477495108,0.1738867924528302,-1.0784484389549114,19.416344130333144,1.2027288195574304,2.1076923076923078
2578,96.0,A. Panagopoulos,Greece,37.833,23.786,7_4,6.8,18.8,74.4,0.35,1.68,0.3206221671473046,8.254866956038413,2,1,SANDY LOAM,10.7,1.0293837776852097,0.36603773584905663,0.13398362406550376,0.12202554764043988,1.412955983759716,1.188996698630137,0.12811320754716982,-0.49400645473000715,8.254866956038413,2.3902691374628895,10.941176470588237
2579,96.0,A. Panagopoulos,Greece,37.833,23.786,7_4,22.4,42.8,34.8,0.745,1.44,0.04501326321885947,13.502230949636413,2,1,LOAM,0.48,-0.3187587626244128,0.45660377358490567,0.2084870060519758,0.3223927396342884,1.363377117938234,1.0562007980430528,0.34016981132075474,-1.3466595019121528,13.502230949636413,1.1068975305104403,1.5535714285714286
2580,96.0,A. Panagopoulos,Greece,37.833,23.786,7_4,24.0,44.8,31.2,0.74,1.61,0.037432937220685726,13.122297810855152,2,1,LOAM,3.12,0.4941545940184428,0.39245283018867916,0.15401922392310424,0.16375794958993675,1.3639829465829978,1.1803666636986303,0.2904150943396226,-1.4267460941068404,13.122297810855152,0.6525414851948552,1.3
2581,96.0,A. Panagopoulos,Greece,37.833,23.786,7_4,46.4,23.2,30.4,0.84,0.84,0.017519990720548134,19.666285674934734,2,5,CLAY,1.52,0.18184358794477254,0.6830188679245284,0.46651477394090435,3.1712558293757778,1.351967770569958,0.6213165863013699,0.5737358490566038,-1.7564661281916714,19.666285674934734,1.2801303036763425,0.6551724137931034
2582,96.0,A. Panagopoulos,Greece,37.833,23.786,7_4,21.2,33.2,45.6,0.6,1.73,0.06960833313887103,15.288292061757275,2,1,LOAM,2.31,0.36361197989214433,0.34716981132075475,0.12052687789248845,0.09818053670416214,1.3811674973717951,1.2525635039138943,0.20830188679245284,-1.1573387658550398,15.288292061757275,0.9691791516448905,2.150943396226415
2583,96.0,A. Panagopoulos,Greece,37.833,23.786,7_4,32.0,23.2,44.8,0.75,1.72,0.047542072328666383,20.35795347770473,2,1,CLAY LOAM,15.8,1.1986570869544226,0.3509433962264151,0.1231612673549306,0.10259969692949789,1.362771827226001,1.2621335176125243,0.2632075471698113,-1.3229218915752559,20.35795347770473,0.6571335762720909,1.4
2585,96.0,A. Panagopoulos,Greece,37.833,23.786,7_4,31.5,16.5,52.0,22.45,0.52,0.06295743306497059,22.098338407570914,2,1,SANDY CLAY LOAM,0.4392,-0.3573376685579645,0.8037735849056604,0.6460519757920969,13.486096070112769,0.4656175866587168,1.1167963043052835,18.044716981132076,-1.2009529875810931,22.098338407570914,3.0198115554603238,1.6507936507936507
2586,96.0,A. Panagopoulos,Greece,37.833,23.786,7_4,31.5,16.5,52.0,22.45,0.52,0.06295743306497059,22.098338407570914,2,1,SANDY CLAY LOAM,30.456,1.4836728638063108,0.8037735849056604,0.6460519757920969,13.486096070112769,0.4656175866587168,1.1167963043052835,18.044716981132076,-1.2009529875810931,22.098338407570914,3.0198115554603238,1.6507936507936507
2587,96.0,A. Panagopoulos,Greece,37.833,23.786,7_4,31.5,16.5,52.0,22.45,0.7,0.06295743306497059,22.098338407570914,2,1,SANDY CLAY LOAM,16.625,1.2207616539751422,0.7358490566037736,0.5414738341046637,5.710338852522145,0.4656175866587168,1.5033796404109585,16.51981132075472,-1.2009529875810931,22.098338407570914,2.646587186472749,1.6507936507936507
2588,96.0,A. Panagopoulos,Greece,37.833,23.786,7_4,31.5,16.5,52.0,22.45,0.73,0.06295743306497059,22.098338407570914,2,1,SANDY CLAY LOAM,15.9948,1.2039788140081582,0.7245283018867925,0.5249412602349591,5.012011882295878,0.4656175866587168,1.5678101964285711,16.26566037735849,-1.2009529875810931,22.098338407570914,2.5899373982834457,1.6507936507936507
2589,96.0,A. Panagopoulos,Greece,37.833,23.786,7_4,31.5,16.5,52.0,22.45,0.72,0.06295743306497059,22.098338407570914,2,1,SANDY CLAY LOAM,2.628,0.41962536088774316,0.7283018867924529,0.5304236383054469,5.233124417656654,0.4656175866587168,1.5463333444227003,16.350377358490565,-1.2009529875810931,22.098338407570914,2.608686366574493,1.6507936507936507
2590,96.0,A. Panagopoulos,Greece,37.833,23.786,7_4,36.1,25.1,38.8,6.0,1.34,0.03336715433475637,20.112931084566164,2,1,CLAY LOAM,14.7348,1.1683442454125568,0.49433962264150944,0.24437166251334994,0.4724527881572145,0.9294821365720299,1.4416629941291585,2.9660377358490564,-1.476680829887317,20.112931084566164,1.0128280380389385,1.074792243767313
2591,96.0,A. Panagopoulos,Greece,37.833,23.786,7_4,36.1,25.1,38.8,6.0,1.37,0.03336715433475637,20.112931084566164,2,1,CLAY LOAM,1.818,0.25959387888594865,0.4830188679245282,0.2333072267710928,0.42164106409907093,0.9294821365720299,1.4739390313111547,2.898113207547169,-1.476680829887317,20.112931084566164,0.9634125224320521,1.074792243767313
2598,96.0,A. Panagopoulos,Greece,37.833,23.786,7_4,31.5,16.5,52.0,22.45,0.53,0.06295743306497059,22.098338407570914,2,1,SANDY CLAY LOAM,2.6496,0.4231803151047861,0.8,0.6400000000000001,12.80000000000001,0.4656175866587168,1.1382731563111546,17.96,-1.2009529875810931,22.098338407570914,2.997135275998385,1.6507936507936507
2601,96.0,A. Panagopoulos,Greece,37.833,23.786,7_4,31.5,16.5,52.0,22.45,0.88,0.06295743306497059,22.098338407570914,2,1,SANDY CLAY LOAM,1.4508,0.16160754690839674,0.6679245283018868,0.4461231755072979,2.7021445696241995,0.4656175866587168,1.8899629765166337,14.994905660377357,-1.2009529875810931,22.098338407570914,2.3216338871987907,1.6507936507936507
2602,96.0,A. Panagopoulos,Greece,37.833,23.786,7_4,36.1,25.1,38.8,6.0,0.88,0.03336715433475637,20.112931084566164,2,1,CLAY LOAM,6.39,0.8055008581584001,0.6679245283018868,0.4461231755072979,2.7021445696241995,0.9294821365720299,0.9467637573385518,4.00754716981132,-1.476680829887317,20.112931084566164,1.7701782025863433,1.074792243767313
2603,96.0,A. Panagopoulos,Greece,37.833,23.786,7_4,30.0,24.0,46.0,27.95,0.52,0.05303060497496574,19.709321388098957,2,1,SANDY CLAY LOAM,4.4136,0.6447929709496835,0.8037735849056604,0.6460519757920969,13.486096070112769,0.3990353612974803,1.3031426545988258,22.46547169811321,-1.2754734184067882,19.709321388098957,2.8707706938089337,1.5333333333333334
2604,96.0,A. Panagopoulos,Greece,37.833,23.786,7_4,31.5,16.5,52.0,22.45,0.51,0.06295743306497059,22.098338407570914,2,1,SANDY CLAY LOAM,4.3704,0.6405211875065261,0.8075471698113208,0.6521324314702742,14.218542940668694,0.4656175866587168,1.0953194522994127,18.12943396226415,-1.2009529875810931,22.098338407570914,3.0427804002654084,1.6507936507936507
2605,96.0,A. Panagopoulos,Greece,37.833,23.786,7_4,31.5,16.5,52.0,22.45,0.83,0.06295743306497059,22.098338407570914,2,1,SANDY CLAY LOAM,16.2576,1.2110564340202175,0.6867924528301887,0.47168387326450706,3.302266396798837,0.4656175866587168,1.7825787164872795,15.418490566037736,-1.2009529875810931,22.098338407570914,2.4087374116167855,1.6507936507936507
2606,96.0,A. Panagopoulos,Greece,37.833,23.786,7_4,31.5,16.5,52.0,22.45,0.84,0.06295743306497059,22.098338407570914,2,1,SANDY CLAY LOAM,1.2348,0.09159662081005772,0.6830188679245284,0.46651477394090435,3.1712558293757778,0.4656175866587168,1.8040555684931503,15.33377358490566,-1.2009529875810931,22.098338407570914,2.391156584897499,1.6507936507936507
2607,96.0,A. Panagopoulos,Greece,37.833,23.786,7_4,36.1,25.1,38.8,6.0,1.45,0.03336715433475637,20.112931084566164,2,1,CLAY LOAM,1.746,0.24204423936955088,0.4528301886792453,0.2050551797792809,0.3101429116281157,0.9294821365720299,1.5600084637964773,2.716981132075472,-1.476680829887317,20.112931084566164,0.8300314814741858,1.074792243767313
2618,96.0,A. Panagopoulos,Greece,37.833,23.786,7_4,58.5,17.5,24.0,20.95,0.59,0.00933671416733362,18.146668025128612,2,1,CLAY,8.3664,0.9225386244855804,0.7773584905660378,0.6042862228551087,9.476582851381902,0.4878165140710662,1.2094711494618393,16.28566037735849,-2.0298059364110816,18.146668025128612,1.2088711725769041,0.41025641025641024
2619,96.0,A. Panagopoulos,Greece,37.833,23.786,7_4,64.0,26.0,10.0,17.45,0.83,0.004666222645571605,9.765440404851947,2,1,CLAY,18.3708,1.2641280690995187,0.6867924528301887,0.47168387326450706,3.302266396798837,0.5488760788862209,1.512181040362035,11.984528301886794,-2.3310345429884096,9.765440404851947,0.14857430080215225,0.15625
2620,96.0,A. Panagopoulos,Greece,37.833,23.786,7_4,64.0,26.0,10.0,17.45,0.95,0.004666222645571605,9.765440404851947,2,1,CLAY,40.5,1.6074550232146685,0.6415094339622642,0.41153435386258463,2.0542518162337338,0.5488760788862209,1.730809624510763,11.194339622641511,-2.3310345429884096,9.765440404851947,-0.057584124843798004,0.15625
2621,96.0,A. Panagopoulos,Greece,37.833,23.786,7_4,31.5,16.5,52.0,22.45,0.61,0.06295743306497059,22.098338407570914,2,1,SANDY CLAY LOAM,5.8212,0.7650125206736884,0.769811320754717,0.5926094695621218,8.609639323979662,0.4656175866587168,1.3100879723581211,17.282264150943398,-1.2009529875810931,22.098338407570914,2.824910264669871,1.6507936507936507
2628,96.0,A. Panagopoulos,Greece,37.833,23.786,7_4,31.5,16.5,52.0,22.45,0.84,0.06295743306497059,22.098338407570914,2,1,SANDY CLAY LOAM,5.2956,0.7239151734948174,0.6830188679245284,0.46651477394090435,3.1712558293757778,0.4656175866587168,1.8040555684931503,15.33377358490566,-1.2009529875810931,22.098338407570914,2.391156584897499,1.6507936507936507
2630,96.0,A. Panagopoulos,Greece,37.833,23.786,7_4,31.5,16.5,52.0,22.45,0.43,0.06295743306497059,22.098338407570914,2,1,SANDY CLAY LOAM,3.8664,0.5873067821308241,0.8377358490566038,0.7018013527945889,22.32935293937571,0.4656175866587168,0.923504636252446,18.807169811320755,-1.2009529875810931,22.098338407570914,3.2388014446064517,1.6507936507936507
2631,96.0,A. Panagopoulos,Greece,37.833,23.786,7_4,31.5,16.5,52.0,22.45,0.83,0.06295743306497059,22.098338407570914,2,1,SANDY CLAY LOAM,25.956,1.4142377654867162,0.6867924528301887,0.47168387326450706,3.302266396798837,0.4656175866587168,1.7825787164872795,15.418490566037736,-1.2009529875810931,22.098338407570914,2.4087374116167855,1.6507936507936507
2641,96.0,A. Panagopoulos,Greece,37.833,23.786,7_4,36.1,25.1,38.8,6.0,0.4,0.03336715433475637,20.112931084566164,2,1,CLAY LOAM,1.1124,0.04626098019212192,0.8490566037735849,0.7208971164115344,26.864681603773597,0.9294821365720299,0.43034716242661447,5.09433962264151,-1.476680829887317,20.112931084566164,2.767651319479424,1.074792243767313
2642,96.0,A. Panagopoulos,Greece,37.833,23.786,7_4,36.1,25.1,38.8,6.0,1.32,0.03336715433475637,20.112931084566164,2,1,CLAY LOAM,0.5256,-0.27934464344827564,0.5018867924528301,0.25189035243859015,0.5095199421314339,0.9294821365720299,1.4201456360078277,3.0113207547169805,-1.476680829887317,20.112931084566164,1.0456308082908183,1.074792243767313
2643,96.0,A. Panagopoulos,Greece,37.833,23.786,7_4,31.5,16.5,52.0,22.45,0.91,0.06295743306497059,22.098338407570914,2,1,SANDY CLAY LOAM,24.732,1.3932592378268378,0.6566037735849056,0.431128515485938,2.4005960450497033,0.4656175866587168,1.9543935325342463,14.740754716981131,-1.2009529875810931,22.098338407570914,2.27024439261932,1.6507936507936507
2644,101.0,B. Clothier,UAE,23.511667,53.747222,4_10,1.1,1.2,97.5,0.09,1.61,0.9087312203752009,2.2757080569022996,7,4,SAND,900.0,2.9542425094393248,0.39245283018867916,0.15401922392310424,0.16375794958993675,1.4476063082518567,1.1121808400684932,0.03532075471698112,-0.04156455106737143,2.2757080569022996,3.422904571273793,88.63636363636363
2645,101.0,B. Clothier,UAE,23.511667,53.747222,4_10,1.1,1.2,97.5,0.09,1.61,0.9087312203752009,2.2757080569022996,7,4,SAND,900.0,2.9542425094393248,0.39245283018867916,0.15401922392310424,0.16375794958993675,1.4476063082518567,1.1121808400684932,0.03532075471698112,-0.04156455106737143,2.2757080569022996,3.422904571273793,88.63636363636363
2646,101.0,B. Clothier,UAE,23.511667,53.747222,4_10,1.1,1.2,97.5,0.09,1.61,0.9087312203752009,2.2757080569022996,7,4,SAND,900.0,2.9542425094393248,0.39245283018867916,0.15401922392310424,0.16375794958993675,1.4476063082518567,1.1121808400684932,0.03532075471698112,-0.04156455106737143,2.2757080569022996,3.422904571273793,88.63636363636363
2647,101.0,B. Clothier,UAE,23.511667,53.747222,4_10,1.1,1.2,97.5,0.09,1.61,0.9087312203752009,2.2757080569022996,7,4,SAND,900.0,2.9542425094393248,0.39245283018867916,0.15401922392310424,0.16375794958993675,1.4476063082518567,1.1121808400684932,0.03532075471698112,-0.04156455106737143,2.2757080569022996,3.422904571273793,88.63636363636363
2648,101.0,B. Clothier,UAE,23.511667,53.747222,4_10,1.1,1.2,97.5,0.09,1.61,0.9087312203752009,2.2757080569022996,7,4,SAND,900.0,2.9542425094393248,0.39245283018867916,0.15401922392310424,0.16375794958993675,1.4476063082518567,1.1121808400684932,0.03532075471698112,-0.04156455106737143,2.2757080569022996,3.422904571273793,88.63636363636363
2649,101.0,B. Clothier,UAE,23.511667,53.747222,4_10,1.1,1.2,97.5,0.09,1.61,0.9087312203752009,2.2757080569022996,7,4,SAND,900.0,2.9542425094393248,0.39245283018867916,0.15401922392310424,0.16375794958993675,1.4476063082518567,1.1121808400684932,0.03532075471698112,-0.04156455106737143,2.2757080569022996,3.422904571273793,88.63636363636363
2650,102.0,C. Castellano,Spain,41.766584,-0.200689,8_-1,23.63551,48.33449,28.03,1.803583598825599,1.393842069135977,0.03371522411047141,12.123426549982502,5,1,LOAM,1.1663999999999999,0.06684751097389935,0.4740218607034049,0.2246967244247182,0.3849991080663253,1.246189899285431,1.1184828812488452,0.8549380534494538,-1.472173949153066,12.123426549982502,0.9329431065791706,1.1859274456104396
2651,102.0,C. Castellano,Spain,41.766584,-0.200689,8_-1,25.42713,51.90287,22.67,2.3826832909211544,1.4158368436886695,0.026118178016325645,11.022631773564745,5,1,SILTY LOAM,0.9036000000000001,-0.044023777751674556,0.4657219457778605,0.21689693077911645,0.3538713790209212,1.1902242910001948,1.1895546531812782,1.1096678984201962,-1.5830571223837437,11.022631773564745,0.6745624752348603,0.8915673927808606
2652,102.0,C. Castellano,Spain,41.766584,-0.200689,8_-1,27.805659999999996,54.78434,17.41,2.472896392862408,1.2818577413898846,0.019922821084573206,9.847243070860056,5,1,SILTY CLAY LOAM,2.1708000000000003,0.33661981290743864,0.5162800975887227,0.2665451391662211,0.5881230993526558,1.1819552656477739,1.0845230599208497,1.2767071910338044,-1.700649165173576,9.847243070860056,0.6600011884223451,0.6261315142312753
2653,102.0,C. Castellano,Spain,41.766584,-0.200689,8_-1,28.23812,54.88188,16.88,2.3161612984604396,1.1993744029599853,0.019265228451512156,9.751397113452121,5,1,SILTY CLAY LOAM,4.032,0.6055205234374689,0.5474058856754772,0.29965320367215365,0.8007751434506721,1.1963962632417298,1.0024892586258887,1.2678803269510002,-1.715225836656542,9.751397113452121,0.7648901921142459,0.5977735061682576
2654,102.0,C. Castellano,Spain,41.766584,-0.200689,8_-1,33.61298,53.187020000000004,13.2,2.4176656031322903,1.2923755889944537,0.014125300893274812,9.310375719341899,5,1,SILTY CLAY LOAM,0.9468,-0.023741750742954877,0.512311098492659,0.2624626616387549,0.565347594209363,1.187004079544987,1.088770974982545,1.2385969209286205,-1.8500022921883774,9.310375719341899,0.3441422455403737,0.39270543700677535
2655,102.0,C. Castellano,Spain,41.766584,-0.200689,8_-1,20.948079999999997,51.581920000000004,27.47,2.495971663537832,1.2853977366176874,0.03605091286421483,11.174296865255052,5,1,SILTY LOAM,1.3392000000000002,0.12684544064918482,0.5149442503329481,0.26516758095096193,0.5803598051299492,1.1798585832063175,1.0894506807117195,1.2852862571327703,-1.4430837338052511,11.174296865255052,1.1693611401097446,1.311337363615186
2656,102.0,C. Castellano,Spain,41.766584,-0.200689,8_-1,21.96745,52.43255,25.6,2.592163159642168,1.2411835375715745,0.03255756510624929,10.971623664601829,5,1,SILTY LOAM,0.7595999999999999,-0.1194150439350201,0.5316288537465756,0.2826292381358979,0.6849287027592859,1.1711979074066219,1.0597555970023218,1.3780687292846676,-1.487348082298233,10.971623664601829,1.1527804831389534,1.165360567567014
2657,102.0,C. Castellano,Spain,41.766584,-0.200689,8_-1,19.89782,49.45218,30.65,2.8470662183802666,1.1741106115550268,0.04192972670703988,11.634086426131283,5,1,LOAM,2.1708000000000003,0.33661981290743864,0.5569393918660276,0.3101814862121006,0.8800301071587566,1.1488506734402837,1.0219871378402043,1.5856433282670166,-1.3774779682668665,11.634086426131283,1.481372875253283,1.5403697490478856
2658,102.0,C. Castellano,Spain,41.766584,-0.200689,8_-1,1.7344999999999997,14.595500000000001,83.67,9.970383806557331,1.0097254946431269,0.5316123886818214,4.666805014898394,5,4,LOAMY SAND,2.2212,0.34658766480052894,0.6189715114554237,0.38312573199341177,1.633417057086087,0.7493092319338084,1.3475417779616023,6.171383534535472,-0.2744049068236228,4.666805014898394,3.9561185542959048,48.23868550014414
2659,102.0,C. Castellano,Spain,41.766584,-0.200689,8_-1,8.036059999999999,24.313940000000002,67.65,4.968434615817175,1.11107673049949,0.24032030459849987,9.441937301607595,5,4,SANDY LOAM,4.968,0.6961815871685237,0.5807257620756642,0.3372424107383609,1.1140813939936949,0.9914191057820823,1.1206932809944343,2.885297978593539,-0.6192095342208497,9.441937301607595,3.1003291343135655,8.418304492500058
2660,102.0,C. Castellano,Spain,41.766584,-0.200689,8_-1,8.097840000000001,16.092159999999993,75.81,6.0752553665600555,1.131418754602378,0.3236901899416608,8.81241636638509,5,4,SANDY LOAM,1.368,0.13608609738409747,0.5730495265651403,0.32838575989653146,1.032336957410444,0.925265175441186,1.2228048613878648,3.481422211569568,-0.48987046253367605,8.81241636638509,3.3259118317004233,9.361755727453245
2661,102.0,C. Castellano,Spain,41.766584,-0.200689,8_-1,16.62348,31.93652,51.44,3.5828518604857233,1.4174705940839267,0.10014046475158332,13.805730451712316,5,4,LOAM,0.5076,-0.2944783865773328,0.46510543619474465,0.2163230667779037,0.3516558759328292,1.0888785805488375,1.301771032514448,1.6664038773923648,-0.999390397373102,13.805730451712316,1.839168365344826,3.0944182565864664
2662,102.0,C. Castellano,Spain,41.766584,-0.200689,8_-1,18.75489,35.76511000000001,45.48,3.7183977441980796,1.3132267210743458,0.07504884076693588,14.113662581872115,5,4,LOAM,0.4536,-0.34332695411514985,0.5044427467643978,0.2544624847632104,0.5226945493436731,1.0785070314602132,1.217633898312504,1.87571877164582,-1.1246560116473756,14.113662581872115,1.7607672295184797,2.424967568458146
2663,102.0,C. Castellano,Spain,41.766584,-0.200689,8_-1,8.252289999999999,27.967709999999997,63.78,4.148151316186675,1.2582402015159473,0.20700237290706786,9.743134579015612,5,4,SANDY LOAM,1.278,0.10653085382238137,0.525192376786435,0.27582703263458475,0.6425691554140616,1.0468916045088523,1.2018820249363342,2.178577449017859,-0.6840246761153577,9.743134579015612,2.7317018040067103,7.728763773449553
2664,102.0,C. Castellano,Spain,41.766584,-0.200689,8_-1,14.677410000000002,39.802589999999995,45.52,1.034976098213719,1.6237413459035532,0.08583759554834056,12.248700900779701,5,2,LOAM,2.0232,0.3060388163363484,0.3872674166401686,0.14997605199114994,0.1547002175518762,1.3291394935208667,1.2216485581978243,0.4008125198395484,-1.0663224561715672,12.248700900779701,1.3486772936091618,3.101364614056567
2665,102.0,C. Castellano,Spain,41.766584,-0.200689,8_-1,7.2947,25.285299999999992,67.42,1.0376982523292793,1.567048935998124,0.24412389246346003,9.067957132773817,5,2,SANDY LOAM,0.8532000000000001,-0.06894915322260883,0.4086607788686325,0.16700363218551736,0.19517109794806994,1.3288262325258637,1.1792730288138886,0.42406657602750203,-0.6123897139984011,9.067957132773817,2.357467358798371,9.242326620697218
2666,102.0,C. Castellano,Spain,41.766584,-0.200689,8_-1,13.07113,41.598870000000005,45.33,2.1077273541661796,1.5998981920768744,0.08982020702781908,11.512990879982206,5,1,LOAM,12.491999999999999,1.0966319755581608,0.3962648331785379,0.15702581801401447,0.17071184235330836,1.2161562999427415,1.3155366560632051,0.8352182283845022,-1.0466259482608813,11.512990879982206,1.4308430343441154,3.467948065698987
2667,102.0,C. Castellano,Spain,41.766584,-0.200689,8_-1,16.839709999999997,40.220290000000006,42.94,1.597739140101182,1.6530101335603047,0.07276310306650915,12.865604393253953,5,1,LOAM,1.6452000000000002,0.21621870083713754,0.376222591109319,0.14154343806100983,0.1368596189323641,1.267372661946546,1.304281039975615,0.6011055592056419,-1.1380887882242006,12.865604393253953,1.1519290314903259,2.549925147167024
2668,102.0,C. Castellano,Spain,41.766584,-0.200689,8_-1,18.013529999999996,45.376470000000005,36.61,1.9485095039488143,1.4143211074273798,0.0554997419532757,12.255338453923406,5,1,LOAM,9.684000000000001,0.9860547807696953,0.466293921725517,0.21743002143816256,0.3559384993954283,1.2316958879081015,1.1482713560320859,0.9085781381157343,-1.255709036130098,12.255338453923406,1.331788174414856,2.032361230697149
2669,102.0,C. Castellano,Spain,41.766584,-0.200689,8_-1,30.24597,63.734030000000004,6.02,2.3708368643982443,1.234845159921176,0.012107796549590044,6.388806522080189,5,1,SILTY CLAY LOAM,3.3984,0.5312744950653563,0.5340206943693675,0.2851781020147414,0.7013600130497999,1.1913187487714145,1.0365363268182,1.2660759485624444,-1.9169348852156898,6.388806522080189,0.3039025127082702,0.1990347805013362
2670,102.0,C. Castellano,Spain,41.766584,-0.200689,8_-1,27.527649999999998,58.222350000000006,14.25,2.3545013549105485,1.173940305188489,0.017900241318814156,8.753735471872117,5,1,SILTY CLAY LOAM,5.688000000000001,0.7549595877217099,0.5570036584194381,0.3102530754926381,0.8805902317113281,1.192831245785,0.9841629395077767,1.3114658684386993,-1.7471411141193849,8.753735471872117,0.7423229168441833,0.5176613332413047
2671,102.0,C. Castellano,Spain,41.766584,-0.200689,8_-1,28.330789999999997,54.969210000000004,16.7,2.5185710209844396,1.3272341060307746,0.01908053538964457,9.707920415785146,5,1,SILTY CLAY LOAM,1.0152,0.006551609086648405,0.4991569411204624,0.24915765186873676,0.49580171573759696,1.1778123411509347,1.1268638132402553,1.2571622068292327,-1.7194094433894642,9.707920415785146,0.5483204200580364,0.5894646778293158
2672,102.0,C. Castellano,Spain,41.766584,-0.200689,8_-1,22.02923,47.38077,30.59,1.6063339176355909,1.3721527646952052,0.03903064227896124,12.312820087210135,5,2,LOAM,1.4328,0.15618557284097512,0.48220650388860176,0.2325231123924681,0.4182019072386904,1.2664738061056486,1.0834434617440014,0.7745846625007394,-1.4085943020133036,12.312820087210135,1.0960286866022542,1.3886095882606884
2673,102.0,C. Castellano,Spain,41.766584,-0.200689,8_-1,19.588919999999998,45.591080000000005,34.82,1.5795926179079818,1.5132377392522174,0.04936688004795445,12.47521825157042,5,2,LOAM,1.0152,0.006551609086648405,0.4289668908482198,0.18401259344398854,0.24207433063052625,1.2692746518369369,1.1922066962120523,0.677592934110787,-1.3065643190185305,12.47521825157042,1.0626513831174507,1.7775354639255254
2674,102.0,C. Castellano,Spain,41.766584,-0.200689,8_-1,22.39991,47.14009,30.46,1.3540105711832477,1.4542231782795374,0.03837834115643978,12.399334268153899,5,2,LOAM,5.076,0.7055216134226672,0.45123653649828777,0.2036144118709706,0.30510013117831924,1.2934042042533795,1.1243377541972588,0.6109790405227971,-1.415913800892209,12.399334268153899,0.9444460740963817,1.3598268921616203
2675,102.0,C. Castellano,Spain,41.766584,-0.200689,8_-1,9.951239999999999,34.95876,55.09,2.734224535064167,1.188812252147032,0.14231966546370625,10.668384963719076,5,4,SANDY LOAM,0.8243999999999999,-0.08386201689282478,0.5513916029633842,0.3040326998185303,0.8330012387329891,1.158637356505023,1.0260434341017883,1.507628449250845,-0.846735085774589,10.668384963719076,2.5190067571980457,5.5359935043271005
2676,102.0,C. Castellano,Spain,41.766584,-0.200689,8_-1,14.61563,51.98437,33.4,2.3955916473319734,1.302794373488085,0.05509938502729726,10.428100777857855,5,6,SILTY LOAM,0.4536,-0.34332695411514985,0.5083794817026095,0.2584496974162139,0.5436307840112476,1.1890340116663611,1.0956746070386123,1.217869640041729,-1.2588532483486101,10.428100777857855,1.5094288262307558,2.2852247901732596
2677,102.0,C. Castellano,Spain,41.766584,-0.200689,8_-1,21.53499,53.63501,24.83,1.8673759447648184,1.568181600356029,0.03209843308698306,10.645433580037484,5,6,SILTY LOAM,1.0764,0.03197368909171692,0.40823335835621544,0.1666544748747942,0.19427839602458366,1.239768226679384,1.2648990082253302,0.7623251532449524,-1.49351616754174,10.645433580037484,0.5932234556807667,1.153007268635834
2678,102.0,C. Castellano,Spain,41.766584,-0.200689,8_-1,20.021379999999997,48.838620000000006,31.14,2.1461716937354427,1.4325671177572712,0.04251996204663936,11.790480618097364,5,6,LOAM,0.5076,-0.2944783865773328,0.45940863480857685,0.21105629373668033,0.3317869133510004,1.2124627407945716,1.1815349614937092,0.9859698078838108,-1.3714071318002568,11.790480618097364,1.0698762700901883,1.5553373443788592
2679,102.0,C. Castellano,Spain,41.766584,-0.200689,8_-1,17.39573,44.67427,37.93,1.2060141140760217,1.4934201445682391,0.059442432876699106,12.26472760636396,5,6,LOAM,1.1123999999999998,0.04626098019212184,0.43644522846481537,0.1904844374497049,0.2617682604865161,1.3097394378827003,1.140242174414839,0.5263591055497012,-1.225903423956378,12.26472760636396,1.2579414206152704,2.1804201375854877
2680,102.0,C. Castellano,Spain,41.766584,-0.200689,8_-1,17.241279999999996,44.59872000000001,38.16,0.8465291377648325,1.5564885326746656,0.06024933095007054,12.245596927462426,5,6,LOAM,0.6768,-0.1695396499690329,0.4126458367265413,0.17027658656774738,0.20367245600631065,1.35119064060079,1.1519385095670824,0.3493167243663669,-1.2200477714303686,12.245596927462426,1.1606680390645154,2.213292748566232
2681,102.0,C. Castellano,Spain,41.766584,-0.200689,8_-1,23.419279999999997,44.31072,32.27,1.2527749545230746,1.495573929578577,0.03967760683194209,13.216741795438574,5,6,LOAM,1.0368,0.01569498852651809,0.4356324794043105,0.189775657111947,0.25955938208244617,1.3045337587747323,1.1464432556987079,0.5457494595745094,-1.4014545303441002,13.216741795438574,0.903158952413456,1.3779245134777844
2682,102.0,C. Castellano,Spain,41.766584,-0.200689,8_-1,17.45751,47.68249,34.86,0.7396940572882698,1.4216525741816293,0.052994752061108805,11.706872422059858,5,6,LOAM,0.8424,-0.07448164182256987,0.4635273304974984,0.2148575861181371,0.3460436105291999,1.3640200338353525,1.04225197498326,0.34286841175969535,-1.2757671353755773,11.706872422059858,1.27942784544646,1.9968483477884305
2683,102.0,C. Castellano,Spain,41.766584,-0.200689,8_-1,19.31091,45.76909,34.92,1.5052479848900622,1.4445478431996672,0.04999944675720634,12.395048524919666,5,6,LOAM,0.9468,-0.023741750742954877,0.45488760633974823,0.20692273440150574,0.31676719631952627,1.277126902238336,1.13109185991455,0.6847186527943699,-1.3010348010964157,12.395048524919666,1.1905018800307126,1.8083042176676294
2684,102.0,C. Castellano,Spain,41.766584,-0.200689,8_-1,21.16431,45.85569,32.98,1.0149004689218215,1.5037697674001165,0.043831115425706724,12.617047785264152,5,6,LOAM,1.0764,0.03197368909171692,0.43253971041505035,0.18709060108593562,0.251308399760514,1.3314543329099735,1.1294189595774848,0.43898475492754346,-1.3582174771656739,12.617047785264152,0.9756033319246467,1.5582837333227493
2685,102.0,C. Castellano,Spain,41.766584,-0.200689,8_-1,13.04024,37.86976,49.09,1.1102462282022563,1.6188727310613382,0.10323129048758553,11.845483365813072,5,6,LOAM,1.062,0.026124516745450282,0.3891046297881743,0.15140241292259216,0.15785761153722006,1.3205316000219365,1.2259250221914006,0.4320019475983558,-0.9861886435386649,11.845483365813072,1.517719521866756,3.7645012668478497
2686,102.0,C. Castellano,Spain,41.766584,-0.200689,8_-1,25.42713,41.60287,32.97,1.1513718557996495,1.564723459013481,0.03813336943652021,14.10385526566656,5,6,LOAM,0.24335999999999997,-0.6137508032910769,0.4095383173534033,0.16772163338065688,0.1970154047232874,1.3158754071117054,1.1891121686421569,0.47153089247225377,-1.4186948190893856,14.10385526566656,0.7489418285044473,1.2966465346265976
2687,102.0,C. Castellano,Spain,41.766584,-0.200689,8_-1,32.65539,37.22461,30.12,1.272598653822008,1.4965200561267817,0.02713615671177907,15.553380403787642,5,6,CLAY LOAM,1.0152,0.006551609086648405,0.4352754505181956,0.18946471782381816,0.25859444171726015,1.3023393423656002,1.1491014725919797,0.5539309523712238,-1.5664516613579182,15.553380403787642,0.5715471446255984,0.9223592184934862
2688,102.0,C. Castellano,Spain,41.766584,-0.200689,8_-1,12.638670000000001,34.18133,53.18,0.9511010756923226,1.5835266358616598,0.12155131485671221,11.923147129994772,5,1,SANDY LOAM,1.3068,0.11620912580339977,0.40244277892012836,0.16196019030495531,0.18253805545036278,1.3388646082179732,1.1827384383319621,0.3827637599355417,-0.9152403389027016,11.923147129994772,1.7227040234542044,4.207721223831305
2689,102.0,C. Castellano,Spain,41.766584,-0.200689,8_-1,13.04024,39.61976,47.34,1.696395339813497,1.4462273116487978,0.09680231030673576,11.69493419122194,5,1,LOAM,0.6876,-0.1626641319849852,0.45425384466083096,0.20634655538914634,0.3147128424025111,1.2571311479645917,1.1504188039492695,0.7705941051749978,-1.014114277593532,11.69493419122194,1.7615171917388466,3.630301282798476
2690,102.0,C. Castellano,Spain,41.766584,-0.200689,8_-1,17.02505,35.894949999999994,47.08,1.6441923242680403,1.433631448507696,0.08420788733107287,13.521733288380736,5,1,LOAM,3.3588,0.5261841445137871,0.4590070005631336,0.21068742656596454,0.33042632271488703,1.2625296419219947,1.135523001523534,0.7546957871112003,-1.0746472284061022,13.521733288380736,1.661611461879311,2.765336959362821
2691,102.0,C. Castellano,Spain,41.766584,-0.200689,8_-1,22.739700000000003,52.41029999999999,24.85,1.9024195009653204,1.35381428075256,0.03088564370491583,10.975412667850424,5,1,SILTY LOAM,1.3536,0.13149034569494827,0.4891266865084679,0.23924491545475304,0.448371129835607,1.2362686429756282,1.0950809829601487,0.9305241468562603,-1.5102433428585946,10.975412667850424,0.9229822368354464,1.0928024556172684
2692,102.0,C. Castellano,Spain,41.766584,-0.200689,8_-1,31.914029999999997,43.17597000000001,24.91,1.84156909918479,1.4936284341558195,0.0229561885469371,13.399871199906508,5,1,CLAY LOAM,2.3796,0.3765039602529275,0.4363666286204455,0.1904158345735738,0.261553895924876,1.242358091378081,1.2022527518607924,0.8035992991828577,-1.6391002169030333,13.399871199906508,0.4311920410667423,0.7805344545956747
2693,102.0,C. Castellano,Spain,41.766584,-0.200689,8_-1,19.86693,50.033069999999995,30.1,1.5658702087648113,1.6582935172566162,0.04113225212069301,11.493432938984634,5,1,SILTY LOAM,1.8900000000000003,0.27646180417324423,0.3742288614125976,0.14004724071416919,0.1338384125269131,1.2707167325809705,1.3050064382865512,0.5859938253459618,-1.3858175108454933,11.493432938984634,0.6467770365888865,1.5150805886968948
2694,102.0,C. Castellano,Spain,41.766584,-0.200689,8_-1,19.71248,42.99752,37.29,2.6012204751624735,1.5557695168371475,0.053839668561226926,13.046079579891277,5,1,LOAM,0.54,-0.2676062401770315,0.41291716345768015,0.17050058387793654,0.20426315614179816,1.170388970102716,1.3292756139872113,1.0740885801321274,-1.268897622306986,13.046079579891277,1.0642260749589025,1.8916950074267673
2695,102.0,C. Castellano,Spain,41.766584,-0.200689,8_-1,29.8444,43.4056,26.75,2.955518552163466,1.5310776216269084,0.026275216641948807,13.514049916989565,5,1,CLAY LOAM,0.8243999999999999,-0.08386201689282478,0.4222348597634308,0.17828227679944406,0.2255067716977741,1.1395992301613158,1.3435228640951056,1.247922961400959,-1.5804536944808796,13.514049916989565,0.4840834803029273,0.8963155566873517
2696,102.0,C. Castellano,Spain,41.766584,-0.200689,8_-1,20.79363,48.55637,30.65,2.548794185478434,1.5734441751911827,0.04072363712963792,11.925752350613704,5,1,LOAM,1.206,0.08134730780413249,0.406247481059931,0.16503701586753902,0.19017836670861962,1.1750868745217657,1.339002425528359,1.0354412175908123,-1.3901534410153236,11.925752350613704,0.7906855127489756,1.4740091075968937
2697,102.0,C. Castellano,Spain,41.766584,-0.200689,8_-1,22.708809999999996,61.941190000000006,15.35,3.517866149995335,1.501296157849373,0.021807076306862554,8.248120599020103,5,1,SILTY LOAM,1.4651999999999998,0.16589690999250725,0.4334731479813686,0.1878989700208775,0.2537731093109763,1.0939221569417454,1.3723976137813265,1.5249005142155754,-1.6614025567463973,8.248120599020103,0.373471768849587,0.6759491140222672
2698,102.0,C. Castellano,Spain,41.766584,-0.200689,8_-1,22.27635,54.35365,23.37,2.2675279329283624,1.4793914235786874,0.02969585462640948,10.440254188419773,5,1,SILTY LOAM,0.8639999999999999,-0.06348625752110677,0.4417390854420048,0.1951334196071388,0.2765814426985819,1.2009491710613975,1.2318518212317036,1.0016557153059744,-1.5273041715086024,10.440254188419773,0.679045976148868,1.0490946676632393
2699,102.0,C. Castellano,Spain,41.766584,-0.200689,8_-1,14.090499999999999,53.539500000000004,32.37,2.720145618848837,1.3639056342318159,0.053968577469148314,10.066827792930534,5,6,SILTY LOAM,1.206,0.08134730780413249,0.48531862859176755,0.235534171258194,0.4315230374835857,1.159870123422462,1.1759123773335074,1.3201373413096225,-1.2678590291358471,10.066827792930534,1.391117209352321,2.297292502040382
2700,102.0,C. Castellano,Spain,41.766584,-0.200689,8_-1,13.905159999999999,48.66484,37.43,2.33085420124306,1.344238957090904,0.06538956656487423,10.837745488699342,5,6,LOAM,6.047999999999999,0.7816117824931501,0.4927400161921117,0.24279272355700252,0.46493505622104453,1.1950275406827637,1.1248602323615824,1.148505136861957,-1.1844915413512174,10.837745488699342,1.5902404921419195,2.6918064948551477
2701,102.0,C. Castellano,Spain,41.766584,-0.200689,8_-1,17.30306,52.126940000000005,30.57,2.586231091229424,1.404400434481989,0.045494677812902666,10.774344071843634,5,6,SILTY LOAM,4.5360000000000005,0.6566730458848502,0.4700375718935891,0.22093531899162092,0.3697494698519092,1.171728325372292,1.1985717201432082,1.215625782477186,-1.3420394062369958,10.774344071843634,1.1756600290151316,1.7667395246852293
2702,102.0,C. Castellano,Spain,41.766584,-0.200689,8_-1,18.075309999999998,54.81469,27.11,2.0003599488279638,1.4805503159703144,0.039067938391269194,10.242896622909496,5,1,SILTY LOAM,0.9036000000000001,-0.044023777751674556,0.4413017675583719,0.19474725005014332,0.2753292844374507,1.2265918848760258,1.2070439518030536,0.8827623811707548,-1.408179505819465,10.242896622909496,0.9153246759391332,1.4998359640858165
2703,102.0,C. Castellano,Spain,41.766584,-0.200689,8_-1,17.364839999999997,55.46516,27.17,2.1863376744605243,1.3003351807615173,0.0400710668883822,10.048903551224095,5,1,SILTY LOAM,0.9576,-0.018815862601645743,0.509307478957918,0.25939410812247005,0.5486827208710398,1.2086276631121502,1.0758773942118993,1.1135181291302068,-1.397169094363684,10.048903551224095,1.2368143763848767,1.5646559369392408
2704,102.0,C. Castellano,Spain,41.766584,-0.200689,8_-1,19.71248,54.527519999999996,25.76,1.6352402863828612,1.641185943558776,0.03524620339171385,10.38603711743294,5,1,SILTY LOAM,1.278,0.10653085382238137,0.38068454960046194,0.14492072630450656,0.14383743288384965,1.263460063710198,1.2989614715160618,0.6225107119101899,-1.452887656965622,10.38603711743294,0.543927891036746,1.3067863607217358
2705,102.0,C. Castellano,Spain,41.766584,-0.200689,8_-1,21.38054,59.19946,19.42,1.309987880873012,1.5392339818681877,0.02644473113010264,9.130292529316552,5,1,SILTY LOAM,0.54,-0.2676062401770315,0.4191569879742688,0.17569258056766132,0.21827932142675405,1.2982205113721292,1.185649100738151,0.549090574429527,-1.5776608441982725,9.130292529316552,0.4755221881215561,0.9083025966603276
2706,102.0,C. Castellano,Spain,41.766584,-0.200689,8_-1,20.422949999999997,62.29705,17.28,1.9139617360770456,1.460655919306344,0.02521968965635379,8.342056816810247,5,1,SILTY LOAM,0.5076,-0.2944783865773328,0.44880908705420985,0.20142959662243332,0.297564300307511,1.2351203124952725,1.1826021356214516,0.8590034194254293,-1.598260261988247,8.342056816810247,0.568891583907838,0.846106953207054
2707,102.0,C. Castellano,Spain,41.766584,-0.200689,8_-1,21.473209999999998,62.05679000000001,16.47,1.9481766458149852,1.4854133176415023,0.0236566508278351,8.330533807150166,5,1,SILTY LOAM,0.5688,-0.24504041227829015,0.43946667258811234,0.19313095631566712,0.27013133052796684,1.2317287906898302,1.2059581044700562,0.856158708150181,-1.626046740263755,8.330533807150166,0.47131275868731215,0.7670022320836056
2708,102.0,C. Castellano,Spain,41.766584,-0.200689,8_-1,23.6664,60.123599999999996,16.21,2.2788986969800735,1.4469628207682954,0.021815805572627526,8.679843787571047,5,1,SILTY LOAM,1.2491999999999999,0.09663197555816093,0.45397629404969986,0.20609447555909954,0.3138170454196354,1.1998815736387058,1.205921361372608,1.0345659849697038,-1.6612287455794108,8.679843787571047,0.4660503195686001,0.6849372950681135
2709,102.0,C. Castellano,Spain,41.766584,-0.200689,8_-1,23.23394,61.41606,15.35,2.220911452782239,1.4272645850501666,0.021437147379165144,8.345038060184217,5,1,SILTY LOAM,9.468,0.9762582492570451,0.46140959054710695,0.21289881024884888,0.338643403368809,1.2053459098177661,1.1841120241291996,1.0247498440696332,-1.6688330062885963,8.345038060184217,0.4839078890862804,0.66067141431888
2710,102.0,C. Castellano,Spain,41.766584,-0.200689,8_-1,27.40409,59.21591,13.38,2.1167460243450273,1.462051418803084,0.017407010746906613,8.44953506879835,5,1,SILTY CLAY LOAM,0.558,-0.2533658010624212,0.44828248347053434,0.20095718498650988,0.2959523293185892,1.215287807792276,1.2030495240951073,0.948900164669769,-1.7592758025521946,8.44953506879835,0.2445014388821899,0.48824828702576883
2766,105.0,R. Morbidelli,Italy,43.11721,12.35196,8_2,35.97,39.03,25.0,,,0.020181110672328945,14.44108722387898,3,6,CLAY LOAM,0.27999999999999997,-0.5528419686577808,,,,,,,-1.6950549359390463,14.44108722387898,,0.6950236308034473
2767,105.0,R. Morbidelli,Italy,43.11721,12.35196,8_2,22.5,40.0,37.5,,,0.049546249889334454,14.188676046512215,3,6,LOAM,0.3,-0.5228787452803376,,,,,,,-1.3049892112897579,14.188676046512215,,1.6666666666666667
2768,105.0,R. Morbidelli,Italy,43.11721,12.35196,8_2,22.5,40.0,37.5,,,0.049546249889334454,14.188676046512215,3,6,LOAM,0.3,-0.5228787452803376,,,,,,,-1.3049892112897579,14.188676046512215,,1.6666666666666667
2769,105.0,R. Morbidelli,Italy,43.11721,12.35196,8_2,22.5,35.66,41.84,,,0.058112072077146866,15.157774605737147,3,6,LOAM,1.03,0.012837224705172217,,,,,,,-1.2357336388336886,15.157774605737147,,1.8595555555555556
2770,105.0,R. Morbidelli,Italy,43.11721,12.35196,8_2,22.5,35.66,41.84,,,0.058112072077146866,15.157774605737147,3,6,LOAM,1.03,0.012837224705172217,,,,,,,-1.2357336388336886,15.157774605737147,,1.8595555555555556
2771,105.0,R. Morbidelli,Italy,43.11721,12.35196,8_2,22.5,35.66,41.84,,,0.058112072077146866,15.157774605737147,3,6,LOAM,1.03,0.012837224705172217,,,,,,,-1.2357336388336886,15.157774605737147,,1.8595555555555556
2773,105.0,R. Morbidelli,Italy,43.11721,12.35196,8_2,19.9088,70.3068,9.7804,1.785361653272101,,0.019471675294392775,6.23700194093211,12,2,SILTY LOAM,0.71,-0.14874165128092473,,,,1.2480364494008103,,,-1.710596681258076,6.23700194093211,,0.49126014626697745
2774,105.0,R. Morbidelli,Italy,43.11721,12.35196,8_2,19.9088,70.3068,9.7804,1.785361653272101,,0.019471675294392775,6.23700194093211,1,2,SILTY LOAM,1.2,0.07918124604762482,,,,1.2480364494008103,,,-1.710596681258076,6.23700194093211,,0.49126014626697745
2775,105.0,R. Morbidelli,Italy,43.11721,12.35196,8_2,28.0,57.0,15.0,,,0.01811938229598326,9.08044418200495,12,6,SILTY CLAY LOAM,2.6,0.414973347970818,,,,,,,-1.7418566118478678,9.08044418200495,,0.5357142857142857
2776,105.0,R. Morbidelli,Italy,43.11721,12.35196,8_2,28.0,57.0,15.0,,,0.01811938229598326,9.08044418200495,1,6,SILTY CLAY LOAM,1.8,0.25527250510330607,,,,,,,-1.7418566118478678,9.08044418200495,,0.5357142857142857
2777,105.0,R. Morbidelli,Italy,43.11721,12.35196,8_2,20.6481,68.1084,11.2325,1.6455916473317866,,0.020055120045204797,6.742991613356507,12,2,SILTY LOAM,0.63,-0.2006594505464183,,,,1.262384328400266,,,-1.6977747340905125,6.742991613356507,,0.5439967842077479
2778,105.0,R. Morbidelli,Italy,43.11721,12.35196,8_2,20.6481,68.1084,11.2325,1.6455916473317866,,0.020055120045204797,6.742991613356507,1,2,SILTY LOAM,1.35,0.13033376849500614,,,,1.262384328400266,,,-1.6977747340905125,6.742991613356507,,0.5439967842077479
2779,105.0,R. Morbidelli,Italy,43.11721,12.35196,8_2,28.0,57.0,15.0,,,0.01811938229598326,9.08044418200495,12,6,SILTY CLAY LOAM,2.88,0.4593924877592308,,,,,,,-1.7418566118478678,9.08044418200495,,0.5357142857142857
2780,105.0,R. Morbidelli,Italy,43.11721,12.35196,8_2,19.757,69.4508,10.7843,1.773478760045924,,0.020306393781569104,6.481845258658784,12,2,SILTY LOAM,0.17,-0.7695510786217261,,,,1.2492435721807762,,,-1.6923671962320381,6.481845258658784,,0.5458470415548919
2781,105.0,R. Morbidelli,Italy,43.11721,12.35196,8_2,19.757,69.4508,10.7843,1.773478760045924,,0.020306393781569104,6.481845258658784,1,2,SILTY LOAM,0.1,-1.0,,,,1.2492435721807762,,,-1.6923671962320381,6.481845258658784,,0.5458470415548919
2782,105.0,R. Morbidelli,Italy,43.11721,12.35196,8_2,28.0,57.0,15.0,,,0.01811938229598326,9.08044418200495,12,6,SILTY CLAY LOAM,3.14,0.49692964807321494,,,,,,,-1.7418566118478678,9.08044418200495,,0.5357142857142857
2783,105.0,R. Morbidelli,Italy,43.11721,12.35196,8_2,20.2238,70.5034,9.2705,1.80284222737819,,0.018913960397033722,6.14653309947928,1,2,SILTY LOAM,1.65,0.21748394421390624,,,,1.2462649207108911,,,-1.7232175246455983,6.14653309947928,,0.45839555375349833
2784,105.0,R. Morbidelli,Italy,43.11721,12.35196,8_2,28.0,57.0,15.0,,,0.01811938229598326,9.08044418200495,12,6,SILTY CLAY LOAM,1.03,0.012837224705172217,,,,,,,-1.7418566118478678,9.08044418200495,,0.5357142857142857
2785,105.0,R. Morbidelli,Italy,43.11721,12.35196,8_2,28.0,57.0,15.0,,,0.01811938229598326,9.08044418200495,1,6,SILTY CLAY LOAM,4.8,0.6812412373755872,,,,,,,-1.7418566118478678,9.08044418200495,,0.5357142857142857
2786,105.0,R. Morbidelli,Italy,43.11721,12.35196,8_2,20.2525,70.1024,9.6412,1.7716937354988398,,0.01915654506429882,6.250597452377172,1,2,SILTY LOAM,1.38,0.13987908640123647,,,,1.2494251055226302,,,-1.7176828144019538,6.250597452377172,,0.476049870386372
2787,105.0,R. Morbidelli,Italy,43.11721,12.35196,8_2,20.2525,70.1024,9.6412,1.7716937354988398,,0.01915654506429882,6.250597452377172,1,2,SILTY LOAM,1.5,0.17609125905568124,,,,1.2494251055226302,,,-1.7176828144019538,6.250597452377172,,0.476049870386372
2788,105.0,R. Morbidelli,Italy,43.11721,12.35196,8_2,20.5604,68.7908,10.6411,1.6453016241299305,,0.01967780366531482,6.5677532423842,1,2,SILTY LOAM,1.8,0.25527250510330607,,,,1.262414443281175,,,-1.7060233769038868,6.5677532423842,,0.5175531604443493
2789,107.0,S. Giertz,Benin,9.125339,1.9074,1_0,7.452384763124223,18.005761843790022,74.54185339308574,0.8737704918032787,1.5910389586584313,0.3155194244133824,8.588334918444032,1,6,SANDY LOAM,0.6381395689111417,-0.19508432538705217,0.3996079401288939,0.15968650581405763,0.17702412105358942,1.3479578580614926,1.1803328636301103,0.34916562637491877,-0.5009738990002922,8.588334918444032,2.5379159302509944,10.002416107382514
2790,107.0,S. Giertz,Benin,9.125339,1.9074,1_0,7.452384763124223,18.005761843790022,74.54185339308574,0.8737704918032787,1.5910389586584313,0.3155194244133824,8.588334918444032,1,6,SANDY LOAM,0.6381395689111417,-0.19508432538705217,0.3996079401288939,0.15968650581405763,0.17702412105358942,1.3479578580614926,1.1803328636301103,0.34916562637491877,-0.5009738990002922,8.588334918444032,2.5379159302509944,10.002416107382514
2791,107.0,S. Giertz,Benin,9.125339,1.9074,1_0,15.599173553719009,15.185950413223146,69.21487603305786,1.62,1.3748060396441801,0.19895091557282957,13.722661995325476,1,6,SANDY LOAM,0.9237157059609125,-0.03446167199458233,0.48120526805879993,0.2315585100075415,0.41399967931781434,1.265047207365585,1.0867626375043853,0.779552534255256,-0.7012540578882251,13.722661995325476,2.5063231704548383,4.437086092715233
2792,107.0,S. Giertz,Benin,9.125339,1.9074,1_0,15.599173553719009,15.185950413223146,69.21487603305786,1.62,1.3748060396441801,0.19895091557282957,13.722661995325476,1,6,SANDY LOAM,0.9237157059609125,-0.03446167199458233,0.48120526805879993,0.2315585100075415,0.41399967931781434,1.265047207365585,1.0867626375043853,0.779552534255256,-0.7012540578882251,13.722661995325476,2.5063231704548383,4.437086092715233
2793,107.0,S. Giertz,Benin,9.125339,1.9074,1_0,3.432956381260097,10.238287560581584,86.32875605815832,0.48,1.4083544046280918,0.5546123059101734,5.100712787714898,1,6,LOAMY SAND,8.2159010946215,0.914655202458908,0.46854550768751246,0.2195348927741488,0.36418593575895386,1.3962455149369852,1.0086724645211504,0.224901843690006,-0.25601049839034035,5.100712787714898,3.341133454800979,25.14705882352941
2794,107.0,S. Giertz,Benin,9.125339,1.9074,1_0,3.432956381260097,10.238287560581584,86.32875605815832,0.48,1.4083544046280918,0.5546123059101734,5.100712787714898,1,6,LOAMY SAND,8.2159010946215,0.914655202458908,0.46854550768751246,0.2195348927741488,0.36418593575895386,1.3962455149369852,1.0086724645211504,0.224901843690006,-0.25601049839034035,5.100712787714898,3.341133454800979,25.14705882352941
2795,107.0,S. Giertz,Benin,9.125339,1.9074,1_0,37.6588490546544,42.96931501188139,19.3718359334642,1.6,1.0616590216996415,0.01553233836321971,12.421498353011772,1,6,SILTY CLAY LOAM,0.19701282953045207,-0.7055054915396335,0.5993739540756069,0.3592491368242277,1.3415758708941892,1.2671360938880893,0.8378413548635013,0.9589983265209711,-1.8087631571629084,12.421498353011772,0.8019202057892807,0.5144032921810701
2796,107.0,S. Giertz,Benin,9.125339,1.9074,1_0,37.6588490546544,42.96931501188139,19.3718359334642,1.6,1.0616590216996415,0.01553233836321971,12.421498353011772,1,6,SILTY CLAY LOAM,0.19701282953045207,-0.7055054915396335,0.5993739540756069,0.3592491368242277,1.3415758708941892,1.2671360938880893,0.8378413548635013,0.9589983265209711,-1.8087631571629084,12.421498353011772,0.8019202057892807,0.5144032921810701
2797,107.0,S. Giertz,Benin,9.125339,1.9074,1_0,9.486373165618447,23.427672955974842,67.08595387840671,2.305,1.4472332875692755,0.22452678209466784,10.250124257353209,1,6,SANDY LOAM,1.9091986491151376,0.2808511184021212,0.4538742311059337,0.20600181766200254,0.3134882303558802,1.19743809525514,1.2086080218292297,1.0461801026991773,-0.6487318478802803,10.250124257353209,2.4905888260147395,7.071823204419891
2798,107.0,S. Giertz,Benin,9.125339,1.9074,1_0,9.486373165618447,23.427672955974842,67.08595387840671,2.305,1.4472332875692755,0.22452678209466784,10.250124257353209,1,6,SANDY LOAM,1.9091986491151376,0.2808511184021212,0.4538742311059337,0.20600181766200254,0.3134882303558802,1.19743809525514,1.2086080218292297,1.0461801026991773,-0.6487318478802803,10.250124257353209,2.4905888260147395,7.071823204419891
2799,107.0,S. Giertz,Benin,9.125339,1.9074,1_0,7.452384763124223,18.005761843790022,74.54185339308574,0.8737704918032787,1.5910389586584313,0.3155194244133824,8.588334918444032,2,6,SANDY LOAM,0.6381395689111417,-0.19508432538705217,0.3996079401288939,0.15968650581405763,0.17702412105358942,1.3479578580614926,1.1803328636301103,0.34916562637491877,-0.5009738990002922,8.588334918444032,2.5379159302509944,10.002416107382514
2800,107.0,S. Giertz,Benin,9.125339,1.9074,1_0,7.452384763124223,18.005761843790022,74.54185339308574,0.8737704918032787,1.5910389586584313,0.3155194244133824,8.588334918444032,2,6,SANDY LOAM,0.6381395689111417,-0.19508432538705217,0.3996079401288939,0.15968650581405763,0.17702412105358942,1.3479578580614926,1.1803328636301103,0.34916562637491877,-0.5009738990002922,8.588334918444032,2.5379159302509944,10.002416107382514
2801,107.0,S. Giertz,Benin,9.125339,1.9074,1_0,7.452384763124223,18.005761843790022,74.54185339308574,0.8737704918032787,1.5910389586584313,0.3155194244133824,8.588334918444032,2,6,SANDY LOAM,0.6381395689111417,-0.19508432538705217,0.3996079401288939,0.15968650581405763,0.17702412105358942,1.3479578580614926,1.1803328636301103,0.34916562637491877,-0.5009738990002922,8.588334918444032,2.5379159302509944,10.002416107382514
2802,107.0,S. Giertz,Benin,9.125339,1.9074,1_0,7.452384763124223,18.005761843790022,74.54185339308574,0.8737704918032787,1.5910389586584313,0.3155194244133824,8.588334918444032,2,6,SANDY LOAM,0.6381395689111417,-0.19508432538705217,0.3996079401288939,0.15968650581405763,0.17702412105358942,1.3479578580614926,1.1803328636301103,0.34916562637491877,-0.5009738990002922,8.588334918444032,2.5379159302509944,10.002416107382514
2803,107.0,S. Giertz,Benin,9.125339,1.9074,1_0,15.599173553719009,15.185950413223146,69.21487603305786,1.62,1.3748060396441801,0.19895091557282957,13.722661995325476,2,6,SANDY LOAM,0.9237157059609125,-0.03446167199458233,0.48120526805879993,0.2315585100075415,0.41399967931781434,1.265047207365585,1.0867626375043853,0.779552534255256,-0.7012540578882251,13.722661995325476,2.5063231704548383,4.437086092715233
2804,107.0,S. Giertz,Benin,9.125339,1.9074,1_0,15.599173553719009,15.185950413223146,69.21487603305786,1.62,1.3748060396441801,0.19895091557282957,13.722661995325476,2,6,SANDY LOAM,0.9237157059609125,-0.03446167199458233,0.48120526805879993,0.2315585100075415,0.41399967931781434,1.265047207365585,1.0867626375043853,0.779552534255256,-0.7012540578882251,13.722661995325476,2.5063231704548383,4.437086092715233
2805,107.0,S. Giertz,Benin,9.125339,1.9074,1_0,15.599173553719009,15.185950413223146,69.21487603305786,1.62,1.3748060396441801,0.19895091557282957,13.722661995325476,2,6,SANDY LOAM,0.9237157059609125,-0.03446167199458233,0.48120526805879993,0.2315585100075415,0.41399967931781434,1.265047207365585,1.0867626375043853,0.779552534255256,-0.7012540578882251,13.722661995325476,2.5063231704548383,4.437086092715233
2806,107.0,S. Giertz,Benin,9.125339,1.9074,1_0,15.599173553719009,15.185950413223146,69.21487603305786,1.62,1.3748060396441801,0.19895091557282957,13.722661995325476,2,6,SANDY LOAM,0.9237157059609125,-0.03446167199458233,0.48120526805879993,0.2315585100075415,0.41399967931781434,1.265047207365585,1.0867626375043853,0.779552534255256,-0.7012540578882251,13.722661995325476,2.5063231704548383,4.437086092715233
2807,107.0,S. Giertz,Benin,9.125339,1.9074,1_0,15.599173553719009,15.185950413223146,69.21487603305786,1.62,1.3748060396441801,0.19895091557282957,13.722661995325476,2,6,SANDY LOAM,0.9237157059609125,-0.03446167199458233,0.48120526805879993,0.2315585100075415,0.41399967931781434,1.265047207365585,1.0867626375043853,0.779552534255256,-0.7012540578882251,13.722661995325476,2.5063231704548383,4.437086092715233
2808,107.0,S. Giertz,Benin,9.125339,1.9074,1_0,3.432956381260097,10.238287560581584,86.32875605815832,0.48,1.4083544046280918,0.5546123059101734,5.100712787714898,2,6,LOAMY SAND,8.2159010946215,0.914655202458908,0.46854550768751246,0.2195348927741488,0.36418593575895386,1.3962455149369852,1.0086724645211504,0.224901843690006,-0.25601049839034035,5.100712787714898,3.341133454800979,25.14705882352941
2809,107.0,S. Giertz,Benin,9.125339,1.9074,1_0,3.432956381260097,10.238287560581584,86.32875605815832,0.48,1.4083544046280918,0.5546123059101734,5.100712787714898,2,6,LOAMY SAND,8.2159010946215,0.914655202458908,0.46854550768751246,0.2195348927741488,0.36418593575895386,1.3962455149369852,1.0086724645211504,0.224901843690006,-0.25601049839034035,5.100712787714898,3.341133454800979,25.14705882352941
2810,107.0,S. Giertz,Benin,9.125339,1.9074,1_0,3.432956381260097,10.238287560581584,86.32875605815832,0.48,1.4083544046280918,0.5546123059101734,5.100712787714898,2,6,LOAMY SAND,8.2159010946215,0.914655202458908,0.46854550768751246,0.2195348927741488,0.36418593575895386,1.3962455149369852,1.0086724645211504,0.224901843690006,-0.25601049839034035,5.100712787714898,3.341133454800979,25.14705882352941
2811,107.0,S. Giertz,Benin,9.125339,1.9074,1_0,3.432956381260097,10.238287560581584,86.32875605815832,0.48,1.4083544046280918,0.5546123059101734,5.100712787714898,2,6,LOAMY SAND,8.2159010946215,0.914655202458908,0.46854550768751246,0.2195348927741488,0.36418593575895386,1.3962455149369852,1.0086724645211504,0.224901843690006,-0.25601049839034035,5.100712787714898,3.341133454800979,25.14705882352941
2812,107.0,S. Giertz,Benin,9.125339,1.9074,1_0,3.432956381260097,10.238287560581584,86.32875605815832,0.48,1.4083544046280918,0.5546123059101734,5.100712787714898,2,6,LOAMY SAND,8.2159010946215,0.914655202458908,0.46854550768751246,0.2195348927741488,0.36418593575895386,1.3962455149369852,1.0086724645211504,0.224901843690006,-0.25601049839034035,5.100712787714898,3.341133454800979,25.14705882352941
2813,107.0,S. Giertz,Benin,9.125339,1.9074,1_0,6.442376521116679,17.885264341957264,75.67235913692608,1.1,1.6701456933871532,0.33990495820173033,7.939302848999319,2,4,SANDY LOAM,0.4730656889496125,-0.3250785498170457,0.3697563421180554,0.13671975253652444,0.12727113797218992,1.3216967974523584,1.2636375427453928,0.40673197632986097,-0.4686425003067717,7.939302848999319,2.459276208193177,11.746031746031747
2814,107.0,S. Giertz,Benin,9.125339,1.9074,1_0,6.442376521116679,17.885264341957264,75.67235913692608,1.1,1.6701456933871532,0.33990495820173033,7.939302848999319,2,4,SANDY LOAM,0.4730656889496125,-0.3250785498170457,0.3697563421180554,0.13671975253652444,0.12727113797218992,1.3216967974523584,1.2636375427453928,0.40673197632986097,-0.4686425003067717,7.939302848999319,2.459276208193177,11.746031746031747
2815,107.0,S. Giertz,Benin,9.125339,1.9074,1_0,6.442376521116679,17.885264341957264,75.67235913692608,1.1,1.6701456933871532,0.33990495820173033,7.939302848999319,2,4,SANDY LOAM,0.4730656889496125,-0.3250785498170457,0.3697563421180554,0.13671975253652444,0.12727113797218992,1.3216967974523584,1.2636375427453928,0.40673197632986097,-0.4686425003067717,7.939302848999319,2.459276208193177,11.746031746031747
2816,107.0,S. Giertz,Benin,9.125339,1.9074,1_0,9.486373165618447,23.427672955974842,67.08595387840671,2.305,1.4472332875692755,0.22452678209466784,10.250124257353209,2,6,SANDY LOAM,1.9091986491151376,0.2808511184021212,0.4538742311059337,0.20600181766200254,0.3134882303558802,1.19743809525514,1.2086080218292297,1.0461801026991773,-0.6487318478802803,10.250124257353209,2.4905888260147395,7.071823204419891
2817,107.0,S. Giertz,Benin,9.125339,1.9074,1_0,9.486373165618447,23.427672955974842,67.08595387840671,2.305,1.4472332875692755,0.22452678209466784,10.250124257353209,2,6,SANDY LOAM,1.9091986491151376,0.2808511184021212,0.4538742311059337,0.20600181766200254,0.3134882303558802,1.19743809525514,1.2086080218292297,1.0461801026991773,-0.6487318478802803,10.250124257353209,2.4905888260147395,7.071823204419891
2818,107.0,S. Giertz,Benin,9.125339,1.9074,1_0,9.486373165618447,23.427672955974842,67.08595387840671,2.305,1.4472332875692755,0.22452678209466784,10.250124257353209,2,6,SANDY LOAM,1.9091986491151376,0.2808511184021212,0.4538742311059337,0.20600181766200254,0.3134882303558802,1.19743809525514,1.2086080218292297,1.0461801026991773,-0.6487318478802803,10.250124257353209,2.4905888260147395,7.071823204419891
2819,107.0,S. Giertz,Benin,9.125339,1.9074,1_0,9.486373165618447,23.427672955974842,67.08595387840671,2.305,1.4472332875692755,0.22452678209466784,10.250124257353209,2,6,SANDY LOAM,1.9091986491151376,0.2808511184021212,0.4538742311059337,0.20600181766200254,0.3134882303558802,1.19743809525514,1.2086080218292297,1.0461801026991773,-0.6487318478802803,10.250124257353209,2.4905888260147395,7.071823204419891
2820,107.0,S. Giertz,Benin,9.125339,1.9074,1_0,9.486373165618447,23.427672955974842,67.08595387840671,2.305,1.4472332875692755,0.22452678209466784,10.250124257353209,2,6,SANDY LOAM,1.9091986491151376,0.2808511184021212,0.4538742311059337,0.20600181766200254,0.3134882303558802,1.19743809525514,1.2086080218292297,1.0461801026991773,-0.6487318478802803,10.250124257353209,2.4905888260147395,7.071823204419891
2821,107.0,S. Giertz,Benin,9.125339,1.9074,1_0,9.486373165618447,23.427672955974842,67.08595387840671,2.305,1.4472332875692755,0.22452678209466784,10.250124257353209,2,6,SANDY LOAM,1.9091986491151376,0.2808511184021212,0.4538742311059337,0.20600181766200254,0.3134882303558802,1.19743809525514,1.2086080218292297,1.0461801026991773,-0.6487318478802803,10.250124257353209,2.4905888260147395,7.071823204419891
2822,107.0,S. Giertz,Benin,9.125339,1.9074,1_0,9.486373165618447,23.427672955974842,67.08595387840671,2.305,1.4472332875692755,0.22452678209466784,10.250124257353209,2,6,SANDY LOAM,1.9091986491151376,0.2808511184021212,0.4538742311059337,0.20600181766200254,0.3134882303558802,1.19743809525514,1.2086080218292297,1.0461801026991773,-0.6487318478802803,10.250124257353209,2.4905888260147395,7.071823204419891
2823,107.0,S. Giertz,Benin,9.125339,1.9074,1_0,37.6588490546544,42.96931501188139,19.3718359334642,1.6,1.0616590216996415,0.01553233836321971,12.421498353011772,2,6,SILTY CLAY LOAM,0.19701282953045207,-0.7055054915396335,0.5993739540756069,0.3592491368242277,1.3415758708941892,1.2671360938880893,0.8378413548635013,0.9589983265209711,-1.8087631571629084,12.421498353011772,0.8019202057892807,0.5144032921810701
2824,107.0,S. Giertz,Benin,9.125339,1.9074,1_0,37.6588490546544,42.96931501188139,19.3718359334642,1.6,1.0616590216996415,0.01553233836321971,12.421498353011772,2,6,SILTY CLAY LOAM,0.19701282953045207,-0.7055054915396335,0.5993739540756069,0.3592491368242277,1.3415758708941892,1.2671360938880893,0.8378413548635013,0.9589983265209711,-1.8087631571629084,12.421498353011772,0.8019202057892807,0.5144032921810701
2825,107.0,S. Giertz,Benin,9.125339,1.9074,1_0,3.432956381260097,10.238287560581584,86.32875605815832,0.48,1.4083544046280918,0.5546123059101734,5.100712787714898,11,6,LOAMY SAND,8.2159010946215,0.914655202458908,0.46854550768751246,0.2195348927741488,0.36418593575895386,1.3962455149369852,1.0086724645211504,0.224901843690006,-0.25601049839034035,5.100712787714898,3.341133454800979,25.14705882352941
2826,107.0,S. Giertz,Benin,9.125339,1.9074,1_0,3.432956381260097,10.238287560581584,86.32875605815832,0.48,1.4083544046280918,0.5546123059101734,5.100712787714898,11,6,LOAMY SAND,8.2159010946215,0.914655202458908,0.46854550768751246,0.2195348927741488,0.36418593575895386,1.3962455149369852,1.0086724645211504,0.224901843690006,-0.25601049839034035,5.100712787714898,3.341133454800979,25.14705882352941
2827,107.0,S. Giertz,Benin,9.125339,1.9074,1_0,7.452384763124223,18.005761843790022,74.54185339308574,0.8737704918032787,1.5910389586584313,0.3155194244133824,8.588334918444032,11,6,SANDY LOAM,0.6381395689111417,-0.19508432538705217,0.3996079401288939,0.15968650581405763,0.17702412105358942,1.3479578580614926,1.1803328636301103,0.34916562637491877,-0.5009738990002922,8.588334918444032,2.5379159302509944,10.002416107382514
2828,107.0,S. Giertz,Benin,9.125339,1.9074,1_0,9.486373165618447,23.427672955974842,67.08595387840671,2.305,1.4472332875692755,0.22452678209466784,10.250124257353209,11,6,SANDY LOAM,1.9091986491151376,0.2808511184021212,0.4538742311059337,0.20600181766200254,0.3134882303558802,1.19743809525514,1.2086080218292297,1.0461801026991773,-0.6487318478802803,10.250124257353209,2.4905888260147395,7.071823204419891
2829,107.0,S. Giertz,Benin,9.125339,1.9074,1_0,9.486373165618447,23.427672955974842,67.08595387840671,2.305,1.4472332875692755,0.22452678209466784,10.250124257353209,11,6,SANDY LOAM,1.9091986491151376,0.2808511184021212,0.4538742311059337,0.20600181766200254,0.3134882303558802,1.19743809525514,1.2086080218292297,1.0461801026991773,-0.6487318478802803,10.250124257353209,2.4905888260147395,7.071823204419891
2830,107.0,S. Giertz,Benin,9.125339,1.9074,1_0,9.486373165618447,23.427672955974842,67.08595387840671,2.305,1.4472332875692755,0.22452678209466784,10.250124257353209,11,6,SANDY LOAM,1.9091986491151376,0.2808511184021212,0.4538742311059337,0.20600181766200254,0.3134882303558802,1.19743809525514,1.2086080218292297,1.0461801026991773,-0.6487318478802803,10.250124257353209,2.4905888260147395,7.071823204419891
2831,107.0,S. Giertz,Benin,9.125339,1.9074,1_0,7.452384763124223,18.005761843790022,74.54185339308574,0.8737704918032787,1.5910389586584313,0.3155194244133824,8.588334918444032,11,6,SANDY LOAM,0.6381395689111417,-0.19508432538705217,0.3996079401288939,0.15968650581405763,0.17702412105358942,1.3479578580614926,1.1803328636301103,0.34916562637491877,-0.5009738990002922,8.588334918444032,2.5379159302509944,10.002416107382514
2832,107.0,S. Giertz,Benin,9.125339,1.9074,1_0,7.452384763124223,18.005761843790022,74.54185339308574,0.8737704918032787,1.5910389586584313,0.3155194244133824,8.588334918444032,11,6,SANDY LOAM,0.6381395689111417,-0.19508432538705217,0.3996079401288939,0.15968650581405763,0.17702412105358942,1.3479578580614926,1.1803328636301103,0.34916562637491877,-0.5009738990002922,8.588334918444032,2.5379159302509944,10.002416107382514
2869,109.0,W. Cornelis,Belgium,50.983634,3.516405,10_0,14.422370160412173,12.8,72.7726294218014,1.1556313346594675,1.3582363939995172,0.23564027589464218,12.795848333234106,12,1,SANDY LOAM,3.248532019207977,0.5116871517530137,0.487457964528484,0.23761526718225276,0.44091262394545194,1.31539503001594,1.0325692001307456,0.5633216981384394,-0.6277504774508528,12.795848333234106,2.680682860074115,5.04581622939857
2870,109.0,W. Cornelis,Belgium,50.983634,3.516405,10_0,14.422370160412173,12.8,72.7726294218014,1.1556313346594675,1.3582363939995172,0.23564027589464218,12.795848333234106,12,1,SANDY LOAM,3.248532019207977,0.5116871517530137,0.487457964528484,0.23761526718225276,0.44091262394545194,1.31539503001594,1.0325692001307456,0.5633216981384394,-0.6277504774508528,12.795848333234106,2.680682860074115,5.04581622939857
2871,109.0,W. Cornelis,Belgium,50.983634,3.516405,10_0,14.422370160412173,12.8,72.7726294218014,1.1556313346594675,1.3582363939995172,0.23564027589464218,12.795848333234106,12,1,SANDY LOAM,3.248532019207977,0.5116871517530137,0.487457964528484,0.23761526718225276,0.44091262394545194,1.31539503001594,1.0325692001307456,0.5633216981384394,-0.6277504774508528,12.795848333234106,2.680682860074115,5.04581622939857
2872,109.0,W. Cornelis,Belgium,50.983634,3.516405,10_0,14.422370160412173,12.8,72.7726294218014,1.1556313346594675,1.3582363939995172,0.23564027589464218,12.795848333234106,12,1,SANDY LOAM,3.248532019207977,0.5116871517530137,0.487457964528484,0.23761526718225276,0.44091262394545194,1.31539503001594,1.0325692001307456,0.5633216981384394,-0.6277504774508528,12.795848333234106,2.680682860074115,5.04581622939857
2873,109.0,W. Cornelis,Belgium,50.983634,3.516405,10_0,13.599310080080079,11.6,74.76948807411658,1.2560386473429952,1.272896344105094,0.26072086313205517,12.128026736040155,12,1,SANDY LOAM,0.37893367956411095,-0.4214367929862603,0.5196617569414739,0.27004834162749947,0.6082301460190018,1.304171970640873,0.976018786448531,0.6527152502646532,-0.5838242147826014,12.128026736040155,2.908250793446586,5.498035388106711
2874,109.0,W. Cornelis,Belgium,50.983634,3.516405,10_0,13.599310080080079,11.6,74.76948807411658,1.2560386473429952,1.272896344105094,0.26072086313205517,12.128026736040155,12,1,SANDY LOAM,0.37893367956411095,-0.4214367929862603,0.5196617569414739,0.27004834162749947,0.6082301460190018,1.304171970640873,0.976018786448531,0.6527152502646532,-0.5838242147826014,12.128026736040155,2.908250793446586,5.498035388106711
2875,109.0,W. Cornelis,Belgium,50.983634,3.516405,10_0,13.599310080080079,11.6,74.76948807411658,1.2560386473429952,1.272896344105094,0.26072086313205517,12.128026736040155,12,1,SANDY LOAM,0.37893367956411095,-0.4214367929862603,0.5196617569414739,0.27004834162749947,0.6082301460190018,1.304171970640873,0.976018786448531,0.6527152502646532,-0.5838242147826014,12.128026736040155,2.908250793446586,5.498035388106711
2876,109.0,W. Cornelis,Belgium,50.983634,3.516405,10_0,13.599310080080079,11.6,74.76948807411658,1.2560386473429952,1.272896344105094,0.26072086313205517,12.128026736040155,12,1,SANDY LOAM,0.37893367956411095,-0.4214367929862603,0.5196617569414739,0.27004834162749947,0.6082301460190018,1.304171970640873,0.976018786448531,0.6527152502646532,-0.5838242147826014,12.128026736040155,2.908250793446586,5.498035388106711
2877,109.0,W. Cornelis,Belgium,50.983634,3.516405,10_0,14.320612363258192,10.2,75.46237041817713,1.0798522307473712,1.2871401654753285,0.26109670649816646,12.524486329265859,12,1,SANDY LOAM,1.1510731840200543,0.06110293649310511,0.5142867300093099,0.26449084066366885,0.5765752789828894,1.323994002076544,0.9721646498825417,0.5553536726443243,-0.5831986063796357,12.524486329265859,2.886290086563727,5.2694932663485705
2878,109.0,W. Cornelis,Belgium,50.983634,3.516405,10_0,14.320612363258192,10.2,75.46237041817713,1.0798522307473712,1.2871401654753285,0.26109670649816646,12.524486329265859,12,1,SANDY LOAM,1.1510731840200543,0.06110293649310511,0.5142867300093099,0.26449084066366885,0.5765752789828894,1.323994002076544,0.9721646498825417,0.5553536726443243,-0.5831986063796357,12.524486329265859,2.886290086563727,5.2694932663485705
2879,109.0,W. Cornelis,Belgium,50.983634,3.516405,10_0,14.320612363258192,10.2,75.46237041817713,1.0798522307473712,1.2871401654753285,0.26109670649816646,12.524486329265859,12,1,SANDY LOAM,1.1510731840200543,0.06110293649310511,0.5142867300093099,0.26449084066366885,0.5765752789828894,1.323994002076544,0.9721646498825417,0.5553536726443243,-0.5831986063796357,12.524486329265859,2.886290086563727,5.2694932663485705
2880,109.0,W. Cornelis,Belgium,50.983634,3.516405,10_0,14.320612363258192,10.2,75.46237041817713,1.0798522307473712,1.2871401654753285,0.26109670649816646,12.524486329265859,12,1,SANDY LOAM,1.1510731840200543,0.06110293649310511,0.5142867300093099,0.26449084066366885,0.5765752789828894,1.323994002076544,0.9721646498825417,0.5553536726443243,-0.5831986063796357,12.524486329265859,2.886290086563727,5.2694932663485705
2881,109.0,W. Cornelis,Belgium,50.983634,3.516405,10_0,13.94112375564432,11.8,74.365968454512,1.3192121887774062,1.3554424328828167,0.2527598265948507,12.38578038949151,12,1,SANDY LOAM,3.8826554341341613,0.5891288508360248,0.48851228947818237,0.23864425697121544,0.44561117584286036,1.2972083567712822,1.0448918447121922,0.6444513666471748,-0.5972919512544228,12.38578038949151,2.7462034533284627,5.334287949664286
2882,109.0,W. Cornelis,Belgium,50.983634,3.516405,10_0,13.94112375564432,11.8,74.365968454512,1.3192121887774062,1.3554424328828167,0.2527598265948507,12.38578038949151,12,1,SANDY LOAM,3.8826554341341613,0.5891288508360248,0.48851228947818237,0.23864425697121544,0.44561117584286036,1.2972083567712822,1.0448918447121922,0.6444513666471748,-0.5972919512544228,12.38578038949151,2.7462034533284627,5.334287949664286
2883,109.0,W. Cornelis,Belgium,50.983634,3.516405,10_0,13.94112375564432,11.8,74.365968454512,1.3192121887774062,1.3554424328828167,0.2527598265948507,12.38578038949151,12,1,SANDY LOAM,3.8826554341341613,0.5891288508360248,0.48851228947818237,0.23864425697121544,0.44561117584286036,1.2972083567712822,1.0448918447121922,0.6444513666471748,-0.5972919512544228,12.38578038949151,2.7462034533284627,5.334287949664286
2884,109.0,W. Cornelis,Belgium,50.983634,3.516405,10_0,13.94112375564432,11.8,74.365968454512,1.3192121887774062,1.3554424328828167,0.2527598265948507,12.38578038949151,12,1,SANDY LOAM,3.8826554341341613,0.5891288508360248,0.48851228947818237,0.23864425697121544,0.44561117584286036,1.2972083567712822,1.0448918447121922,0.6444513666471748,-0.5972919512544228,12.38578038949151,2.7462034533284627,5.334287949664286
2885,109.0,W. Cornelis,Belgium,50.983634,3.516405,10_0,12.804617556963946,12.8,74.42086249948638,0.9041350884190931,1.1576654418093444,0.26360816316719365,11.671862562169451,12,1,SANDY LOAM,2.8817848044338503,0.4596615470066688,0.5631451162983606,0.3171324220106941,0.9358076179255842,1.34437261712208,0.8611194746643809,0.5091592595171988,-0.5790411450508122,11.671862562169451,3.104935567648281,5.812033211332555
2886,109.0,W. Cornelis,Belgium,50.983634,3.516405,10_0,12.804617556963946,12.8,74.42086249948638,0.9041350884190931,1.1576654418093444,0.26360816316719365,11.671862562169451,12,1,SANDY LOAM,2.8817848044338503,0.4596615470066688,0.5631451162983606,0.3171324220106941,0.9358076179255842,1.34437261712208,0.8611194746643809,0.5091592595171988,-0.5790411450508122,11.671862562169451,3.104935567648281,5.812033211332555
2887,109.0,W. Cornelis,Belgium,50.983634,3.516405,10_0,12.804617556963946,12.8,74.42086249948638,0.9041350884190931,1.1576654418093444,0.26360816316719365,11.671862562169451,12,1,SANDY LOAM,2.8817848044338503,0.4596615470066688,0.5631451162983606,0.3171324220106941,0.9358076179255842,1.34437261712208,0.8611194746643809,0.5091592595171988,-0.5790411450508122,11.671862562169451,3.104935567648281,5.812033211332555
2888,109.0,W. Cornelis,Belgium,50.983634,3.516405,10_0,12.804617556963946,12.8,74.42086249948638,0.9041350884190931,1.1576654418093444,0.26360816316719365,11.671862562169451,12,1,SANDY LOAM,2.8817848044338503,0.4596615470066688,0.5631451162983606,0.3171324220106941,0.9358076179255842,1.34437261712208,0.8611194746643809,0.5091592595171988,-0.5790411450508122,11.671862562169451,3.104935567648281,5.812033211332555
2889,109.0,W. Cornelis,Belgium,50.983634,3.516405,10_0,12.350053402809467,16.1,71.51260588556693,1.23,1.3345717980513272,0.2409783478533525,11.613139092977109,12,3,SANDY LOAM,1.3149407734774747,0.11890619211765824,0.49638800073534817,0.246401047274036,0.4822493884546957,1.30706401532099,1.0210454747494382,0.6105572409044783,-0.618021977467665,11.613139092977109,2.7390590121604395,5.790469365039248
2890,109.0,W. Cornelis,Belgium,50.983634,3.516405,10_0,12.350053402809467,16.1,71.51260588556693,1.23,1.3345717980513272,0.2409783478533525,11.613139092977109,12,3,SANDY LOAM,1.3149407734774747,0.11890619211765824,0.49638800073534817,0.246401047274036,0.4822493884546957,1.30706401532099,1.0210454747494382,0.6105572409044783,-0.618021977467665,11.613139092977109,2.7390590121604395,5.790469365039248
2891,109.0,W. Cornelis,Belgium,50.983634,3.516405,10_0,12.350053402809467,16.1,71.51260588556693,1.23,1.3345717980513272,0.2409783478533525,11.613139092977109,12,3,SANDY LOAM,1.3149407734774747,0.11890619211765824,0.49638800073534817,0.246401047274036,0.4822493884546957,1.30706401532099,1.0210454747494382,0.6105572409044783,-0.618021977467665,11.613139092977109,2.7390590121604395,5.790469365039248
2892,109.0,W. Cornelis,Belgium,50.983634,3.516405,10_0,12.350053402809467,16.1,71.51260588556693,1.23,1.3345717980513272,0.2409783478533525,11.613139092977109,12,3,SANDY LOAM,1.3149407734774747,0.11890619211765824,0.49638800073534817,0.246401047274036,0.4822493884546957,1.30706401532099,1.0210454747494382,0.6105572409044783,-0.618021977467665,11.613139092977109,2.7390590121604395,5.790469365039248
2893,109.0,W. Cornelis,Belgium,50.983634,3.516405,10_0,8.776081437781945,15.6,75.63593282435772,1.27,1.2714685289123762,0.31445933724965247,9.205783627954109,12,3,SANDY LOAM,4.778092443209738,0.6792545479227545,0.5202005551274052,0.2706086175548605,0.6114950581990313,1.3026265839969533,0.9760805932664353,0.6606547050118046,-0.5024355052261147,9.205783627954109,3.0733532226935076,8.618417383724033
2894,109.0,W. Cornelis,Belgium,50.983634,3.516405,10_0,8.776081437781945,15.6,75.63593282435772,1.27,1.2714685289123762,0.31445933724965247,9.205783627954109,12,3,SANDY LOAM,4.778092443209738,0.6792545479227545,0.5202005551274052,0.2706086175548605,0.6114950581990313,1.3026265839969533,0.9760805932664353,0.6606547050118046,-0.5024355052261147,9.205783627954109,3.0733532226935076,8.618417383724033
2895,109.0,W. Cornelis,Belgium,50.983634,3.516405,10_0,8.776081437781945,15.6,75.63593282435772,1.27,1.2714685289123762,0.31445933724965247,9.205783627954109,12,3,SANDY LOAM,4.778092443209738,0.6792545479227545,0.5202005551274052,0.2706086175548605,0.6114950581990313,1.3026265839969533,0.9760805932664353,0.6606547050118046,-0.5024355052261147,9.205783627954109,3.0733532226935076,8.618417383724033
2896,109.0,W. Cornelis,Belgium,50.983634,3.516405,10_0,8.776081437781945,15.6,75.63593282435772,1.27,1.2714685289123762,0.31445933724965247,9.205783627954109,12,3,SANDY LOAM,4.778092443209738,0.6792545479227545,0.5202005551274052,0.2706086175548605,0.6114950581990313,1.3026265839969533,0.9760805932664353,0.6606547050118046,-0.5024355052261147,9.205783627954109,3.0733532226935076,8.618417383724033
2897,109.0,W. Cornelis,Belgium,50.983634,3.516405,10_0,8.574903213036803,15.3,76.14885956487619,1.49,1.3061696002775012,0.3224110567366707,9.043193311558607,12,3,SANDY LOAM,0.6650102657997107,-0.17717165041756552,0.5071058112160373,0.2571563037690752,0.5367701623039143,1.2787494101033252,1.021442973859875,0.7555876587118955,-0.49159007295446133,9.043193311558607,3.038439502103544,8.880433711380407
2898,109.0,W. Cornelis,Belgium,50.983634,3.516405,10_0,8.574903213036803,15.3,76.14885956487619,1.49,1.3061696002775012,0.3224110567366707,9.043193311558607,12,3,SANDY LOAM,0.6650102657997107,-0.17717165041756552,0.5071058112160373,0.2571563037690752,0.5367701623039143,1.2787494101033252,1.021442973859875,0.7555876587118955,-0.49159007295446133,9.043193311558607,3.038439502103544,8.880433711380407
2899,109.0,W. Cornelis,Belgium,50.983634,3.516405,10_0,8.574903213036803,15.3,76.14885956487619,1.49,1.3061696002775012,0.3224110567366707,9.043193311558607,12,3,SANDY LOAM,0.6650102657997107,-0.17717165041756552,0.5071058112160373,0.2571563037690752,0.5367701623039143,1.2787494101033252,1.021442973859875,0.7555876587118955,-0.49159007295446133,9.043193311558607,3.038439502103544,8.880433711380407
2900,109.0,W. Cornelis,Belgium,50.983634,3.516405,10_0,8.574903213036803,15.3,76.14885956487619,1.49,1.3061696002775012,0.3224110567366707,9.043193311558607,12,3,SANDY LOAM,0.6650102657997107,-0.17717165041756552,0.5071058112160373,0.2571563037690752,0.5367701623039143,1.2787494101033252,1.021442973859875,0.7555876587118955,-0.49159007295446133,9.043193311558607,3.038439502103544,8.880433711380407
2901,109.0,W. Cornelis,Belgium,50.983634,3.516405,10_0,10.2,15.54,74.3,1.34,1.3374048940781367,0.2855319361713719,10.140860544077757,12,3,SANDY LOAM,0.8382712567629701,-0.07661542498197914,0.49531890789504274,0.24534082051833783,0.47711234271017317,1.2949331508499684,1.0327984060028819,0.6637273365793573,-0.5443453097392474,10.140860544077757,2.8817613137672775,7.284313725490196
2902,109.0,W. Cornelis,Belgium,50.983634,3.516405,10_0,10.2,15.54,74.3,1.34,1.3374048940781367,0.2855319361713719,10.140860544077757,12,3,SANDY LOAM,0.8382712567629701,-0.07661542498197914,0.49531890789504274,0.24534082051833783,0.47711234271017317,1.2949331508499684,1.0327984060028819,0.6637273365793573,-0.5443453097392474,10.140860544077757,2.8817613137672775,7.284313725490196
2903,109.0,W. Cornelis,Belgium,50.983634,3.516405,10_0,10.2,15.54,74.3,1.34,1.3374048940781367,0.2855319361713719,10.140860544077757,12,3,SANDY LOAM,0.8382712567629701,-0.07661542498197914,0.49531890789504274,0.24534082051833783,0.47711234271017317,1.2949331508499684,1.0327984060028819,0.6637273365793573,-0.5443453097392474,10.140860544077757,2.8817613137672775,7.284313725490196
2904,109.0,W. Cornelis,Belgium,50.983634,3.516405,10_0,10.2,15.54,74.3,1.34,1.3374048940781367,0.2855319361713719,10.140860544077757,12,3,SANDY LOAM,0.8382712567629701,-0.07661542498197914,0.49531890789504274,0.24534082051833783,0.47711234271017317,1.2949331508499684,1.0327984060028819,0.6637273365793573,-0.5443453097392474,10.140860544077757,2.8817613137672775,7.284313725490196
2905,109.0,W. Cornelis,Belgium,50.983634,3.516405,10_0,8.856824303716644,15.7,75.48970252568161,1.31,1.2727706097843345,0.311559860421057,9.268787952964848,12,3,SANDY LOAM,5.39328701354588,0.7318535326713356,0.5197092038549681,0.2700976565715648,0.6085169721707473,1.2982191805418235,0.9803973233958323,0.6808190570500082,-0.5064584993965768,9.268787952964848,3.063186978378992,8.523337478197845
2906,109.0,W. Cornelis,Belgium,50.983634,3.516405,10_0,8.856824303716644,15.7,75.48970252568161,1.31,1.2727706097843345,0.311559860421057,9.268787952964848,12,3,SANDY LOAM,5.39328701354588,0.7318535326713356,0.5197092038549681,0.2700976565715648,0.6085169721707473,1.2982191805418235,0.9803973233958323,0.6808190570500082,-0.5064584993965768,9.268787952964848,3.063186978378992,8.523337478197845
2907,109.0,W. Cornelis,Belgium,50.983634,3.516405,10_0,8.856824303716644,15.7,75.48970252568161,1.31,1.2727706097843345,0.311559860421057,9.268787952964848,12,3,SANDY LOAM,5.39328701354588,0.7318535326713356,0.5197092038549681,0.2700976565715648,0.6085169721707473,1.2982191805418235,0.9803973233958323,0.6808190570500082,-0.5064584993965768,9.268787952964848,3.063186978378992,8.523337478197845
2908,109.0,W. Cornelis,Belgium,50.983634,3.516405,10_0,8.856824303716644,15.7,75.48970252568161,1.31,1.2727706097843345,0.311559860421057,9.268787952964848,12,3,SANDY LOAM,5.39328701354588,0.7318535326713356,0.5197092038549681,0.2700976565715648,0.6085169721707473,1.2982191805418235,0.9803973233958323,0.6808190570500082,-0.5064584993965768,9.268787952964848,3.063186978378992,8.523337478197845
2909,109.0,W. Cornelis,Belgium,50.983634,3.516405,10_0,13.840699220493688,60.1,26.091971238761477,0.9708737864077672,1.2937120233157076,0.043149530377754215,8.80271520345755,12,1,SILTY LOAM,15.094372503969328,1.178815063451998,0.51180678365445,0.26194618379471296,0.5625156799573418,1.3365592100961223,0.9679421708692327,0.4968997899557768,-1.365023926610644,8.80271520345755,1.3119180610731074,1.885162795830975
2910,109.0,W. Cornelis,Belgium,50.983634,3.516405,10_0,13.840699220493688,60.1,26.091971238761477,0.9708737864077672,1.2937120233157076,0.043149530377754215,8.80271520345755,12,1,SILTY LOAM,15.094372503969328,1.178815063451998,0.51180678365445,0.26194618379471296,0.5625156799573418,1.3365592100961223,0.9679421708692327,0.4968997899557768,-1.365023926610644,8.80271520345755,1.3119180610731074,1.885162795830975
2911,109.0,W. Cornelis,Belgium,50.983634,3.516405,10_0,13.840699220493688,60.1,26.091971238761477,0.9708737864077672,1.2937120233157076,0.043149530377754215,8.80271520345755,12,1,SILTY LOAM,15.094372503969328,1.178815063451998,0.51180678365445,0.26194618379471296,0.5625156799573418,1.3365592100961223,0.9679421708692327,0.4968997899557768,-1.365023926610644,8.80271520345755,1.3119180610731074,1.885162795830975
2912,109.0,W. Cornelis,Belgium,50.983634,3.516405,10_0,13.840699220493688,60.1,26.091971238761477,0.9708737864077672,1.2937120233157076,0.043149530377754215,8.80271520345755,12,1,SILTY LOAM,15.094372503969328,1.178815063451998,0.51180678365445,0.26194618379471296,0.5625156799573418,1.3365592100961223,0.9679421708692327,0.4968997899557768,-1.365023926610644,8.80271520345755,1.3119180610731074,1.885162795830975
2913,109.0,W. Cornelis,Belgium,50.983634,3.516405,10_0,13.316510101679057,65.2,21.46657024871051,0.9708737864077672,1.2227468993064448,0.037099611853127885,7.7397180117199555,12,1,SILTY LOAM,5.789976030138073,0.7626767657999206,0.5385860757334171,0.2900749609739221,0.7338105836234522,1.3365592100961223,0.9148467872354922,0.5228991026538031,-1.4306306340756965,7.7397180117199555,1.296153984580799,1.6120267310880367
2914,109.0,W. Cornelis,Belgium,50.983634,3.516405,10_0,13.316510101679057,65.2,21.46657024871051,0.9708737864077672,1.2227468993064448,0.037099611853127885,7.7397180117199555,12,1,SILTY LOAM,5.789976030138073,0.7626767657999206,0.5385860757334171,0.2900749609739221,0.7338105836234522,1.3365592100961223,0.9148467872354922,0.5228991026538031,-1.4306306340756965,7.7397180117199555,1.296153984580799,1.6120267310880367
2915,109.0,W. Cornelis,Belgium,50.983634,3.516405,10_0,13.316510101679057,65.2,21.46657024871051,0.9708737864077672,1.2227468993064448,0.037099611853127885,7.7397180117199555,12,1,SILTY LOAM,5.789976030138073,0.7626767657999206,0.5385860757334171,0.2900749609739221,0.7338105836234522,1.3365592100961223,0.9148467872354922,0.5228991026538031,-1.4306306340756965,7.7397180117199555,1.296153984580799,1.6120267310880367
2916,109.0,W. Cornelis,Belgium,50.983634,3.516405,10_0,13.316510101679057,65.2,21.46657024871051,0.9708737864077672,1.2227468993064448,0.037099611853127885,7.7397180117199555,12,1,SILTY LOAM,5.789976030138073,0.7626767657999206,0.5385860757334171,0.2900749609739221,0.7338105836234522,1.3365592100961223,0.9148467872354922,0.5228991026538031,-1.4306306340756965,7.7397180117199555,1.296153984580799,1.6120267310880367
2917,109.0,W. Cornelis,Belgium,50.983634,3.516405,10_0,13.210223144438851,65.2,21.55670089875936,0.9320388349514563,1.2863828654415932,0.03737383295319262,7.735458877759647,12,1,SILTY LOAM,17.21592171585018,1.2359302791691724,0.514572503606946,0.2647848614683204,0.5782171675248835,1.3410947112053582,0.9592035929255207,0.479601556759872,-1.4274323598689023,7.735458877759647,1.1990575436972946,1.6318195887428406
2918,109.0,W. Cornelis,Belgium,50.983634,3.516405,10_0,13.210223144438851,65.2,21.55670089875936,0.9320388349514563,1.2863828654415932,0.03737383295319262,7.735458877759647,12,1,SILTY LOAM,17.21592171585018,1.2359302791691724,0.514572503606946,0.2647848614683204,0.5782171675248835,1.3410947112053582,0.9592035929255207,0.479601556759872,-1.4274323598689023,7.735458877759647,1.1990575436972946,1.6318195887428406
2919,109.0,W. Cornelis,Belgium,50.983634,3.516405,10_0,13.210223144438851,65.2,21.55670089875936,0.9320388349514563,1.2863828654415932,0.03737383295319262,7.735458877759647,12,1,SILTY LOAM,17.21592171585018,1.2359302791691724,0.514572503606946,0.2647848614683204,0.5782171675248835,1.3410947112053582,0.9592035929255207,0.479601556759872,-1.4274323598689023,7.735458877759647,1.1990575436972946,1.6318195887428406
2920,109.0,W. Cornelis,Belgium,50.983634,3.516405,10_0,13.210223144438851,65.2,21.55670089875936,0.9320388349514563,1.2863828654415932,0.03737383295319262,7.735458877759647,12,1,SILTY LOAM,17.21592171585018,1.2359302791691724,0.514572503606946,0.2647848614683204,0.5782171675248835,1.3410947112053582,0.9592035929255207,0.479601556759872,-1.4274323598689023,7.735458877759647,1.1990575436972946,1.6318195887428406
2921,109.0,W. Cornelis,Belgium,50.983634,3.516405,10_0,10.468915792120615,69.7,19.851148946994524,1.0097087378640779,1.361369304808421,0.03830873049819455,6.736091027382418,12,1,SILTY LOAM,1.1023730095089306,0.04232857143144553,0.48627573403455815,0.23646408951084832,0.4357000740303305,1.332054283167109,1.0220073776360017,0.49099685766596174,-1.4167022397361622,6.736091027382418,1.0976144357676432,1.8961991233070579
2922,109.0,W. Cornelis,Belgium,50.983634,3.516405,10_0,10.468915792120615,69.7,19.851148946994524,1.0097087378640779,1.361369304808421,0.03830873049819455,6.736091027382418,12,1,SILTY LOAM,1.1023730095089306,0.04232857143144553,0.48627573403455815,0.23646408951084832,0.4357000740303305,1.332054283167109,1.0220073776360017,0.49099685766596174,-1.4167022397361622,6.736091027382418,1.0976144357676432,1.8961991233070579
2923,109.0,W. Cornelis,Belgium,50.983634,3.516405,10_0,10.468915792120615,69.7,19.851148946994524,1.0097087378640779,1.361369304808421,0.03830873049819455,6.736091027382418,12,1,SILTY LOAM,1.1023730095089306,0.04232857143144553,0.48627573403455815,0.23646408951084832,0.4357000740303305,1.332054283167109,1.0220073776360017,0.49099685766596174,-1.4167022397361622,6.736091027382418,1.0976144357676432,1.8961991233070579
2924,109.0,W. Cornelis,Belgium,50.983634,3.516405,10_0,10.468915792120615,69.7,19.851148946994524,1.0097087378640779,1.361369304808421,0.03830873049819455,6.736091027382418,12,1,SILTY LOAM,1.1023730095089306,0.04232857143144553,0.48627573403455815,0.23646408951084832,0.4357000740303305,1.332054283167109,1.0220073776360017,0.49099685766596174,-1.4167022397361622,6.736091027382418,1.0976144357676432,1.8961991233070579
2925,109.0,W. Cornelis,Belgium,50.983634,3.516405,10_0,11.951040702351472,67.2,20.786107915165314,0.8543689320388353,1.4024302863745748,0.037893083163356246,7.2812365820422205,12,1,SILTY LOAM,0.22882489447728616,-0.640496729240963,0.47078102400959443,0.22163477256752231,0.37255125558456526,1.3502586894827795,1.0386382233998286,0.4022206807072265,-1.4214400570011436,7.2812365820422205,1.0201371989201151,1.7392717866884568
2926,109.0,W. Cornelis,Belgium,50.983634,3.516405,10_0,11.951040702351472,67.2,20.786107915165314,0.8543689320388353,1.4024302863745748,0.037893083163356246,7.2812365820422205,12,1,SILTY LOAM,0.22882489447728616,-0.640496729240963,0.47078102400959443,0.22163477256752231,0.37255125558456526,1.3502586894827795,1.0386382233998286,0.4022206807072265,-1.4214400570011436,7.2812365820422205,1.0201371989201151,1.7392717866884568
2927,109.0,W. Cornelis,Belgium,50.983634,3.516405,10_0,11.951040702351472,67.2,20.786107915165314,0.8543689320388353,1.4024302863745748,0.037893083163356246,7.2812365820422205,12,1,SILTY LOAM,0.22882489447728616,-0.640496729240963,0.47078102400959443,0.22163477256752231,0.37255125558456526,1.3502586894827795,1.0386382233998286,0.4022206807072265,-1.4214400570011436,7.2812365820422205,1.0201371989201151,1.7392717866884568
2928,109.0,W. Cornelis,Belgium,50.983634,3.516405,10_0,11.951040702351472,67.2,20.786107915165314,0.8543689320388353,1.4024302863745748,0.037893083163356246,7.2812365820422205,12,1,SILTY LOAM,0.22882489447728616,-0.640496729240963,0.47078102400959443,0.22163477256752231,0.37255125558456526,1.3502586894827795,1.0386382233998286,0.4022206807072265,-1.4214400570011436,7.2812365820422205,1.0201371989201151,1.7392717866884568
2929,109.0,W. Cornelis,Belgium,50.983634,3.516405,10_0,18.19796445938359,68.2,13.590399908810085,3.26,1.3,0.023688104251976837,6.951305435492977,12,3,SILTY LOAM,3.1944526793847987,0.5043964591501819,0.5094339622641508,0.25952296190815227,0.5493747906665173,1.1144044440006697,1.16654236888454,1.6607547169811316,-1.6254696942729856,6.951305435492977,0.780760619901268,0.746808794969502
2930,109.0,W. Cornelis,Belgium,50.983634,3.516405,10_0,18.19796445938359,68.2,13.590399908810085,3.26,1.3,0.023688104251976837,6.951305435492977,12,3,SILTY LOAM,3.1944526793847987,0.5043964591501819,0.5094339622641508,0.25952296190815227,0.5493747906665173,1.1144044440006697,1.16654236888454,1.6607547169811316,-1.6254696942729856,6.951305435492977,0.780760619901268,0.746808794969502
2931,109.0,W. Cornelis,Belgium,50.983634,3.516405,10_0,18.19796445938359,68.2,13.590399908810085,3.26,1.3,0.023688104251976837,6.951305435492977,12,3,SILTY LOAM,3.1944526793847987,0.5043964591501819,0.5094339622641508,0.25952296190815227,0.5493747906665173,1.1144044440006697,1.16654236888454,1.6607547169811316,-1.6254696942729856,6.951305435492977,0.780760619901268,0.746808794969502
2932,109.0,W. Cornelis,Belgium,50.983634,3.516405,10_0,18.19796445938359,68.2,13.590399908810085,3.26,1.3,0.023688104251976837,6.951305435492977,12,3,SILTY LOAM,3.1944526793847987,0.5043964591501819,0.5094339622641508,0.25952296190815227,0.5493747906665173,1.1144044440006697,1.16654236888454,1.6607547169811316,-1.6254696942729856,6.951305435492977,0.780760619901268,0.746808794969502
2933,109.0,W. Cornelis,Belgium,50.983634,3.516405,10_0,18.87069577296308,66.5,14.585681839442335,2.85,1.25,0.02406581379486077,7.3377683172959465,12,3,SILTY LOAM,12.231140460008195,1.0874669535527548,0.5283018867924528,0.27910288358846563,0.6627018867924528,1.1485984331577666,1.0882828705968688,1.5056603773584907,-1.6185994479013646,7.3377683172959465,0.875950592791767,0.7729276129998299
2934,109.0,W. Cornelis,Belgium,50.983634,3.516405,10_0,18.87069577296308,66.5,14.585681839442335,2.85,1.25,0.02406581379486077,7.3377683172959465,12,3,SILTY LOAM,12.231140460008195,1.0874669535527548,0.5283018867924528,0.27910288358846563,0.6627018867924528,1.1485984331577666,1.0882828705968688,1.5056603773584907,-1.6185994479013646,7.3377683172959465,0.875950592791767,0.7729276129998299
2935,109.0,W. Cornelis,Belgium,50.983634,3.516405,10_0,18.87069577296308,66.5,14.585681839442335,2.85,1.25,0.02406581379486077,7.3377683172959465,12,3,SILTY LOAM,12.231140460008195,1.0874669535527548,0.5283018867924528,0.27910288358846563,0.6627018867924528,1.1485984331577666,1.0882828705968688,1.5056603773584907,-1.6185994479013646,7.3377683172959465,0.875950592791767,0.7729276129998299
2936,109.0,W. Cornelis,Belgium,50.983634,3.516405,10_0,18.87069577296308,66.5,14.585681839442335,2.85,1.25,0.02406581379486077,7.3377683172959465,12,3,SILTY LOAM,12.231140460008195,1.0874669535527548,0.5283018867924528,0.27910288358846563,0.6627018867924528,1.1485984331577666,1.0882828705968688,1.5056603773584907,-1.6185994479013646,7.3377683172959465,0.875950592791767,0.7729276129998299
2937,109.0,W. Cornelis,Belgium,50.983634,3.516405,10_0,12.050392598328772,64.7,23.287575136814475,2.56,1.19,0.04125468794363172,7.772638392545499,12,3,SILTY LOAM,0.20505089760198433,-0.6881383252658624,0.5509433962264151,0.3035386258454966,0.8293135678244661,1.1740795583880104,1.0135599342465753,1.4104150943396225,-1.384526693602064,7.772638392545499,1.4414966649400167,1.9325158866644851
2938,109.0,W. Cornelis,Belgium,50.983634,3.516405,10_0,12.050392598328772,64.7,23.287575136814475,2.56,1.19,0.04125468794363172,7.772638392545499,12,3,SILTY LOAM,0.20505089760198433,-0.6881383252658624,0.5509433962264151,0.3035386258454966,0.8293135678244661,1.1740795583880104,1.0135599342465753,1.4104150943396225,-1.384526693602064,7.772638392545499,1.4414966649400167,1.9325158866644851
2939,109.0,W. Cornelis,Belgium,50.983634,3.516405,10_0,12.050392598328772,64.7,23.287575136814475,2.56,1.19,0.04125468794363172,7.772638392545499,12,3,SILTY LOAM,0.20505089760198433,-0.6881383252658624,0.5509433962264151,0.3035386258454966,0.8293135678244661,1.1740795583880104,1.0135599342465753,1.4104150943396225,-1.384526693602064,7.772638392545499,1.4414966649400167,1.9325158866644851
2940,109.0,W. Cornelis,Belgium,50.983634,3.516405,10_0,12.050392598328772,64.7,23.287575136814475,2.56,1.19,0.04125468794363172,7.772638392545499,12,3,SILTY LOAM,0.20505089760198433,-0.6881383252658624,0.5509433962264151,0.3035386258454966,0.8293135678244661,1.1740795583880104,1.0135599342465753,1.4104150943396225,-1.384526693602064,7.772638392545499,1.4414966649400167,1.9325158866644851
2941,109.0,W. Cornelis,Belgium,50.983634,3.516405,10_0,12.004892123557994,64.9,23.07677951638977,2.4,1.23,0.0410814403476214,7.73114755537169,12,3,SILTY LOAM,0.6719471067932581,-0.17266491166626372,0.5358490566037736,0.28713421146315415,0.7141820594459971,1.1886280626944314,1.0348064618395303,1.2860377358490565,-1.3863543381015853,7.73114755537169,1.3729315416430978,1.9222812899005297
2942,109.0,W. Cornelis,Belgium,50.983634,3.516405,10_0,12.004892123557994,64.9,23.07677951638977,2.4,1.23,0.0410814403476214,7.73114755537169,12,3,SILTY LOAM,0.6719471067932581,-0.17266491166626372,0.5358490566037736,0.28713421146315415,0.7141820594459971,1.1886280626944314,1.0348064618395303,1.2860377358490565,-1.3863543381015853,7.73114755537169,1.3729315416430978,1.9222812899005297
2943,109.0,W. Cornelis,Belgium,50.983634,3.516405,10_0,12.004892123557994,64.9,23.07677951638977,2.4,1.23,0.0410814403476214,7.73114755537169,12,3,SILTY LOAM,0.6719471067932581,-0.17266491166626372,0.5358490566037736,0.28713421146315415,0.7141820594459971,1.1886280626944314,1.0348064618395303,1.2860377358490565,-1.3863543381015853,7.73114755537169,1.3729315416430978,1.9222812899005297
2944,109.0,W. Cornelis,Belgium,50.983634,3.516405,10_0,12.004892123557994,64.9,23.07677951638977,2.4,1.23,0.0410814403476214,7.73114755537169,12,3,SILTY LOAM,0.6719471067932581,-0.17266491166626372,0.5358490566037736,0.28713421146315415,0.7141820594459971,1.1886280626944314,1.0348064618395303,1.2860377358490565,-1.3863543381015853,7.73114755537169,1.3729315416430978,1.9222812899005297
2945,109.0,W. Cornelis,Belgium,50.983634,3.516405,10_0,11.262373746882545,66.1,22.627693130769966,2.36,1.24,0.04138593143924143,7.455147300640211,12,3,SILTY LOAM,0.7356218169778214,-0.1333453989927228,0.5320754716981132,0.28310430758276967,0.6879677713859383,1.1923217002479445,1.0399877816046967,1.255698113207547,-1.3831472660451585,7.455147300640211,1.3631048431272474,2.0091406695709573
2946,109.0,W. Cornelis,Belgium,50.983634,3.516405,10_0,11.262373746882545,66.1,22.627693130769966,2.36,1.24,0.04138593143924143,7.455147300640211,12,3,SILTY LOAM,0.7356218169778214,-0.1333453989927228,0.5320754716981132,0.28310430758276967,0.6879677713859383,1.1923217002479445,1.0399877816046967,1.255698113207547,-1.3831472660451585,7.455147300640211,1.3631048431272474,2.0091406695709573
2947,109.0,W. Cornelis,Belgium,50.983634,3.516405,10_0,11.262373746882545,66.1,22.627693130769966,2.36,1.24,0.04138593143924143,7.455147300640211,12,3,SILTY LOAM,0.7356218169778214,-0.1333453989927228,0.5320754716981132,0.28310430758276967,0.6879677713859383,1.1923217002479445,1.0399877816046967,1.255698113207547,-1.3831472660451585,7.455147300640211,1.3631048431272474,2.0091406695709573
2948,109.0,W. Cornelis,Belgium,50.983634,3.516405,10_0,11.262373746882545,66.1,22.627693130769966,2.36,1.24,0.04138593143924143,7.455147300640211,12,3,SILTY LOAM,0.7356218169778214,-0.1333453989927228,0.5320754716981132,0.28310430758276967,0.6879677713859383,1.1923217002479445,1.0399877816046967,1.255698113207547,-1.3831472660451585,7.455147300640211,1.3631048431272474,2.0091406695709573
3507,114.0,C. Castellano,Spain,41.766584,-0.200689,8_-1,28.392570000000003,53.69743,17.91,2.002482171933598,1.4763989922742606,0.01990787784928317,10.128041363486938,5,1,SILTY CLAY LOAM,0.00282,-2.549750891680639,0.44286830480216577,0.19613233539834402,0.27983888847876,1.2263838805260858,1.2038636643209344,0.8868358848807917,-1.700975032663047,10.128041363486938,0.33678928330513,0.6307988322296995
3508,114.0,C. Castellano,Spain,41.766584,-0.200689,8_-1,26.786289999999997,50.75371,22.46,2.1383280925659447,1.6578659203690074,0.024794768042212395,11.285530935726754,5,1,SILTY LOAM,0.00832,-2.079876673709276,0.3743902187286764,0.14016803587970617,0.13408074712460025,1.21321449584249,1.36650685105583,0.8005691222894374,-1.6056399502266079,11.285530935726754,0.20791780232769294,0.8384886447507289
3509,114.0,C. Castellano,Spain,41.766584,-0.200689,8_-1,27.002519999999997,50.64748,22.35,1.7710577782639076,1.3833426708770502,0.024521392411989678,11.301665907227244,5,1,CLAY LOAM,0.00891,-2.050122295963125,0.47798389778224515,0.22846860653910778,0.4007485874403981,1.24948979381872,1.1071260267354774,0.8465371000521458,-1.6104548726660883,11.301665907227244,0.6737935364071536,0.8277005257287099
3510,114.0,C. Castellano,Spain,41.766584,-0.200689,8_-1,18.32243,49.487570000000005,32.19,1.3373396667485982,1.36955585396317,0.04670764151769422,11.459204319373775,5,4,LOAM,0.00324,-2.489454989793388,0.4831864702025773,0.23346916498682616,0.42235393595626586,1.2952238763268926,1.0573892892146757,0.6461844330381462,-1.3306120616719863,11.459204319373775,1.256283703937595,1.7568630361802444
3511,114.0,C. Castellano,Spain,41.766584,-0.200689,8_-1,21.658549999999998,50.01145,28.33,1.489369175533431,1.6369813221293454,0.0363568927867236,11.609577606611879,5,4,SILTY LOAM,0.00263,-2.580044251510242,0.38227119919647334,0.14613126973510981,0.14639257042602166,1.278816623695538,1.2800751036522964,0.5693429407774275,-1.4394132405007591,11.609577606611879,0.5785238368998316,1.3080284691265112
3512,114.0,C. Castellano,Spain,41.766584,-0.200689,8_-1,17.210389999999997,39.86961,42.92,2.319456744026602,1.642603135219128,0.07183680995827472,13.024474923751518,5,1,LOAM,0.0038,-2.42021640338319,0.38014976029466874,0.1445138402520941,0.14298504485547647,1.196089002166796,1.373311795563241,0.8817409252555655,-1.143652961533943,13.024474923751518,1.1598159743966532,2.493842382421317
3513,114.0,C. Castellano,Spain,41.766584,-0.200689,8_-1,16.036569999999998,38.32343,45.64,2.838879076092868,1.440440562333525,0.0824822867143178,12.879460031319915,5,1,LOAM,0.00335,-2.474955192963155,0.4564375236477264,0.20833521299366878,0.3218437533964531,1.149555172794797,1.2530416951032701,1.295770935427174,-1.083639307306942,12.879460031319915,1.6321977513074837,2.8459951223983686
3514,114.0,C. Castellano,Spain,41.766584,-0.200689,8_-1,15.604109999999999,37.735890000000005,46.66,2.8432521585613375,1.435816079339304,0.08684734409832222,12.804183757938784,5,1,LOAM,0.00135,-2.869666231504994,0.4581826115700739,0.20993130554517322,0.3276498192059398,1.1491787638480635,1.2494279606520275,1.3027286993618834,-1.0612434582886137,12.804183757938784,1.6847542975881262,2.9902378283670137
3515,114.0,C. Castellano,Spain,41.766584,-0.200689,8_-1,14.522959999999998,42.217040000000004,43.26,2.1322911392943387,1.447552287080488,0.0793960704591445,11.906310960367453,5,1,LOAM,0.00237,-2.625251653989896,0.45375385393189127,0.20589255995804412,0.31310082238139936,1.213793731319085,1.1925850741603081,0.9675353221596293,-1.1002009915293394,11.906310960367453,1.5871135067775335,2.978731608432441
3516,114.0,C. Castellano,Spain,41.766584,-0.200689,8_-1,16.68526,42.28474,41.03,2.0573980243765466,1.6179724742996944,0.06817384725448279,12.505053210184562,5,1,LOAM,0.00479,-2.319664486585437,0.38944434932087,0.15166690121795584,0.158447616438258,1.2210258660187616,1.325092710423248,0.8012420348973677,-1.166382196771,12.505053210184562,1.158952598360399,2.45905667637184
3517,114.0,C. Castellano,Spain,41.766584,-0.200689,8_-1,7.356479999999999,25.173519999999996,67.47,2.3225693753448455,1.4607926510852658,0.2440810094324431,9.096969006750625,5,4,SANDY LOAM,0.00178,-2.749579997691106,0.44875749015650346,0.2013832849715643,0.2974060016718696,1.1957989312423392,1.22160391092474,1.0422704035941108,-0.6124660092740672,9.096969006750625,2.5402489913289683,9.171505937622342
3518,114.0,C. Castellano,Spain,41.766584,-0.200689,8_-1,9.27166,27.438339999999997,63.29,1.957324359412534,1.2833041882873126,0.19666738016974025,10.290693845967246,5,4,SANDY LOAM,0.002,-2.6989700043360187,0.5157342685708254,0.26598183577828427,0.5849388854522319,1.2308251851514431,1.0426372516332711,1.0094592468574826,-0.7062676674679306,10.290693845967246,2.6464064398430334,6.8261778365470684
3519,114.0,C. Castellano,Spain,41.766584,-0.200689,8_-1,12.32977,27.730230000000006,59.94,2.6795721958275927,1.4043047131274635,0.15739946387143186,11.961394622859856,5,4,SANDY LOAM,0.00245,-2.6108339156354674,0.4700736931594477,0.22096927700056257,0.3698851391616547,1.1634374997549215,1.2070306427489923,1.2595963981800473,-0.802996751253163,11.961394622859856,2.253904662066192,4.861404551747518
3520,114.0,C. Castellano,Spain,41.766584,-0.200689,8_-1,14.80097,29.839030000000008,55.36,4.192686725500942,1.2910468226216127,0.12273009027706887,13.147222709054343,5,4,SANDY LOAM,0.00224,-2.6497519816658373,0.5128125197654292,0.2629766804281687,0.5681769614909177,1.0437209681774988,1.2369654936376182,2.1500622442912043,-0.9110489463260978,13.147222709054343,2.224217008778549,3.7402953995582724
3521,114.0,C. Castellano,Spain,41.766584,-0.200689,8_-1,24.00619,53.37381,22.62,2.6491245823752827,1.4566273102729634,0.027305549745010635,10.658834126622095,5,1,SILTY LOAM,0.00389,-2.4100503986742923,0.45032931687812694,0.20279649363992047,0.30226336574075197,1.1661290207809007,1.249113335072932,1.1929784635061145,-1.5637490753517977,10.658834126622095,0.644718644772406,0.9422569762215496
3522,114.0,C. Castellano,Spain,41.766584,-0.200689,8_-1,21.62766,53.142340000000004,25.23,2.3933215653080433,1.5174292472982716,0.032475479992188194,10.778199225844903,5,1,SILTY LOAM,0.00447,-2.3496924768680634,0.4273851896987654,0.18265810037384966,0.23808566739201556,1.1892431633422218,1.2759621363167841,1.022870191199324,-1.4884444212736208,10.778199225844903,0.6916756909015765,1.1665617084788646
3523,114.0,C. Castellano,Spain,41.766584,-0.200689,8_-1,23.88263,51.57737,24.54,2.115857068597396,1.554246184804867,0.029419661783479233,11.191633271031955,5,1,SILTY LOAM,0.0024,-2.619788758288394,0.41349200573401246,0.17097563880593658,0.20551971095527063,1.2153733585486353,1.278821996444701,0.8748899831408252,-1.5313623243485626,11.191633271031955,0.5419601132787173,1.027525025510172
3524,114.0,C. Castellano,Spain,41.766584,-0.200689,8_-1,18.22976,48.220240000000004,33.55,1.7136341528004766,1.4584642530091156,0.04924945185400423,11.716696979489036,5,4,LOAM,0.00724,-2.140261433802853,0.44963613093995636,0.20217265024665357,0.3001122868443433,1.2553585486060557,1.1617909916084035,0.7705118303117763,-1.3075985988334968,11.716696979489036,1.1539178600085307,1.8403972405561015
3525,114.0,C. Castellano,Spain,41.766584,-0.200689,8_-1,22.55436,55.485640000000004,21.96,2.98521620474613,1.1194051178854827,0.027942288913393554,10.113034583128137,5,4,SILTY LOAM,0.0468,-1.329754146925876,0.5775829743828367,0.33360209229692456,1.079842261304246,1.137091824139306,0.9844456657955387,1.724210054713113,-1.5537380212089313,10.113034583128137,1.2177155593518216,0.973647667235958
3526,114.0,C. Castellano,Spain,41.766584,-0.200689,8_-1,23.697289999999995,52.29271,24.01,2.491675575221033,1.3929611947927478,0.02902703720069952,10.988623211337332,5,4,SILTY LOAM,0.00335,-2.474955192963155,0.4743542661159442,0.22501196978239604,0.3862977194191459,1.1802483738639846,1.1802271671278548,1.1819369388829963,-1.5371972904877647,10.988623211337332,0.8043588447508415,1.0131960236803452
3527,114.0,C. Castellano,Spain,41.766584,-0.200689,8_-1,14.461179999999999,49.10882,36.43,2.3734824394297203,1.4036549752695102,0.06189896946596513,10.888281558017827,5,4,LOAM,0.00282,-2.549750891680639,0.47031887725678856,0.22119984630408615,0.3708072701453651,1.1910741570690686,1.1784782391077555,1.1162935961012896,-1.2083165813348147,10.888281558017827,1.444346359291429,2.5191581876444387
3528,114.0,C. Castellano,Spain,41.766584,-0.200689,8_-1,2.84654,22.28345999999999,74.87,2.674132626488153,1.382819697189062,0.37105131753246623,6.225539371327826,5,4,LOAMY SAND,0.00661,-2.17979854051436,0.47818124634375014,0.22865730435486226,0.4015487262224468,1.1639174371695782,1.1880737009592466,1.278720072222591,-0.43056602197544136,6.225539371327826,3.0344374901542284,26.302107119520542
3529,114.0,C. Castellano,Spain,41.766584,-0.200689,8_-1,10.352810000000002,26.617189999999994,63.03,2.3867579034054764,1.3594857983748465,0.18805522166632382,10.871186262129296,5,4,SANDY LOAM,0.00398,-2.4001169279263124,0.48698649117930315,0.2371558425911295,0.4388267972469328,1.1898483137402367,1.1425706812168028,1.1623188566739031,-0.7257146031648116,10.871186262129296,2.482695215373647,6.088202140288481
3530,114.0,C. Castellano,Spain,41.766584,-0.200689,8_-1,20.33028,50.65972,29.01,2.1493242463667985,1.566356671129507,0.038925350292185884,11.375121820298306,5,1,SILTY LOAM,0.00575,-2.2403321553103694,0.4089220108945256,0.16721721099402254,0.19571850470681995,1.212160852788042,1.2922019940891454,0.8789059928886721,-1.4097674704932046,11.375121820298306,0.7639282296085863,1.426935585737137
3531,114.0,C. Castellano,Spain,41.766584,-0.200689,8_-1,22.27635,54.73365,22.99,1.9999506537806842,1.4879636064809612,0.02928410642618295,10.33421843869517,5,1,SILTY LOAM,0.00282,-2.549750891680639,0.43850429944114666,0.19228602062837083,0.26744143713494023,1.226632009015195,1.2130480825097472,0.8769869603529622,-1.533368023474802,10.33421843869517,0.652323931897601,1.0320362177825362
3532,114.0,C. Castellano,Spain,41.766584,-0.200689,8_-1,18.476879999999998,51.45312,30.07,2.30094454860909,1.4297125454950477,0.042990510376513635,11.041955574287307,5,1,SILTY LOAM,0.00211,-2.6757175447023074,0.4604858318886612,0.21204720137019237,0.335461827984982,1.197817093881221,1.1935983822558656,1.0595523645959368,-1.3666273989772513,11.041955574287307,1.084219592746834,1.627439264637753
3533,114.0,C. Castellano,Spain,41.766584,-0.200689,8_-1,12.854899999999997,52.825100000000006,34.32,2.0773421095201265,1.4123065354480606,0.060358927822434016,9.971462008897383,5,1,SILTY LOAM,0.00335,-2.474955192963155,0.4670541375667696,0.21813956741823895,0.3587033904264007,1.2190915378405305,1.1584909677494657,0.9702312273930566,-1.219258483358611,9.971462008897383,1.4080497963962268,2.669799064947997
3534,114.0,C. Castellano,Spain,41.766584,-0.200689,8_-1,20.021379999999997,51.24862,28.73,2.1934343918559396,1.447208932493922,0.03891663496406038,11.21111545256332,5,1,SILTY LOAM,0.00335,-2.474955192963155,0.45388342170040685,0.20601016049446935,0.3135178265232244,1.2079525838196667,1.1980676658000124,0.9955635070509249,-1.4098647192701015,11.21111545256332,0.9683640826864792,1.4349660213232058
3535,114.0,C. Castellano,Spain,41.766584,-0.200689,8_-1,18.04442,54.245580000000004,27.71,1.974425546950172,1.342336575712527,0.03997901433292314,10.371957202030565,5,1,SILTY LOAM,0.00295,-2.530177984021837,0.493457895957537,0.2435006950828394,0.46829466261002906,1.229139491409787,1.0920945792514616,0.974295876122841,-1.3981679174477513,10.371957202030565,1.1660146545546894,1.535654789680134
3536,114.0,C. Castellano,Spain,41.766584,-0.200689,8_-1,12.854899999999997,41.155100000000004,45.99,1.1734867515964,1.352600883149685,0.09267564174107266,11.483747385132931,5,4,LOAM,0.0011,-2.958607314841775,0.48958457239634523,0.2396930535285122,0.4504385861841456,1.313385136045078,1.0298585281867094,0.5745210094930997,-1.0330343979755856,11.483747385132931,1.8793980722206882,3.577624096647972
3537,114.0,C. Castellano,Spain,41.766584,-0.200689,8_-1,3.09366,31.786339999999996,65.12,1.003781486565545,1.3853512978637923,0.25724777103657215,7.14567907907133,5,4,SANDY LOAM,0.00389,-2.4100503986742923,0.477225925334418,0.2277445838112915,0.3976893878572046,1.3327398906024712,1.0394761255608083,0.4790305487597999,-0.5896483795614901,7.14567907907133,2.7120785245988652,21.049501238015814
3538,114.0,C. Castellano,Spain,41.766584,-0.200689,8_-1,8.283180000000002,38.39682,53.32,2.989599834952647,1.0502753618652803,0.1408065100656505,9.832152127322955,5,1,SANDY LOAM,0.00912,-2.040005161671584,0.6036696747678187,0.36441707623428404,1.400501156425796,1.1367226435853226,0.9239504181535612,1.804730760051789,-0.851377265504778,9.832152127322955,2.735360222269756,6.437141291146636
3539,114.0,C. Castellano,Spain,41.766584,-0.200689,8_-1,8.870090000000001,41.019909999999996,50.11,2.4653618684997145,1.2790851623468047,0.12277064084680218,9.99037815388763,5,1,LOAM,0.00355,-2.449771646944906,0.5173263538313944,0.26762655636848504,0.5942738696370059,1.1826414879835037,1.0815493751430496,1.2753966663059109,-0.9109054771905661,9.99037815388763,2.2440069617782235,5.64932261115727
3540,114.0,C. Castellano,Spain,41.766584,-0.200689,8_-1,10.538149999999998,43.751850000000005,45.71,2.8435786141311254,1.249624732567423,0.09891881284396135,10.445342619853529,5,1,LOAM,0.011,-1.958607314841775,0.5284434971443687,0.27925252967417036,0.6636333418829674,1.1491506743803883,1.0874333196046806,1.5026706272563892,-1.0047211043852502,10.445342619853529,2.1043172702151254,4.337573483011725
3541,114.0,C. Castellano,Spain,41.766584,-0.200689,8_-1,11.619299999999999,38.83070000000001,49.55,2.4395898527253785,1.1726283899605092,0.10996582356616058,11.215935766263447,5,4,LOAM,0.00955,-2.0199966284162536,0.5574987207696191,0.3108048236597618,0.8849170532941959,1.1849947635635665,0.9895641955700559,1.360068222096942,-0.9587422688678722,11.215935766263447,2.3212493082771886,4.264456550738857
3542,114.0,C. Castellano,Spain,41.766584,-0.200689,8_-1,17.76641,36.60359,45.63,2.1996181354790414,1.1756557065019988,0.07793352903479787,13.675263291942453,5,5,LOAM,0.00263,-2.580044251510242,0.556356337169057,0.3095323739081694,0.8749647426501435,1.2073649662256494,0.9737368065078308,1.22377148902575,-1.1082756573212222,13.675263291942453,2.0172705200285823,2.568329786377777
3543,114.0,C. Castellano,Spain,41.766584,-0.200689,8_-1,19.619809999999998,34.75019,45.63,1.9255754669509486,1.343788431111132,0.07336674079683285,14.54316355718645,5,5,LOAM,0.00759,-2.1197582241045194,0.49291002599579914,0.2429602937271794,0.4657285996493635,1.2339670200885375,1.088998659797824,0.9491354534716652,-1.1345007733525136,14.54316355718645,1.6909626428897053,2.32571059556642
3544,114.0,C. Castellano,Spain,41.766584,-0.200689,8_-1,19.280019999999997,30.999980000000008,49.72,2.2539179449184576,1.2722490565019728,0.08621311970628068,14.96888645433604,5,5,LOAM,0.00501,-2.300162274132754,0.5199060164143499,0.2703022659038382,0.6097081530045757,1.2022295089896684,1.0582414147953727,1.1718255000673734,-1.0644266392509265,14.96888645433604,1.9481000054482598,2.5788354991333002
3545,114.0,C. Castellano,Spain,41.766584,-0.200689,8_-1,19.774259999999998,40.66574,39.56,3.2773322830425844,1.2615985157918215,0.05840523072352346,13.528652512152977,5,1,LOAM,0.00251,-2.600326278518962,0.5239250883804447,0.2744974982344568,0.6345370644032572,1.1130037280150997,1.1335078976255737,1.7170766060451708,-1.2335482560959063,13.528652512152977,1.627191764381523,2.000580552698306
3546,114.0,C. Castellano,Spain,41.766584,-0.200689,8_-1,5.10151,24.178489999999996,70.72,3.2804396611336037,1.1631595665135415,0.2960077672105451,7.7127005719716815,5,4,SANDY LOAM,0.000832,-3.079876673709276,0.5610718616930033,0.3148016339836526,0.9167873683218768,1.112752976052441,1.0452989940677768,1.8405623878437958,-0.5286968929531486,7.7127005719716815,3.196706116475468,13.862562260977631
3547,114.0,C. Castellano,Spain,41.766584,-0.200689,8_-1,9.898727000000001,29.001272999999998,61.1,1.9800670731562187,1.305917211168974,0.17779214323891815,10.667660720915476,5,4,SANDY LOAM,0.00178,-2.749579997691106,0.5072010523890664,0.2572529075445765,0.5372802722922916,1.2285844087762103,1.0629446392452553,1.0042921033057728,-0.7500874347233697,10.667660720915476,2.5218573066233256,6.172510869326934
3548,114.0,C. Castellano,Spain,41.766584,-0.200689,8_-1,0.6842399999999995,16.305759999999992,83.01,2.2033307726037137,1.235071439825711,0.5369378739524836,4.27739353349398,5,4,LOAMY SAND,0.00145,-2.838631997765025,0.5339353057261468,0.28508691070087383,0.7007667810848623,1.2070124430462426,1.0232466508039084,1.1764360896859911,-0.27007596115420257,4.27739353349398,3.5972528657012584,83.01
3549,114.0,C. Castellano,Spain,41.766584,-0.200689,8_-1,13.44181,41.00819,45.55,1.636047661307822,1.4816105939407715,0.0894622217936926,11.699842809620188,5,6,LOAM,0.0119,-1.9244530386074692,0.4409016626638598,0.194394276139756,0.27418823014455496,1.2633760936839418,1.172739140266988,0.7213361340679381,-1.0483603203288132,11.699842809620188,1.6331594491022194,3.38868054227816
3550,114.0,C. Castellano,Spain,41.766584,-0.200689,8_-1,10.63082,29.669179999999997,59.7,2.5016936580801508,1.4893125224452541,0.16489714529942429,11.060537300282968,5,6,SANDY LOAM,0.000624,-3.204815410317576,0.4379952745489607,0.19183986052721946,0.26602860712540305,1.1793398175518817,1.2628357834443558,1.0957300006082094,-0.7827868627996232,11.060537300282968,2.1511858964869477,5.615747421177295
3551,114.0,C. Castellano,Spain,41.766584,-0.200689,8_-1,18.63133,39.928670000000004,41.44,1.4428226338901446,1.5947854095013834,0.06495670825893617,13.3968815057625,5,6,LOAM,0.00427,-2.369572124974976,0.39819418509381754,0.1585586090425294,0.17432994029803614,1.2837956733558045,1.2422423930847661,0.5745235829368016,-1.1873759914824298,13.3968815057625,1.1584512799754934,2.22421050993139
3552,114.0,C. Castellano,Spain,41.766584,-0.200689,8_-1,6.275330000000001,30.324669999999998,63.4,1.4434646975817051,1.5159607404749613,0.21771328412248214,8.75991241570559,5,6,SANDY LOAM,0.00211,-2.6757175447023074,0.42793934321699567,0.18313208147299362,0.2394762708517481,1.2837267285645482,1.180906112448165,0.6177153346400341,-0.6621150709815137,8.75991241570559,2.346863626199213,10.103054341365313
3553,114.0,C. Castellano,Spain,41.766584,-0.200689,8_-1,7.325589999999999,26.94440999999999,65.73,3.783670783825566,1.1452695108407709,0.22919493558177859,9.178924426198174,5,4,SANDY LOAM,0.001,-3.0,0.5678228260978223,0.32242276183771773,0.9802004334246206,1.073582701095017,1.0667734396918243,2.1484546374955955,-0.6397949830100035,9.178924426198174,3.003556205705503,8.972656127356297
3554,114.0,C. Castellano,Spain,41.766584,-0.200689,8_-1,7.07847,25.97153,66.95,3.310218313087411,1.3453399341500005,0.2416405721893279,8.984439642682633,5,4,SANDY LOAM,0.00266,-2.575118363368933,0.49232455315094314,0.24238346563527585,0.46300125337850034,1.1103556849312717,1.2116297078564278,1.6297017518228285,-0.6168301445599628,8.984439642682633,2.723753159079477,9.458258634987505
3555,114.0,C. Castellano,Spain,41.766584,-0.200689,8_-1,12.082649999999997,31.02735,56.89,2.2176648735262994,1.112557794113077,0.1418500653149253,11.783312755860786,5,1,SANDY LOAM,0.00224,-2.6497519816658373,0.5801668701460087,0.33659359721501564,1.1079122451162149,1.2056533177088886,0.9227841683605021,1.2866156887064972,-0.8481704598969966,11.783312755860786,2.63999572412276,4.708404199409899
3556,114.0,C. Castellano,Spain,41.766584,-0.200689,8_-1,15.3261,31.5839,53.09,1.8560312890654171,1.218082582128459,0.11099337758187952,13.278145627316619,5,1,SANDY LOAM,0.00275,-2.560667306169737,0.5403461954232229,0.29197401090835184,0.7467144842535779,1.2409053965727923,0.9816079336044741,1.0028994456329583,-0.9547029326137525,13.278145627316619,2.2555799918405786,3.4640254206875856
3557,114.0,C. Castellano,Spain,41.766584,-0.200689,8_-1,5.10151,18.948489999999993,75.95,3.0248408255939716,1.1084948630365532,0.35872435146603404,7.219457270943817,5,1,LOAMY SAND,0.0145,-1.8386319977650252,0.5817000516843196,0.3383749501295401,1.124920122079032,1.133763405466258,0.9777126847560288,1.7595500645848532,-0.44523914089203265,7.219457270943817,3.4524746850454235,14.887748921397781
3558,114.0,C. Castellano,Spain,41.766584,-0.200689,8_-1,21.936559999999997,56.16344000000001,21.9,2.497985948269944,1.2094478775199495,0.02844763937258433,9.946453724355445,5,4,SILTY LOAM,0.000891,-3.050122295963125,0.5436045745207738,0.29550593343991155,0.7711995059354789,1.1796759127191019,1.0252374101054793,1.3579165885681546,-1.54595376617562,9.946453724355445,1.0870904918280682,0.9983333758802657
3559,114.0,C. Castellano,Spain,41.766584,-0.200689,8_-1,22.091009999999997,50.858990000000006,27.05,2.9585160312212815,0.9675740706191378,0.03420124842759131,11.398465143062545,5,4,SILTY LOAM,0.00437,-2.359518563029578,0.6348777092003253,0.40306970563945277,1.9195239809971651,1.1393456480224413,0.8492366406090663,1.8782958805342052,-1.4659580408643822,11.398465143062545,1.6431087419991135,1.2244800034041
3560,114.0,C. Castellano,Spain,41.766584,-0.200689,8_-1,38.709830000000004,46.20017,15.09,0.866299967436321,1.3854759418064058,0.012824437445143251,10.765256468867209,5,6,SILTY CLAY LOAM,0.0123,-1.9100948885606022,0.4771788898843752,0.22769969295128464,0.39750027884289246,1.3488428587663128,1.0271588960878648,0.413380056768134,-1.8919616764951719,10.765256468867209,0.10724536616865175,0.38982346344584823
3561,114.0,C. Castellano,Spain,41.766584,-0.200689,8_-1,20.79363,47.62637,31.58,0.8951764417812679,1.360025193105173,0.04213927300437239,12.152494323540154,5,6,LOAM,0.00266,-2.575118363368933,0.48678294599804794,0.23695763651453847,0.43792920157831716,1.345428407053103,1.0108491733752236,0.4357566255183356,-1.3753129612033088,12.152494323540154,1.182609264475167,1.5187343431618239
3562,114.0,C. Castellano,Spain,41.766584,-0.200689,8_-1,17.02505,34.36494999999999,48.61,3.03357219401963,1.5368629308615147,0.0890774455738282,13.707534136341557,5,1,LOAM,0.00335,-2.474955192963155,0.420051724203202,0.17644345100608289,0.22035849214071182,1.1330325996202886,1.3564154565160447,1.2742572305928361,-1.0502322454895614,13.707534136341557,1.5344965824740686,2.8552045368442385
3563,114.0,C. Castellano,Spain,41.766584,-0.200689,8_-1,13.163799999999998,32.306200000000004,54.53,3.2663438902983764,1.5548313562939975,0.12556593750451903,12.25472270647873,5,1,SANDY LOAM,0.00813,-2.089909454405932,0.4132711863041518,0.17079307342924097,0.20503620152497193,1.1138913508827708,1.3958554890131583,1.3498858144209283,-0.9011281564597178,12.25472270647873,1.8014055161587208,4.14242088150838
3564,114.0,C. Castellano,Spain,41.766584,-0.200689,8_-1,14.893639999999998,34.126360000000005,50.98,3.2983491916532253,1.4248940374273578,0.10417078219880527,12.894831190118165,5,1,LOAM,0.00166,-2.779891911959945,0.46230413681986493,0.2137251149207604,0.3417511215617013,1.1113099538000513,1.282175177640609,1.5248404759777436,-0.9822540747907,12.894831190118165,1.8610330804447799,3.4229375760391685
3565,114.0,C. Castellano,Spain,41.766584,-0.200689,8_-1,8.56119,25.548810000000003,65.89,2.741440319355231,1.7735644582926269,0.22144955256152532,9.814277727188104,5,1,SANDY LOAM,0.00759,-2.1197582241045194,0.33073039309712193,0.1093825929181768,0.08076442676100268,1.1580065488684004,1.5315668637847923,0.906677634472655,-0.6547251928696576,9.814277727188104,1.889601010715468,7.696359968649219
3566,114.0,C. Castellano,Spain,41.766584,-0.200689,8_-1,6.213550000000001,23.846450000000004,69.94,3.172414087881695,1.443635245224974,0.27740940662041685,8.337244770960403,5,1,SANDY LOAM,0.011,-1.958607314841775,0.45523198293397205,0.2072361582859962,0.31788870279078746,1.121537006051287,1.2871935900784337,1.4441843559140524,-0.5568788166078069,8.337244770960403,2.6803487424188397,11.256045255932598
3567,114.0,C. Castellano,Spain,41.766584,-0.200689,8_-1,16.22191,38.65809,45.12,2.520848102880864,1.27530016115331,0.08043411327259443,12.896846432935309,5,1,LOAM,0.00589,-2.2298847052128985,0.5187546561685623,0.26910639329656333,0.6027718222915331,1.1776065579943458,1.0829594591638076,1.3077016908631351,-1.0945597216006602,12.896846432935309,1.8828647805118297,2.7814233958886465
3568,114.0,C. Castellano,Spain,41.766584,-0.200689,8_-1,15.604109999999999,37.40589,46.99,2.0988814220756264,1.3576476010403584,0.08790680958360042,12.842277843507206,5,1,LOAM,0.00168,-2.774690718274137,0.48768015055080816,0.2378319292412589,0.4418988516216252,1.2170093642534199,1.1155605214863846,1.0235828079061358,-1.0559774815811245,12.842277843507206,1.825199191297587,3.011386102763952
3569,114.0,C. Castellano,Spain,41.766584,-0.200689,8_-1,16.407249999999998,43.30275,40.29,1.4519500528735174,1.3564880397483607,0.06694883387475317,12.271764324028489,5,1,LOAM,0.00335,-2.474955192963155,0.4881177208496752,0.23825890940748143,0.4438472509708722,1.282816266339734,1.0574297156512014,0.7087225505961867,-1.1742569831952212,12.271764324028489,1.5905508494841685,2.4556217525788906
3570,114.0,C. Castellano,Spain,41.766584,-0.200689,8_-1,10.81616,30.613839999999996,58.57,3.4117385622244343,1.2875146938668771,0.15723841042733108,11.154088343981282,5,1,SANDY LOAM,0.00335,-2.474955192963155,0.5141453985408011,0.2643454908406792,0.5757649448795105,1.102259998092029,1.1680680566250405,1.7541296827919015,-0.8034413552496089,11.154088343981282,2.445193790588474,5.415045635419594
3571,114.0,C. Castellano,Spain,41.766584,-0.200689,8_-1,11.58841,32.35159,56.06,3.3314368029802837,1.3921637528649666,0.13982285805020703,11.508450689504823,5,1,SANDY LOAM,0.00646,-2.1897674820049158,0.47465518759812575,0.22529754711381195,0.3874768843337668,1.1086538109255075,1.2557245004216278,1.5812837606899068,-0.8544218249165797,11.508450689504823,2.1712334306361107,4.837592042394082
3572,114.0,C. Castellano,Spain,41.766584,-0.200689,8_-1,23.172159999999998,48.817840000000004,28.01,3.6802955722710538,1.083868625711644,0.03420291961916699,11.979257843174604,5,1,LOAM,0.00631,-2.1999706407558657,0.5909929714295683,0.34927269227915053,1.2339154593230737,1.081402473862289,1.0022805124909204,2.1750288159955535,-1.465936820248727,11.979257843174604,1.4512430464116415,1.2087781199508376
3573,114.0,C. Castellano,Spain,41.766584,-0.200689,8_-1,17.51929,47.050709999999995,35.43,3.3716324113506344,1.3916289392773238,0.05400754946007347,11.841025580182619,5,1,LOAM,0.00299,-2.5243288116755704,0.47485700404629294,0.22548917429182108,0.3882696010116065,1.105444097906457,1.2588867604547866,1.6010432655993407,-1.2675455279606542,11.841025580182619,1.3458736150307686,2.022342229622319
3574,114.0,C. Castellano,Spain,41.766584,-0.200689,8_-1,12.391549999999999,23.53845000000001,64.07,3.1420638009423203,1.3517949180951756,0.1828241548984017,11.967321582921894,5,6,SANDY LOAM,0.00282,-2.549750891680639,0.4898887101527639,0.23999094833513873,0.4518168483341151,1.1240299306519659,1.2026324933457069,1.539261582661324,-0.7379664254180541,11.967321582921894,2.4708608524847215,5.1704589014287965
3575,114.0,C. Castellano,Spain,41.766584,-0.200689,8_-1,5.255960000000001,15.734039999999993,79.01,1.787280871619315,1.3852382666638228,0.3993975519573498,6.955693258673031,5,6,LOAMY SAND,0.00211,-2.6757175447023074,0.47726857861742533,0.2277852961354975,0.39786095141920413,1.247841704537934,1.110107365081828,0.8530130011878635,-0.3985946013948924,6.955693258673031,3.0943733955638284,15.032458390094291
3576,114.0,C. Castellano,Spain,41.766584,-0.200689,8_-1,14.02872,40.75128,45.22,2.694795160437741,1.4545174182370681,0.0867099793681782,11.924682990856905,5,6,LOAM,0.00237,-2.625251653989896,0.45112550255204975,0.20351421905283945,0.3047516261388678,1.1620964671577994,1.2516322520061163,1.2156908210273074,-1.061930917112878,11.924682990856905,1.651915478956375,3.223387450886467
3577,114.0,C. Castellano,Spain,41.766584,-0.200689,8_-1,10.908829999999998,27.321169999999995,61.77,2.4943189358644595,1.5676797536704743,0.17632399026844395,11.192051823782545,5,1,SANDY LOAM,0.00204,-2.6903698325741012,0.4084227344639719,0.16680913002702813,0.1946734721120259,1.1800085072377329,1.3285325860406179,1.0187365604110272,-0.7536885944937028,11.192051823782545,2.0737608673617243,5.662385425384758
3578,114.0,C. Castellano,Spain,41.766584,-0.200689,8_-1,10.383700000000001,26.5663,63.05,2.689173057904439,1.5294197911636682,0.1880041611227903,10.887261673541282,5,1,SANDY LOAM,0.0115,-1.9393021596463882,0.4228604561646535,0.17881096538777885,0.22700193445237768,1.1625913733605338,1.3155265265239298,1.137144945971167,-0.7258325383285158,10.887261673541282,2.1961957630109676,6.072016718510742
3579,114.0,C. Castellano,Spain,41.766584,-0.200689,8_-1,12.020869999999999,31.109130000000007,56.87,3.1738739636177122,1.5943063284719896,0.14203146299931715,11.7508641995569,5,1,SANDY LOAM,0.00224,-2.6497519816658373,0.39837497038792846,0.15870261703158287,0.17467242130784885,1.1214173728741887,1.4216886299752858,1.2643919462712232,-0.8476154394661047,11.7508641995569,1.838824743056819,4.730938775646023
3580,114.0,C. Castellano,Spain,41.766584,-0.200689,8_-1,6.213550000000001,21.126450000000006,72.66,1.343011549578944,1.3937853821291237,0.30656713658249385,8.11092438031676,5,4,SANDY LOAM,0.00234,-2.630784142589857,0.4740432520267458,0.22471700479209283,0.3850825539950622,1.2946042013453731,1.0766111995316252,0.6366455624718818,-0.5134744025339569,8.11092438031676,2.8504363199823395,11.693798231284852
3581,114.0,C. Castellano,Spain,41.766584,-0.200689,8_-1,25.42713,47.76287000000001,26.81,1.2825243205670942,1.5032883354602924,0.030409336825069924,12.290421079555342,5,4,LOAM,0.00575,-2.2403321553103694,0.4327213828451727,0.18724779517143852,0.2517863844202442,1.3012433759654907,1.15527069203706,0.5549756975283585,-1.5169930509625162,12.290421079555342,0.6588774211218926,1.0543856109596326
3582,114.0,C. Castellano,Spain,41.766584,-0.200689,8_-1,7.10936,26.90064000000001,65.99,2.4827626772432234,1.0758834559707062,0.2330309282889885,9.054395447677383,5,4,SANDY LOAM,0.00841,-2.075204004202088,0.5940062430299222,0.35284341675852304,1.2715525628482762,1.18105787671861,0.9109489697150872,1.4747765302441584,-0.6325864347943921,9.054395447677383,3.130992729469961,9.282129474383067
3583,114.0,C. Castellano,Spain,41.766584,-0.200689,8_-1,15.974789999999999,45.66521,38.36,2.043262073648585,1.304420696431496,0.06325053824017153,11.7828793336024,5,4,LOAM,0.0794,-1.1001794975729038,0.507765774931511,0.25782608219179787,0.5403145467766118,1.2224005988320703,1.067097560061563,1.03749855021434,-1.198935774440811,11.7828793336024,1.626606392748044,2.4012835223499027
3584,114.0,C. Castellano,Spain,41.766584,-0.200689,8_-1,15.048089999999998,40.101910000000004,44.85,1.6786526369421115,1.3594448418725695,0.08274485364820837,12.33492912895917,5,4,LOAM,0.0115,-1.9393021596463882,0.4870019464631813,0.23717089585892728,0.4388950234665668,1.2589607954835076,1.0798150718827355,0.8175071016263603,-1.0822590078445458,12.33492912895917,1.769673922327591,2.980444694310042
3585,114.0,C. Castellano,Spain,41.766584,-0.200689,8_-1,11.34129,34.178709999999995,54.48,1.6131891604774848,1.5076391707680497,0.1330031721353558,11.335385884182555,5,4,SANDY LOAM,0.00204,-2.6903698325741012,0.43107955820073596,0.1858295854985417,0.2474965845380006,1.2657577871465768,1.1910961054932563,0.6954128705928503,-0.8761380009543253,11.335385884182555,1.933124489635117,4.803686353139722
3586,114.0,C. Castellano,Spain,41.766584,-0.200689,8_-1,7.85072,30.479280000000003,61.67,2.5970392065954653,1.5752779606282932,0.19408282117338133,9.606194317257739,5,4,SANDY LOAM,0.0075,-2.1249387366083,0.405555486555361,0.1644752526751556,0.18876792302608977,1.1707622734304162,1.3455147952561004,1.0532434990341726,-0.7120129035594936,9.606194317257739,2.1437336717905113,7.8553304665049835
3587,114.0,C. Castellano,Spain,41.766584,-0.200689,8_-1,16.90149,46.00851,37.09,2.6976651551033317,1.1985442473120322,0.05857140419672692,11.921066584948987,5,4,LOAM,0.00437,-2.359518563029578,0.5477191519577237,0.29999626942128804,0.8032623020647764,1.161843987761252,1.031587941184339,1.477562871019098,-1.2323143640277028,11.921066584948987,1.7320599390072593,2.194481078295464
3588,114.0,C. Castellano,Spain,41.766584,-0.200689,8_-1,3.98947,22.100530000000006,73.91,1.1192093003557457,1.5195986553937049,0.34509813969918157,6.8735669913435675,5,4,SANDY LOAM,0.0107,-1.9706162223147903,0.426566545134451,0.18195901742794166,0.2360447367727058,1.3195140059851371,1.1516351084573644,0.47741724453509654,-0.46205738182864564,6.8735669913435675,2.7407108390130497,18.52627040684602
3589,114.0,C. Castellano,Spain,41.766584,-0.200689,8_-1,2.8156499999999998,17.014349999999993,80.17,2.6921022224945976,1.8907888756824693,0.45127974437649565,5.615181898984897,5,4,LOAMY SAND,0.00501,-2.300162274132754,0.2864947638934078,0.08207924973833947,0.046190827000378465,1.1623334703133352,1.6267180839013105,0.771273190610508,-0.34555415928494254,5.615181898984897,2.2652787008656072,28.472999129863446
3590,114.0,C. Castellano,Spain,41.766584,-0.200689,8_-1,26.07582,52.95418,20.97,1.7302975259975883,1.364556645893541,0.02402350264827357,10.64325667954327,5,4,SILTY LOAM,0.00457,-2.3400837999301496,0.4850729638137581,0.23529578022306347,0.4304570429453399,1.253649864335688,1.088467110883965,0.8393205492152633,-1.619363671790852,10.64325667954327,0.6870337558748041,0.8041933101240919
3591,114.0,C. Castellano,Spain,41.766584,-0.200689,8_-1,10.04391,36.636089999999996,53.32,1.317106580083094,1.2695796443021026,0.13295628576584984,10.663035432650021,5,4,SANDY LOAM,0.00661,-2.17979854051436,0.5209133417727915,0.27135070963689706,0.6158405608184109,1.2974392596228588,0.9785272296069918,0.6860983901020172,-0.8762911257345046,10.663035432650021,2.328717319286919,5.308689544211368
3592,114.0,C. Castellano,Spain,41.766584,-0.200689,8_-1,15.295209999999997,47.78479,36.92,4.9563185005462485,0.9331825703697212,0.061334000724500876,11.281117852243707,5,4,LOAM,0.0102,-1.9913998282380825,0.6478556338227467,0.4197169222758729,2.1927707532181593,0.9921956619303345,0.9405227276988872,3.2109788635987955,-1.2122987060135326,11.281117852243707,2.208227099514036,2.4138275970058607
3593,114.0,C. Castellano,Spain,41.766584,-0.200689,8_-1,15.665889999999997,46.424110000000006,37.91,4.144449504532825,0.9896638844289652,0.0628426081042129,11.587799283262026,5,4,LOAM,0.00479,-2.319664486585437,0.6265419304041641,0.39255479055457637,1.7634645206061852,1.0471560171937375,0.9450968797191799,2.5966713930325773,-1.2017457990973233,11.587799283262026,2.1347064097769333,2.4199071996547916
3594,114.0,C. Castellano,Spain,41.766584,-0.200689,8_-1,15.57322,43.516780000000004,40.91,4.631554773703863,1.1698639300890241,0.07037817036810447,12.024103043057488,5,4,LOAM,0.0112,-1.9507819773298183,0.5585419131739531,0.31196906877201974,0.8941046451522404,1.0134737300293706,1.154311054569832,2.586917464274511,-1.1525620277731305,12.024103043057488,1.9380955771477582,2.626945487188905
3595,114.0,C. Castellano,Spain,41.766584,-0.200689,8_-1,19.06379,45.496210000000005,35.44,5.9682607015947,1.3141591117449323,0.051375940319983916,12.414055192006789,5,4,LOAM,0.0309,-1.5100415205751654,0.5040909012283274,0.25410763670118736,0.5208616979472533,0.9312722059765274,1.4111439204468812,3.008545915832482,-1.2892402162683216,12.414055192006789,1.4300732713314854,1.8590217370208126
3596,114.0,C. Castellano,Spain,41.766584,-0.200689,8_-1,20.11405,55.35595,24.53,1.8680047652665033,1.2512078367213313,0.03325083096910598,10.18444404572643,5,4,SILTY LOAM,0.00282,-2.549750891680639,0.527846099350441,0.27862150459947566,0.6597126107093486,1.2397052556931552,1.0092784804899007,0.98601902891396,-1.478197496803346,10.18444404572643,1.1547910738041645,1.219545541549315
3597,114.0,C. Castellano,Spain,41.766584,-0.200689,8_-1,11.40307,39.04693,49.55,2.0052075621972976,1.4414759573496267,0.1107432661487234,11.115697738032214,5,4,LOAM,0.00759,-2.1197582241045194,0.4560468085473106,0.20797869158618737,0.3205569551174832,1.226116861715698,1.175643205275375,0.9144685092150104,-0.955682671997555,11.115697738032214,1.886371141717768,4.345321040737275
3598,115.0,D. J. Reinert,Brasil,-29.720686,-53.704893,-6_-11,11.2,21.9,66.9,0.78,1.57,0.2108887580228964,11.20627472549781,1,6,SANDY LOAM,19.876868006026957,1.2983479537605882,0.40754716981132066,0.16609469562121745,0.19285286172579985,1.359151339520114,1.1551325848336595,0.31788679245283014,-0.6759465708472947,11.20627472549781,2.225164227523687,5.9732142857142865
3599,115.0,D. J. Reinert,Brasil,-29.720686,-53.704893,-6_-11,11.2,21.9,66.9,0.78,1.57,0.2108887580228964,11.20627472549781,1,1,SANDY LOAM,17.005764463052614,1.2305961596220478,0.40754716981132066,0.16609469562121745,0.19285286172579985,1.359151339520114,1.1551325848336595,0.31788679245283014,-0.6759465708472947,11.20627472549781,2.225164227523687,5.9732142857142865
3600,115.0,D. J. Reinert,Brasil,-29.720686,-53.704893,-6_-11,11.2,21.9,66.9,0.83,1.54,0.2108887580228964,11.20627472549781,1,3,SANDY LOAM,69.59398881395035,1.8425717290117938,0.4188679245283019,0.17545033819864722,0.21761138885618186,1.353159754139876,1.1380770047945206,0.3476603773584906,-0.6759465708472947,11.20627472549781,2.277619760568352,5.9732142857142865
3601,115.0,D. J. Reinert,Brasil,-29.720686,-53.704893,-6_-11,11.2,21.9,66.9,0.86,1.59,0.2108887580228964,11.20627472549781,1,1,SANDY LOAM,23.15580590337166,1.3646599005662148,0.3999999999999999,0.15999999999999992,0.17777777777777762,1.3495900923818187,1.1781355012720158,0.3439999999999999,-0.6759465708472947,11.20627472549781,2.189815613034713,5.9732142857142865
3602,115.0,D. J. Reinert,Brasil,-29.720686,-53.704893,-6_-11,11.2,21.9,66.9,0.88,1.6,0.2108887580228964,11.20627472549781,1,2,SANDY LOAM,24.64043083983057,1.3916482972312338,0.39622641509433953,0.15699537201851185,0.17064047759433945,1.347220762659828,1.1876301526418789,0.3486792452830188,-0.6759465708472947,11.20627472549781,2.1720201977792697,5.9732142857142865
3603,115.0,D. J. Reinert,Brasil,-29.720686,-53.704893,-6_-11,11.2,21.9,66.9,0.77,1.59,0.2108887580228964,11.20627472549781,1,1,SANDY LOAM,5.379093000972335,0.730709053012081,0.3999999999999999,0.15999999999999992,0.17777777777777762,1.360356029398412,1.1688116681506848,0.30799999999999994,-0.6759465708472947,11.20627472549781,2.189815613034713,5.9732142857142865
3604,115.0,D. J. Reinert,Brasil,-29.720686,-53.704893,-6_-11,11.2,21.9,66.9,0.69,1.65,0.2108887580228964,11.20627472549781,1,3,SANDY LOAM,2.4383779307325186,0.38710101896541993,0.37735849056603776,0.1423994304022784,0.13860734272398084,1.3700709777871478,1.2043171680528375,0.26037735849056604,-0.6759465708472947,11.20627472549781,2.0817243774534933,5.9732142857142865
3605,115.0,D. J. Reinert,Brasil,-29.720686,-53.704893,-6_-11,11.2,21.9,66.9,0.65,1.62,0.2108887580228964,11.20627472549781,1,1,SANDY LOAM,32.561154161880424,1.5126997904816664,0.3886792452830188,0.1510715557137771,0.1571215559063993,1.3749806727429286,1.1781983791585129,0.25264150943396224,-0.6759465708472947,11.20627472549781,2.13617391091156,5.9732142857142865
3606,115.0,D. J. Reinert,Brasil,-29.720686,-53.704893,-6_-11,11.2,21.9,66.9,0.64,1.65,0.2108887580228964,11.20627472549781,1,6,SANDY LOAM,10.608540943375592,1.025655656868888,0.37735849056603776,0.1423994304022784,0.13860734272398084,1.3762135995542681,1.198941792563601,0.24150943396226418,-0.6759465708472947,11.20627472549781,2.0817243774534933,5.9732142857142865
3607,115.0,D. J. Reinert,Brasil,-29.720686,-53.704893,-6_-11,11.2,21.9,66.9,0.64,1.61,0.2108887580228964,11.20627472549781,1,1,SANDY LOAM,15.2779526743079,1.1840651604030916,0.39245283018867916,0.15401922392310424,0.16375794958993675,1.3762135995542681,1.1698765369863016,0.25116981132075467,-0.6759465708472947,11.20627472549781,2.1541405317139466,5.9732142857142865
3608,115.0,D. J. Reinert,Brasil,-29.720686,-53.704893,-6_-11,11.2,21.9,66.9,0.78,1.6,0.2108887580228964,11.20627472549781,1,2,SANDY LOAM,47.45518358587464,1.6762836578547042,0.39622641509433953,0.15699537201851185,0.17064047759433945,1.359151339520114,1.177205181996086,0.30905660377358485,-0.6759465708472947,11.20627472549781,2.1720201977792697,5.9732142857142865
3609,115.0,D. J. Reinert,Brasil,-29.720686,-53.704893,-6_-11,11.2,21.9,66.9,0.67,1.68,0.2108887580228964,11.20627472549781,1,2,SANDY LOAM,4.339080497548114,0.6373977071277529,0.36603773584905663,0.13398362406550376,0.12202554764043988,1.3725214346182257,1.2240246000000001,0.24524528301886797,-0.6759465708472947,11.20627472549781,2.0263889052283144,5.9732142857142865
3610,115.0,D. J. Reinert,Brasil,-29.720686,-53.704893,-6_-11,11.2,21.9,66.9,0.73,1.65,0.2108887580228964,11.20627472549781,1,1,SANDY LOAM,27.589270143137007,1.4407402116426216,0.37735849056603776,0.1423994304022784,0.13860734272398084,1.365196220541091,1.2086174684442268,0.27547169811320754,-0.6759465708472947,11.20627472549781,2.0817243774534933,5.9732142857142865
3611,115.0,D. J. Reinert,Brasil,-29.720686,-53.704893,-6_-11,11.2,21.9,66.9,0.65,1.6,0.2108887580228964,11.20627472549781,1,3,SANDY LOAM,19.311059108079174,1.2858060931569706,0.39622641509433953,0.15699537201851185,0.17064047759433945,1.3749806727429286,1.1636527201565559,0.2575471698113207,-0.6759465708472947,11.20627472549781,2.1720201977792697,5.9732142857142865
3612,115.0,D. J. Reinert,Brasil,-29.720686,-53.704893,-6_-11,11.2,21.9,66.9,0.64,1.61,0.2108887580228964,11.20627472549781,1,1,SANDY LOAM,18.751902938086605,1.2730453463877787,0.39245283018867916,0.15401922392310424,0.16375794958993675,1.3762135995542681,1.1698765369863016,0.25116981132075467,-0.6759465708472947,11.20627472549781,2.1541405317139466,5.9732142857142865
3613,115.0,D. J. Reinert,Brasil,-29.720686,-53.704893,-6_-11,11.2,21.9,66.9,0.69,1.51,0.2108887580228964,11.20627472549781,1,6,SANDY LOAM,57.18473346440655,1.7572801012211434,0.43018867924528303,0.18506229975080102,0.24519679292450766,1.3700709777871478,1.1021326810665362,0.29683018867924527,-0.6759465708472947,11.20627472549781,2.3294529253043845,5.9732142857142865
3614,115.0,D. J. Reinert,Brasil,-29.720686,-53.704893,-6_-11,11.2,21.9,66.9,0.61,1.6,0.2108887580228964,11.20627472549781,1,1,SANDY LOAM,111.3922927115512,2.0468551428247888,0.39622641509433953,0.15699537201851185,0.17064047759433945,1.3799256823605917,1.1594827318982388,0.2416981132075471,-0.6759465708472947,11.20627472549781,2.1720201977792697,5.9732142857142865
3615,115.0,D. J. Reinert,Brasil,-29.720686,-53.704893,-6_-11,11.2,21.9,66.9,0.63,1.6,0.2108887580228964,11.20627472549781,1,1,SANDY LOAM,24.431659207343916,1.3879529618618938,0.39622641509433953,0.15699537201851185,0.17064047759433945,1.3774487394480703,1.1615677260273973,0.24962264150943392,-0.6759465708472947,11.20627472549781,2.1720201977792697,5.9732142857142865
3616,115.0,D. J. Reinert,Brasil,-29.720686,-53.704893,-6_-11,11.2,21.9,66.9,0.74,1.64,0.2108887580228964,11.20627472549781,1,3,SANDY LOAM,18.259822559726686,1.2614965529515119,0.38113207547169814,0.1452616589533642,0.1445541456680099,1.3639829465829978,1.2023610735812134,0.2820377358490566,-0.6759465708472947,11.20627472549781,2.0999686911338378,5.9732142857142865
3617,115.0,D. J. Reinert,Brasil,-29.720686,-53.704893,-6_-11,11.2,21.9,66.9,0.66,1.6,0.2108887580228964,11.20627472549781,1,1,SANDY LOAM,6.93450634339598,0.8410155497683481,0.39622641509433953,0.15699537201851185,0.17064047759433945,1.3737499530713844,1.1646952172211351,0.2615094339622641,-0.6759465708472947,11.20627472549781,2.1720201977792697,5.9732142857142865
3618,115.0,D. J. Reinert,Brasil,-29.720686,-53.704893,-6_-11,11.2,21.9,66.9,0.79,1.57,0.2108887580228964,11.20627472549781,1,6,SANDY LOAM,63.07912869582456,1.7998856858425207,0.40754716981132066,0.16609469562121745,0.19285286172579985,1.357948781427321,1.1561555350782782,0.32196226415094337,-0.6759465708472947,11.20627472549781,2.225164227523687,5.9732142857142865
3619,115.0,D. J. Reinert,Brasil,-29.720686,-53.704893,-6_-11,11.2,21.9,66.9,0.62,1.61,0.2108887580228964,11.20627472549781,1,1,SANDY LOAM,43.38909172685342,1.6373805590449937,0.39245283018867916,0.15401922392310424,0.16375794958993675,1.378686098388355,1.1677785116438357,0.24332075471698109,-0.6759465708472947,11.20627472549781,2.1541405317139466,5.9732142857142865
3620,115.0,D. J. Reinert,Brasil,-29.720686,-53.704893,-6_-11,11.2,21.9,66.9,0.69,1.62,0.2108887580228964,11.20627472549781,1,2,SANDY LOAM,30.63222983500295,1.486178611882954,0.3886792452830188,0.1510715557137771,0.1571215559063993,1.3700709777871478,1.1824204922700587,0.26818867924528295,-0.6759465708472947,11.20627472549781,2.13617391091156,5.9732142857142865
3621,115.0,D. J. Reinert,Brasil,-29.720686,-53.704893,-6_-11,11.2,21.9,66.9,0.78,1.57,0.2108887580228964,11.20627472549781,3,6,SANDY LOAM,19.876868006026957,1.2983479537605882,0.40754716981132066,0.16609469562121745,0.19285286172579985,1.359151339520114,1.1551325848336595,0.31788679245283014,-0.6759465708472947,11.20627472549781,2.225164227523687,5.9732142857142865
3622,115.0,D. J. Reinert,Brasil,-29.720686,-53.704893,-6_-11,11.2,21.9,66.9,0.78,1.57,0.2108887580228964,11.20627472549781,3,1,SANDY LOAM,17.005764463052614,1.2305961596220478,0.40754716981132066,0.16609469562121745,0.19285286172579985,1.359151339520114,1.1551325848336595,0.31788679245283014,-0.6759465708472947,11.20627472549781,2.225164227523687,5.9732142857142865
3623,115.0,D. J. Reinert,Brasil,-29.720686,-53.704893,-6_-11,11.2,21.9,66.9,0.83,1.54,0.2108887580228964,11.20627472549781,3,3,SANDY LOAM,69.59398881395035,1.8425717290117938,0.4188679245283019,0.17545033819864722,0.21761138885618186,1.353159754139876,1.1380770047945206,0.3476603773584906,-0.6759465708472947,11.20627472549781,2.277619760568352,5.9732142857142865
3624,115.0,D. J. Reinert,Brasil,-29.720686,-53.704893,-6_-11,11.2,21.9,66.9,0.86,1.59,0.2108887580228964,11.20627472549781,3,1,SANDY LOAM,23.15580590337166,1.3646599005662148,0.3999999999999999,0.15999999999999992,0.17777777777777762,1.3495900923818187,1.1781355012720158,0.3439999999999999,-0.6759465708472947,11.20627472549781,2.189815613034713,5.9732142857142865
3625,115.0,D. J. Reinert,Brasil,-29.720686,-53.704893,-6_-11,11.2,21.9,66.9,0.88,1.6,0.2108887580228964,11.20627472549781,3,2,SANDY LOAM,24.64043083983057,1.3916482972312338,0.39622641509433953,0.15699537201851185,0.17064047759433945,1.347220762659828,1.1876301526418789,0.3486792452830188,-0.6759465708472947,11.20627472549781,2.1720201977792697,5.9732142857142865
3626,115.0,D. J. Reinert,Brasil,-29.720686,-53.704893,-6_-11,11.2,21.9,66.9,0.77,1.59,0.2108887580228964,11.20627472549781,3,1,SANDY LOAM,5.379093000972335,0.730709053012081,0.3999999999999999,0.15999999999999992,0.17777777777777762,1.360356029398412,1.1688116681506848,0.30799999999999994,-0.6759465708472947,11.20627472549781,2.189815613034713,5.9732142857142865
3627,115.0,D. J. Reinert,Brasil,-29.720686,-53.704893,-6_-11,11.2,21.9,66.9,0.69,1.65,0.2108887580228964,11.20627472549781,3,3,SANDY LOAM,2.4383779307325186,0.38710101896541993,0.37735849056603776,0.1423994304022784,0.13860734272398084,1.3700709777871478,1.2043171680528375,0.26037735849056604,-0.6759465708472947,11.20627472549781,2.0817243774534933,5.9732142857142865
3628,115.0,D. J. Reinert,Brasil,-29.720686,-53.704893,-6_-11,11.2,21.9,66.9,0.65,1.62,0.2108887580228964,11.20627472549781,3,1,SANDY LOAM,32.561154161880424,1.5126997904816664,0.3886792452830188,0.1510715557137771,0.1571215559063993,1.3749806727429286,1.1781983791585129,0.25264150943396224,-0.6759465708472947,11.20627472549781,2.13617391091156,5.9732142857142865
3629,115.0,D. J. Reinert,Brasil,-29.720686,-53.704893,-6_-11,11.2,21.9,66.9,0.64,1.65,0.2108887580228964,11.20627472549781,3,6,SANDY LOAM,10.608540943375592,1.025655656868888,0.37735849056603776,0.1423994304022784,0.13860734272398084,1.3762135995542681,1.198941792563601,0.24150943396226418,-0.6759465708472947,11.20627472549781,2.0817243774534933,5.9732142857142865
3630,115.0,D. J. Reinert,Brasil,-29.720686,-53.704893,-6_-11,11.2,21.9,66.9,0.64,1.61,0.2108887580228964,11.20627472549781,3,1,SANDY LOAM,15.2779526743079,1.1840651604030916,0.39245283018867916,0.15401922392310424,0.16375794958993675,1.3762135995542681,1.1698765369863016,0.25116981132075467,-0.6759465708472947,11.20627472549781,2.1541405317139466,5.9732142857142865
3631,115.0,D. J. Reinert,Brasil,-29.720686,-53.704893,-6_-11,11.2,21.9,66.9,0.75,1.62,0.2108887580228964,11.20627472549781,3,1,SANDY LOAM,18.202137650075638,1.2601223943101474,0.3886792452830188,0.1510715557137771,0.1571215559063993,1.362771827226001,1.1887536619373777,0.2915094339622641,-0.6759465708472947,11.20627472549781,2.13617391091156,5.9732142857142865
3632,115.0,D. J. Reinert,Brasil,-29.720686,-53.704893,-6_-11,11.2,21.9,66.9,0.67,1.68,0.2108887580228964,11.20627472549781,3,2,SANDY LOAM,4.339080497548114,0.6373977071277529,0.36603773584905663,0.13398362406550376,0.12202554764043988,1.3725214346182257,1.2240246000000001,0.24524528301886797,-0.6759465708472947,11.20627472549781,2.0263889052283144,5.9732142857142865
3633,115.0,D. J. Reinert,Brasil,-29.720686,-53.704893,-6_-11,11.2,21.9,66.9,0.73,1.65,0.2108887580228964,11.20627472549781,3,1,SANDY LOAM,27.589270143137007,1.4407402116426216,0.37735849056603776,0.1423994304022784,0.13860734272398084,1.365196220541091,1.2086174684442268,0.27547169811320754,-0.6759465708472947,11.20627472549781,2.0817243774534933,5.9732142857142865
3634,115.0,D. J. Reinert,Brasil,-29.720686,-53.704893,-6_-11,11.2,21.9,66.9,0.65,1.6,0.2108887580228964,11.20627472549781,3,3,SANDY LOAM,19.311059108079174,1.2858060931569706,0.39622641509433953,0.15699537201851185,0.17064047759433945,1.3749806727429286,1.1636527201565559,0.2575471698113207,-0.6759465708472947,11.20627472549781,2.1720201977792697,5.9732142857142865
3635,115.0,D. J. Reinert,Brasil,-29.720686,-53.704893,-6_-11,11.2,21.9,66.9,0.64,1.61,0.2108887580228964,11.20627472549781,3,1,SANDY LOAM,18.751902938086605,1.2730453463877787,0.39245283018867916,0.15401922392310424,0.16375794958993675,1.3762135995542681,1.1698765369863016,0.25116981132075467,-0.6759465708472947,11.20627472549781,2.1541405317139466,5.9732142857142865
3636,115.0,D. J. Reinert,Brasil,-29.720686,-53.704893,-6_-11,11.2,21.9,66.9,0.69,1.51,0.2108887580228964,11.20627472549781,3,6,SANDY LOAM,57.18473346440655,1.7572801012211434,0.43018867924528303,0.18506229975080102,0.24519679292450766,1.3700709777871478,1.1021326810665362,0.29683018867924527,-0.6759465708472947,11.20627472549781,2.3294529253043845,5.9732142857142865
3637,115.0,D. J. Reinert,Brasil,-29.720686,-53.704893,-6_-11,11.2,21.9,66.9,0.61,1.6,0.2108887580228964,11.20627472549781,3,1,SANDY LOAM,111.3922927115512,2.0468551428247888,0.39622641509433953,0.15699537201851185,0.17064047759433945,1.3799256823605917,1.1594827318982388,0.2416981132075471,-0.6759465708472947,11.20627472549781,2.1720201977792697,5.9732142857142865
3638,115.0,D. J. Reinert,Brasil,-29.720686,-53.704893,-6_-11,11.2,21.9,66.9,0.63,1.6,0.2108887580228964,11.20627472549781,3,1,SANDY LOAM,24.431659207343916,1.3879529618618938,0.39622641509433953,0.15699537201851185,0.17064047759433945,1.3774487394480703,1.1615677260273973,0.24962264150943392,-0.6759465708472947,11.20627472549781,2.1720201977792697,5.9732142857142865
3639,115.0,D. J. Reinert,Brasil,-29.720686,-53.704893,-6_-11,11.2,21.9,66.9,0.74,1.64,0.2108887580228964,11.20627472549781,3,3,SANDY LOAM,18.259822559726686,1.2614965529515119,0.38113207547169814,0.1452616589533642,0.1445541456680099,1.3639829465829978,1.2023610735812134,0.2820377358490566,-0.6759465708472947,11.20627472549781,2.0999686911338378,5.9732142857142865
3640,115.0,D. J. Reinert,Brasil,-29.720686,-53.704893,-6_-11,11.2,21.9,66.9,0.66,1.6,0.2108887580228964,11.20627472549781,3,1,SANDY LOAM,6.93450634339598,0.8410155497683481,0.39622641509433953,0.15699537201851185,0.17064047759433945,1.3737499530713844,1.1646952172211351,0.2615094339622641,-0.6759465708472947,11.20627472549781,2.1720201977792697,5.9732142857142865
3641,115.0,D. J. Reinert,Brasil,-29.720686,-53.704893,-6_-11,11.2,21.9,66.9,0.79,1.57,0.2108887580228964,11.20627472549781,3,6,SANDY LOAM,63.07912869582456,1.7998856858425207,0.40754716981132066,0.16609469562121745,0.19285286172579985,1.357948781427321,1.1561555350782782,0.32196226415094337,-0.6759465708472947,11.20627472549781,2.225164227523687,5.9732142857142865
3642,115.0,D. J. Reinert,Brasil,-29.720686,-53.704893,-6_-11,11.2,21.9,66.9,0.62,1.61,0.2108887580228964,11.20627472549781,3,1,SANDY LOAM,43.38909172685342,1.6373805590449937,0.39245283018867916,0.15401922392310424,0.16375794958993675,1.378686098388355,1.1677785116438357,0.24332075471698109,-0.6759465708472947,11.20627472549781,2.1541405317139466,5.9732142857142865
3643,115.0,D. J. Reinert,Brasil,-29.720686,-53.704893,-6_-11,11.2,21.9,66.9,0.69,1.62,0.2108887580228964,11.20627472549781,3,2,SANDY LOAM,30.63222983500295,1.486178611882954,0.3886792452830188,0.1510715557137771,0.1571215559063993,1.3700709777871478,1.1824204922700587,0.26818867924528295,-0.6759465708472947,11.20627472549781,2.13617391091156,5.9732142857142865
3644,116.0,W. G. Teixeira,Brasil,-2.608917,-60.209,-1_-13,69.5,15.8,14.7,3.0,1.07,0.004635986868970694,12.524390597979046,1,4,CLAY,0.02,-1.6989700043360187,0.5962264150943396,0.35548593805624773,1.3000433423368931,1.1358477208304136,0.9420276859099804,1.788679245283019,-2.33385780280802,12.524390597979046,-0.2619264925472966,0.21151079136690645
3645,116.0,W. G. Teixeira,Brasil,-2.608917,-60.209,-1_-13,80.0,15.0,5.0,2.5,1.1,0.002305590613964681,6.146504326331796,1,3,CLAY,0.00033,-3.4814860601221125,0.5849056603773584,0.3421146315414737,1.1613519413690927,1.179493319907268,0.9326038405088063,1.4622641509433958,-2.637217804534789,6.146504326331796,-0.9176404772992591,0.0625
3646,116.0,W. G. Teixeira,Brasil,-2.608917,-60.209,-1_-13,78.0,9.0,13.0,4.3,1.0,0.0033017311252189945,11.060674725283725,1,-1,CLAY,0.0022,-2.657577319177794,0.6226415094339622,0.3876824492702029,1.695141509433962,1.0361592718740495,0.9651025929549903,2.6773584905660375,-2.481258296181696,11.060674725283725,-0.4414793521457785,0.16666666666666666
3647,116.0,W. G. Teixeira,Brasil,-2.608917,-60.209,-1_-13,74.1,9.1,16.6,4.1,1.1,0.004310649744418688,13.8408323762961,1,6,CLAY,0.0051,-2.2924298239020637,0.5849056603773584,0.3421146315414737,1.1613519413690927,1.0503414149157422,1.0472785176125246,2.398113207547169,-2.3654572636796205,13.8408323762961,-0.3741193955889225,0.2240215924426451
3648,117.0,M.R. Pahlavan Rad,iran,31.144341,61.784038,6_12,7.0,9.0,84.0,0.55,,0.45326861432081783,7.229945749771137,1,1,LOAMY SAND,0.534,-0.2724587429714435,,,,1.3874102497783045,,,-0.3436443517535369,7.229945749771137,,12.0
3649,117.0,M.R. Pahlavan Rad,iran,31.144341,61.784038,6_12,35.0,38.0,27.0,0.78,,0.022417403858916735,15.013941952522721,1,1,CLAY LOAM,0.661,-0.17979854051435976,,,,1.359151339520114,,,-1.6494146841153103,15.013941952522721,,0.7714285714285715
3650,117.0,M.R. Pahlavan Rad,iran,31.144341,61.784038,6_12,25.0,40.0,35.0,0.2,,0.041662247260422884,14.515503063170593,1,1,LOAM,1.218,0.08564728829685654,,,,1.4327412784678475,,,-1.380257307924552,14.515503063170593,,1.4
3651,117.0,M.R. Pahlavan Rad,iran,31.144341,61.784038,6_12,14.0,32.0,54.0,0.6,,0.11983463534431717,12.655116592452577,1,1,SANDY LOAM,1.036,0.01535975540921423,,,,1.3811674973717951,,,-0.9214176413377809,12.655116592452577,,3.857142857142857
3652,117.0,M.R. Pahlavan Rad,iran,31.144341,61.784038,6_12,32.0,48.0,20.0,0.86,,0.019113137322856143,11.58797156626961,1,1,SILTY CLAY LOAM,0.816,-0.08830984124613889,,,,1.3495900923818187,,,-1.718668019895653,11.58797156626961,,0.625
3653,117.0,M.R. Pahlavan Rad,iran,31.144341,61.784038,6_12,34.0,42.0,24.0,0.78,,0.020742568541425328,13.563224553954612,1,1,CLAY LOAM,1.892,0.2769211320657739,,,,1.359151339520114,,,-1.683137466158231,13.563224553954612,,0.7058823529411765
3654,117.0,M.R. Pahlavan Rad,iran,31.144341,61.784038,6_12,21.0,45.0,34.0,0.41,,0.045749264964572316,12.801247803761452,1,1,LOAM,3.07,0.4871383754771864,,,,1.405194030243529,,,-1.3396158791799293,12.801247803761452,,1.619047619047619
3655,117.0,M.R. Pahlavan Rad,iran,31.144341,61.784038,6_12,30.0,33.0,37.0,0.55,,0.038098601576452104,17.02038342533768,1,1,CLAY LOAM,0.124,-0.906578314837765,,,,1.3874102497783045,,,-1.419090964974674,17.02038342533768,,1.2333333333333334
3656,117.0,M.R. Pahlavan Rad,iran,31.144341,61.784038,6_12,14.0,57.0,29.0,0.47,,0.04782387133862937,9.419293625923554,1,1,SILTY LOAM,3.57,0.5526682161121932,,,,1.3975168900753074,,,-1.3203552706930193,9.419293625923554,,2.0714285714285716
3657,117.0,M.R. Pahlavan Rad,iran,31.144341,61.784038,6_12,33.0,43.0,24.0,0.64,,0.021429511312447993,13.323967136521288,1,1,CLAY LOAM,0.307,-0.5128616245228135,,,,1.3762135995542681,,,-1.6689877326785227,13.323967136521288,,0.7272727272727273
3746,125.0,I. Braud,France,44.684192,4.472979,8_0,30.6,43.2,26.2,3.86,0.966,0.02512338415361732,13.526739206257211,13,2,CLAY LOAM,2.2799,0.35791579857913,0.6354716981132076,0.40382427910288365,1.9311950284031063,1.0678810054971108,0.9045951702739725,2.452920754716981,-1.599921860943962,13.526739206257211,1.3778136943478763,0.8562091503267973
3747,125.0,I. Braud,France,44.684192,4.472979,8_0,30.6,43.2,26.2,3.86,0.984,0.02512338415361732,13.526739206257211,13,2,CLAY LOAM,0.9535800000000001,-0.02064286622456504,0.6286792452830189,0.3952375934496262,1.802141635394725,1.0678810054971108,0.9214509809001956,2.426701886792453,-1.599921860943962,13.526739206257211,1.3477764800375942,0.8562091503267973
3748,125.0,I. Braud,France,44.684192,4.472979,8_0,33.1,46.0,20.9,3.05,1.158,0.01906026910246294,12.15547615137768,13,2,CLAY LOAM,11.731079999999999,1.069337996467553,0.5630188679245283,0.3169902456390174,0.9346380911102362,1.1316601612355515,1.023275396330724,1.7172075471698112,-1.719870972066543,12.15547615137768,0.8227328140699236,0.6314199395770392
3749,125.0,I. Braud,France,44.684192,4.472979,8_0,49.7,39.5,10.8,11.2,0.461,0.0076572468861604275,9.864966792009048,13,4,CLAY,33.43804,1.524240812961612,0.8260377358490566,0.6823383410466358,18.62471174924067,0.7068739130603187,0.6521672273972603,9.251622641509433,-2.1159273500892155,9.864966792009048,1.3300661413219625,0.21730382293762576
3750,125.0,I. Braud,France,44.684192,4.472979,8_0,49.7,39.5,10.8,11.2,0.756,0.0076572468861604275,9.864966792009048,13,4,CLAY,253.28476999999998,2.403609076471107,0.7147169811320755,0.5108203631185475,4.485908997033087,0.7068739130603187,1.0694976657534245,8.004830188679245,-2.1159273500892155,9.864966792009048,0.7118270403968148,0.21730382293762576
3751,125.0,I. Braud,France,44.684192,4.472979,8_0,49.7,39.5,10.8,11.2,0.722,0.0076572468861604275,9.864966792009048,13,4,CLAY,660.84892,2.8201021845842216,0.7275471698113207,0.5293248843004628,5.188010180377535,0.7068739130603187,1.0213985643835615,8.148528301886792,-2.1159273500892155,9.864966792009048,0.7749774009586213,0.21730382293762576
3752,125.0,I. Braud,France,44.684192,4.472979,8_0,45.2,46.4,8.4,4.63,0.86,0.008117988619524643,8.494693037066924,13,2,SILTY CLAY,244.44013999999999,2.3881725237845344,0.6754716981132076,0.4562620149519403,2.9262829474371688,1.0135777918996558,0.8484795216242662,3.1274339622641514,-2.0905515618486317,8.494693037066924,0.577044474331176,0.18584070796460175
3753,125.0,I. Braud,France,44.684192,4.472979,8_0,44.9,46.2,8.9,4.91,0.687,0.008349723820410977,8.695245635910823,13,2,SILTY CLAY,108.67856,2.036143875345806,0.740754716981132,0.548717550729797,6.047857513986865,0.9951755941812978,0.6903304341634052,3.6371056603773586,-2.0783278892176145,8.695245635910823,0.9167770538215839,0.19821826280623608
3754,125.0,I. Braud,France,44.684192,4.472979,8_0,44.9,46.2,8.9,4.91,0.78,0.008349723820410977,8.695245635910823,13,2,SILTY CLAY,471.49269,2.673474963844773,0.7056603773584905,0.49795656817372724,4.055923362236858,0.9951755941812978,0.7837812789628181,3.4647924528301886,-2.0783278892176145,8.695245635910823,0.7432652433692023,0.19821826280623608
3755,125.0,I. Braud,France,44.684192,4.472979,8_0,55.8,40.5,3.7,8.68,0.72,0.0048357182489895435,6.656824087754062,13,4,SILTY CLAY,323.62398,2.510040694633134,0.7283018867924529,0.5304236383054469,5.233124417656654,0.7996889757616462,0.9003500383561643,6.321660377358491,-2.315539011052323,6.656824087754062,0.3795143196320333,0.06630824372759857
3756,125.0,I. Braud,France,44.684192,4.472979,8_0,56.6,38.8,4.6,5.87,0.752,0.0048697084061337555,7.066411343613451,13,4,CLAY,3004.3317700000002,3.477747890357506,0.7162264150943396,0.5129802776788892,4.562544036189856,0.9368580027563334,0.802683008297456,4.204249056603773,-2.312497043179301,7.066411343613451,0.3260442643078297,0.0812720848056537
3757,125.0,I. Braud,France,44.684192,4.472979,8_0,59.2,34.9,5.9,9.81,0.592,0.0046930848528351455,7.668343457032423,13,4,CLAY,2471.90816,3.39303233116348,0.7766037735849056,0.6031134211463154,9.385271140275917,0.7552228267769455,0.7838746115851272,7.6184830188679245,-2.32854159350007,7.668343457032423,0.6071949184091576,0.09966216216216216
3758,125.0,I. Braud,France,44.684192,4.472979,8_0,48.1,39.8,12.1,4.4,0.706,0.00846168745938981,10.38966290451002,13,1,CLAY,327.72008,2.51550305220333,0.7335849056603774,0.5381468138127448,5.562032289075701,1.0292108571070635,0.6859624489236791,3.227773584905661,-2.07254301979521,10.38966290451002,0.8919787476526349,0.2515592515592515
3759,125.0,I. Braud,France,44.684192,4.472979,8_0,50.9,39.7,9.4,4.49,0.667,0.006994432163946854,9.248631934032451,13,1,CLAY,586.8811099999999,2.768550131059339,0.7483018867924528,0.5599557137771448,6.614097624605702,1.023036484298885,0.6519806578131115,3.359875471698113,-2.1552475375087585,9.248631934032451,0.8018068073411876,0.18467583497053047
3760,125.0,I. Braud,France,44.684192,4.472979,8_0,35.4,48.5,16.1,3.65,0.989,0.014824792252797713,10.694914792899706,13,1,SILTY CLAY LOAM,503.38409,2.7018994850812375,0.6267924528301887,0.3928687789248843,1.7679518799358336,1.083715799561037,0.9126008870596868,2.2877924528301885,-1.8290113839060778,10.694914792899706,0.8812789539235641,0.45480225988700573
3761,125.0,I. Braud,France,44.684192,4.472979,8_0,30.3,49.0,20.7,5.2,0.877,0.02072797044036391,11.487452832980743,13,2,CLAY LOAM,10.0053,1.0002301151002924,0.6690566037735849,0.44763673905304374,2.734520264615914,0.9768076054125463,0.8978226573385519,3.4790943396226415,-1.683443219358202,11.487452832980743,1.3618259889301632,0.6831683168316831
3762,125.0,I. Braud,France,44.684192,4.472979,8_0,30.3,49.0,20.7,5.2,0.617,0.02072797044036391,11.487452832980743,13,2,CLAY LOAM,20.632089999999998,1.3145432235859744,0.7671698113207547,0.5885495194019223,8.329058912398008,0.9768076054125463,0.6316494636007828,3.9892830188679245,-1.683443219358202,11.487452832980743,1.845540776707123,0.6831683168316831
3763,125.0,I. Braud,France,44.684192,4.472979,8_0,28.4,45.9,25.7,4.25,0.779,0.026498958201964903,12.76088315282289,13,2,CLAY LOAM,9.67816,0.9857927976178953,0.7060377358490566,0.4984892844428622,4.072870233982835,1.0396687810582927,0.7492770911203523,3.0006603773584906,-1.5767711998757088,12.76088315282289,1.7481894549793782,0.9049295774647887
3764,125.0,I. Braud,France,44.684192,4.472979,8_0,46.6,37.9,15.5,7.3,0.82,0.010067858382804615,11.914292381711828,13,4,CLAY,190.3482,2.279548774327357,0.6905660377358491,0.47688145247419017,3.4393762697406105,0.8616449822859028,0.9516680499021526,5.041132075471698,-1.997062901983335,11.914292381711828,0.83418516803308,0.33261802575107297
3765,125.0,I. Braud,France,44.684192,4.472979,8_0,46.6,37.9,15.5,7.3,0.976,0.010067858382804615,11.914292381711828,13,4,CLAY,776.50091,2.8901419690249726,0.6316981132075472,0.3990425062299751,1.858321500737782,0.8616449822859028,1.1327170935420743,4.611396226415095,-1.997062901983335,11.914292381711828,0.5668263292475648,0.33261802575107297
3766,125.0,I. Braud,France,44.684192,4.472979,8_0,45.6,40.9,13.5,5.19,0.864,0.00966433156033162,10.848827076168368,13,4,SILTY CLAY,40.79736,1.610632060773025,0.6739622641509434,0.454225133499466,2.8798575402140436,0.9774296899652797,0.8839510492367907,3.4978641509433963,-2.014828178852046,10.848827076168368,0.721545928571599,0.29605263157894735
3767,125.0,I. Braud,France,44.684192,4.472979,8_0,38.4,48.2,13.4,4.57,0.963,0.012174584593997884,10.016848877300724,13,3,SILTY CLAY LOAM,2.55925,0.40811271195881627,0.6366037735849057,0.4052643645425419,1.9536501704344889,1.0176100151305765,0.9463350258757338,2.9092792452830194,-1.914545848315568,10.016848877300724,0.7535863844630659,0.34895833333333337
3768,125.0,I. Braud,France,44.684192,4.472979,8_0,34.2,46.1,19.7,4.77,1.202,0.01759605516673512,11.910558129719181,13,3,SILTY CLAY LOAM,1.79096,0.2530858862548,0.5464150943396227,0.2985694553221787,0.7929592622682831,1.00429240173742,1.196862584960861,2.6064,-1.7545846851032736,11.910558129719181,0.6819127876192905,0.5760233918128654
3769,125.0,I. Braud,France,44.684192,4.472979,8_0,37.8,44.1,18.1,6.78,0.912,0.014755171649560772,11.904878412349403,13,3,SILTY CLAY LOAM,9.31065,0.968980001234755,0.6558490566037736,0.4301379850480598,2.381846478887553,0.8875558683635147,1.027540949823875,4.446656603773585,-1.8310557339089586,11.904878412349403,1.0066335794390884,0.4788359788359789
3770,125.0,I. Braud,France,44.684192,4.472979,8_0,25.4,44.0,30.6,0.881,1.381,0.03498402509893069,13.410554420662475,13,6,LOAM,163.11882,2.2125040710992754,0.47886792452830185,0.2293144891420434,0.4043445885330711,1.3471025145323312,1.0251632560269082,0.42188264150943394,-1.4561302240829572,13.410554420662475,0.986322468536832,1.204724409448819
3771,125.0,I. Braud,France,44.684192,4.472979,8_0,25.4,44.0,30.6,0.881,1.555,0.03498402509893069,13.410554420662475,13,6,LOAM,135.92301,2.133292983370673,0.41320754716981134,0.17074047703809186,0.20489704583090873,1.3471025145323312,1.1543293722822898,0.3640358490566038,-1.4561302240829572,13.410554420662475,0.6911065302126793,1.204724409448819
3772,125.0,I. Braud,France,44.684192,4.472979,8_0,56.2,37.7,6.1,4.94,0.743,0.005213136636783363,7.776648352423397,13,4,CLAY,621.73443,2.793604918108034,0.719622641509434,0.5178567461730154,4.740548320208248,0.9932434854865406,0.7480542393248532,3.554935849056604,-2.2829008920261034,7.776648352423397,0.4018580751405541,0.1085409252669039
3773,125.0,I. Braud,France,44.684192,4.472979,8_0,55.8,38.8,5.4,6.23,0.683,0.00514740983191613,7.443114253721663,13,4,CLAY,338.35344,2.5293705962633277,0.7422641509433963,0.550956069775721,6.156385384241504,0.9167131275925597,0.7450531463356165,4.624305660377359,-2.2884112522561666,7.443114253721663,0.5043345754585066,0.09677419354838711
3774,125.0,I. Braud,France,44.684192,4.472979,8_0,55.8,38.8,5.4,6.23,0.665,0.00514740983191613,7.443114253721663,13,4,CLAY,583.71393,2.766200057623927,0.7490566037735849,0.5610857956568173,6.674094763081625,0.9167131275925597,0.725417777910959,4.666622641509434,-2.2884112522561666,7.443114253721663,0.5394011457547535,0.09677419354838711
3775,125.0,I. Braud,France,44.684192,4.472979,8_0,36.5,40.5,23.0,3.57,1.135,0.01843022745116895,13.727690473831322,13,2,CLAY LOAM,91.69382999999999,1.9623401133460818,0.5716981132075472,0.3268387326450694,1.0185920952370837,1.089872327801945,1.0414063840753425,2.0409622641509433,-1.7344693050317108,13.727690473831322,0.8308929729691615,0.6301369863013698
3776,125.0,I. Braud,France,44.684192,4.472979,8_0,36.5,40.5,23.0,3.57,0.92,0.01843022745116895,13.727690473831322,13,2,CLAY LOAM,28.21947,1.4505488528542998,0.6528301886792452,0.42618725525097895,2.3084303777151614,1.089872327801945,0.8441355712328767,2.3306037735849054,-1.7344693050317108,13.727690473831322,1.1862094522077486,0.6301369863013698
3777,125.0,I. Braud,France,44.684192,4.472979,8_0,39.0,44.9,16.1,4.69,0.758,0.013184072287380694,11.236577089057276,13,2,SILTY CLAY LOAM,71.53755,1.8545340624595732,0.7139622641509433,0.5097421146315414,4.448146793637647,1.0095773974705866,0.7508092018493152,3.3484830188679244,-1.8799504244330274,11.236577089057276,1.1801095436430549,0.41282051282051285
3778,125.0,I. Braud,France,44.684192,4.472979,8_0,53.4,35.0,11.6,3.56,0.977,0.006990120141547095,10.45563415113278,13,1,CLAY,57.15319,1.7570404755140405,0.6313207547169811,0.3985658953364186,1.8511977830733748,1.0906468156709344,0.8957987003326809,2.247501886792453,-2.155515359824768,10.45563415113278,0.2482533833759961,0.21722846441947566
3779,125.0,I. Braud,France,44.684192,4.472979,8_0,54.0,36.1,9.9,3.79,0.88,0.006439720840906731,9.611646182079783,13,1,CLAY,129.77415000000002,2.113188193000561,0.6679245283018868,0.4461231755072979,2.7021445696241995,1.0731076026990882,0.8200482391389432,2.531433962264151,-2.191132958708749,9.611646182079783,0.3412739449434794,0.18333333333333335
3780,125.0,I. Braud,France,44.684192,4.472979,8_0,53.6,35.8,10.6,4.13,0.753,0.0066941769537387594,9.952013416437318,13,1,CLAY,295.11148000000003,2.469986104124418,0.7158490566037736,0.5124398718405127,4.543245094409172,1.0481893946135483,0.7183816244178084,2.956456603773585,-2.1743028116949192,9.952013416437318,0.6005918244506432,0.19776119402985073
3781,125.0,I. Braud,France,44.684192,4.472979,8_0,51.0,37.3,11.7,3.37,1.095,0.007586470109346275,10.382544742004171,13,2,CLAY,540.04666,2.732431284462021,0.5867924528301887,0.3443253826984692,1.1833604976999785,1.105574087654057,0.9904356589285713,1.9774905660377358,-2.1199602489560476,10.382544742004171,0.12502785140009443,0.22941176470588234
3782,125.0,I. Braud,France,44.684192,4.472979,8_0,51.0,37.3,11.7,3.37,1.033,0.007586470109346275,10.382544742004171,13,2,CLAY,330.78419,2.5195447440490613,0.6101886792452831,0.37233022427910295,1.4951457915386355,1.105574087654057,0.9343561969618394,2.056335849056604,-2.1199602489560476,10.382544742004171,0.2265943263437624,0.22941176470588234
3783,125.0,I. Braud,France,44.684192,4.472979,8_0,51.0,37.3,11.7,3.37,1.101,0.007586470109346275,10.382544742004171,13,2,CLAY,186.04369,2.269614944743723,0.5845283018867924,0.3416733357066571,1.1570010188701962,1.105574087654057,0.9958627036350293,1.9698603773584904,-2.1199602489560476,10.382544742004171,0.11524452499791404,0.22941176470588234
3784,125.0,I. Braud,France,44.684192,4.472979,8_0,34.7,37.6,27.7,3.48,1.18,0.023227394146213505,15.214093895218529,13,6,CLAY LOAM,121.96149,2.086222721488893,0.5547169811320755,0.30771092915628334,0.8608790035394296,1.0968825717229727,1.075776049706458,1.9304150943396226,-1.6339995104494516,15.214093895218529,0.958774376309269,0.7982708933717578
3785,125.0,I. Braud,France,44.684192,4.472979,8_0,40.4,38.5,21.1,3.54,1.046,0.01513657003174511,13.683768368416656,13,6,CLAY,155.59919,2.1920073318603155,0.6052830188679246,0.36636753292986834,1.4233242503278434,1.0921990983201795,0.9577008455772996,2.142701886792453,-1.8199725254335708,13.683768368416656,0.8051900794906768,0.5222772277227723
3786,125.0,I. Braud,France,44.684192,4.472979,8_0,38.3,40.7,21.0,3.04,0.951,0.016149019701114417,13.24219159284187,13,6,CLAY LOAM,107.69209000000001,2.0321838054752397,0.641132075471698,0.4110503381986471,2.046318491674244,1.1324952011900995,0.8397386576125244,1.9490415094339621,-1.7918538356436045,13.24219159284187,1.0190968390209947,0.5483028720626633
3787,125.0,I. Braud,France,44.684192,4.472979,8_0,45.4,43.5,11.1,2.23,1.19,0.008906431979123709,9.716239321701682,13,2,SILTY CLAY,6.705990000000001,0.8264629014715581,0.5509433962264151,0.3035386258454966,0.8293135678244661,1.204486178306017,0.9879731469178082,1.2286037735849056,-2.0502962445742074,9.716239321701682,0.10995756299572979,0.2444933920704846
3788,125.0,I. Braud,France,44.684192,4.472979,8_0,45.4,43.5,11.1,2.23,1.329,0.008906431979123709,9.716239321701682,13,2,SILTY CLAY,5.389959999999999,0.7315855422101643,0.4984905660377359,0.24849284442862232,0.4925072376018091,1.204486178306017,1.1033750523140902,1.1116339622641511,-2.0502962445742074,9.716239321701682,-0.1163485906144022,0.2444933920704846
3789,125.0,I. Braud,France,44.684192,4.472979,8_0,45.4,43.5,11.1,2.23,1.169,0.008906431979123709,9.716239321701682,13,2,SILTY CLAY,132.46551,2.122102815883949,0.5588679245283019,0.3123333570665718,0.8969955309798253,1.204486178306017,0.9705383266780823,1.2462754716981133,-2.0502962445742074,9.716239321701682,0.1440290716674253,0.2444933920704846
3790,125.0,I. Braud,France,44.684192,4.472979,8_0,36.5,39.7,23.8,1.85,1.307,0.01898002145893306,14.063972236852615,13,6,CLAY LOAM,45.0657,1.6538461212978988,0.5067924528301887,0.25683859024563904,0.5350951183081138,1.241510812973047,1.052749590533268,0.9375660377358491,-1.7217033008923432,14.063972236852615,0.576855668636266,0.6520547945205479
3791,125.0,I. Braud,France,44.684192,4.472979,8_0,36.5,39.7,23.8,1.85,1.474,0.01898002145893306,14.063972236852615,13,6,CLAY LOAM,1.95928,0.29209650529817555,0.4437735849056603,0.19693499466002132,0.28247571996859644,1.241510812973047,1.1872631189334637,0.8209811320754716,-1.7217033008923432,14.063972236852615,0.29940580396550187,0.6520547945205479
3792,125.0,I. Braud,France,44.684192,4.472979,8_0,36.4,39.2,24.4,2.27,1.202,0.019466423865937926,14.293021876166339,13,6,CLAY LOAM,8.39273,0.923903251780298,0.5464150943396227,0.2985694553221787,0.7929592622682831,1.200716907885152,1.0010686050195694,1.2403622641509435,-1.7107138244398468,14.293021876166339,0.7696545089461441,0.6703296703296703
3793,125.0,I. Braud,France,44.684192,4.472979,8_0,29.0,40.2,30.8,2.67,1.369,0.031341677423149764,14.637823790812638,13,2,CLAY LOAM,125.78571,2.099631305491952,0.4833962264150943,0.2336719117123531,0.42324771195982586,1.164282326775851,1.1758316419618395,1.2906679245283017,-1.503877763575065,14.637823790812638,0.9106703733918434,1.0620689655172415
3794,125.0,I. Braud,France,44.684192,4.472979,8_0,29.0,40.2,30.8,2.67,1.153,0.031341677423149764,14.637823790812638,13,2,CLAY LOAM,48.312650000000005,1.6840608596519713,0.5649056603773585,0.31911840512637946,0.9522717756962705,1.164282326775851,0.9903096297896282,1.508298113207547,-1.503877763575065,14.637823790812638,1.2628366668655235,1.0620689655172415
3795,125.0,I. Braud,France,44.684192,4.472979,8_0,29.0,40.2,30.8,2.67,1.222,0.031341677423149764,14.637823790812638,13,2,CLAY LOAM,85.51672,1.932051035123799,0.5388679245283019,0.2903786400854397,0.7358619323660609,1.164282326775851,1.0495736059001957,1.438777358490566,-1.503877763575065,14.637823790812638,1.1508720909331607,1.0620689655172415
3796,125.0,I. Braud,France,44.684192,4.472979,8_0,30.6,43.2,26.2,3.86,1.142,0.02512338415361732,13.526739206257211,7,2,CLAY LOAM,3.4800999999999997,0.5415917234937694,0.5690566037735849,0.32382541829832684,0.9922610473865049,1.0678810054971108,1.0694075408414871,2.1965584905660376,-1.599921860943962,13.526739206257211,1.088613502469578,0.8562091503267973
3797,125.0,I. Braud,France,44.684192,4.472979,8_0,33.1,46.0,20.9,3.05,1.165,0.01906026910246294,12.15547615137768,7,2,CLAY LOAM,3.19116,0.503948579616602,0.560377358490566,0.31402278390886434,0.9105035350640891,1.1316601612355515,1.0294609988992172,1.7091509433962262,-1.719870972066543,12.15547615137768,0.8113709736784265,0.6314199395770392
3798,125.0,I. Braud,France,44.684192,4.472979,8_0,33.1,46.0,20.9,3.05,1.142,0.01906026910246294,12.15547615137768,7,2,CLAY LOAM,2.76441,0.4416024553202867,0.5690566037735849,0.32382541829832684,0.9922610473865049,1.1316601612355515,1.0091368761741681,1.7356226415094338,-1.719870972066543,12.15547615137768,0.8487152802244159,0.6314199395770392
3799,125.0,I. Braud,France,44.684192,4.472979,8_0,45.2,46.4,8.4,4.63,0.929,0.008117988619524643,8.494693037066924,7,2,SILTY CLAY,3.38474,0.529525313818195,0.649433962264151,0.42176447134211464,2.228770285799186,1.0135777918996558,0.9165552041731899,3.006879245283019,-2.0905515618486317,8.494693037066924,0.4587934668740289,0.18584070796460175
3800,125.0,I. Braud,France,44.684192,4.472979,8_0,44.9,46.2,8.9,4.91,0.969,0.008349723820410977,8.695245635910823,7,2,SILTY CLAY,3.20715,0.5061192725722974,0.6343396226415094,0.4023867568529726,1.9090166326557703,0.9951755941812978,0.9736975119422702,3.1146075471698116,-2.0783278892176145,8.695245635910823,0.41598521535754873,0.19821826280623608
3801,125.0,I. Braud,France,44.684192,4.472979,8_0,44.9,46.2,8.9,4.91,0.805,0.008349723820410977,8.695245635910823,7,2,SILTY CLAY,6.1563099999999995,0.7893204805388538,0.6962264150943396,0.4847312210751156,3.6572232902148962,0.9951755941812978,0.80890247380137,3.4184716981132075,-2.0783278892176145,8.695245635910823,0.6983269798901666,0.19821826280623608
3802,125.0,I. Braud,France,44.684192,4.472979,8_0,55.8,40.5,3.7,8.68,0.933,0.0048357182489895435,6.656824087754062,7,4,SILTY CLAY,0.09422000000000001,-1.025856900097785,0.6479245283018867,0.41980619437522243,2.19432890561165,0.7996889757616462,1.1667035913698631,5.623984905660377,-2.315539011052323,6.656824087754062,0.002054983460997972,0.06630824372759857
3803,125.0,I. Braud,France,44.684192,4.472979,8_0,56.6,38.8,4.6,5.87,0.889,0.0048697084061337555,7.066411343613451,7,4,CLAY,0.42802999999999997,-0.36852579085164017,0.6645283018867925,0.44159786400854395,2.607526147066156,0.9368580027563334,0.9489164818835617,3.9007811320754717,-2.312497043179301,7.066411343613451,0.083065867178696,0.0812720848056537
3804,125.0,I. Braud,France,44.684192,4.472979,8_0,50.9,39.7,9.4,4.49,1.301,0.006994432163946854,9.248631934032451,7,1,CLAY,1.91579,0.2823479020078815,0.5090566037735849,0.2591386258454966,0.547312518782497,1.023036484298885,1.2717044015215262,2.285664150943396,-2.1552475375087585,9.248631934032451,-0.2804284115490822,0.18467583497053047
3805,125.0,I. Braud,France,44.684192,4.472979,8_0,35.4,48.5,16.1,3.65,1.071,0.014824792252797713,10.694914792899706,7,1,SILTY CLAY LOAM,2.27172,0.35635480153341015,0.5958490566037735,0.3550360982556069,1.295154486836868,1.083715799561037,0.9882664813356162,2.1748490566037733,-1.8290113839060778,10.694914792899706,0.7461300881249103,0.45480225988700573
3806,125.0,I. Braud,France,44.684192,4.472979,8_0,30.3,49.0,20.7,5.2,1.02,0.02072797044036391,11.487452832980743,7,2,CLAY LOAM,9.74096,0.9886017599748659,0.6150943396226415,0.3783410466358134,1.5707844588075701,0.9768076054125463,1.044217913894325,3.198490566037736,-1.683443219358202,11.487452832980743,1.1210614385475293,0.6831683168316831
3807,125.0,I. Braud,France,44.684192,4.472979,8_0,28.4,45.9,25.7,4.25,0.974,0.026498958201964903,12.76088315282289,7,2,CLAY LOAM,4.70432,0.6724968559055414,0.6324528301886793,0.39999658241367037,1.8726570727330256,1.0396687810582927,0.9368368250978474,2.687924528301887,-1.5767711998757088,12.76088315282289,1.4107471369500195,0.9049295774647887
3808,125.0,I. Braud,France,44.684192,4.472979,8_0,46.6,37.9,15.5,7.3,1.023,0.010067858382804615,11.914292381711828,7,4,CLAY,0.74425,-0.12828115668123763,0.6139622641509435,0.37694966180135286,1.5529787653659133,0.8616449822859028,1.1872639207925635,4.481924528301887,-1.997062901983335,11.914292381711828,0.48887099499548103,0.33261802575107297
3809,125.0,I. Braud,France,44.684192,4.472979,8_0,46.6,37.9,15.5,7.3,0.897,0.010067858382804615,11.914292381711828,7,4,CLAY,2.735,0.43695733066944953,0.6615094339622641,0.4375947312210751,2.5264749016614814,0.8616449822859028,1.04103200092955,4.829018867924528,-1.997062901983335,11.914292381711828,0.7002204658024251,0.33261802575107297
3810,125.0,I. Braud,France,44.684192,4.472979,8_0,45.6,40.9,13.5,5.19,0.976,0.00966433156033162,10.848827076168368,7,4,SILTY CLAY,0.52991,-0.27579788478112116,0.6316981132075472,0.3990425062299751,1.858321500737782,0.9774296899652797,0.9985372963600784,3.2785132075471703,-2.014828178852046,10.848827076168368,0.531295775510143,0.29605263157894735
3811,125.0,I. Braud,France,44.684192,4.472979,8_0,38.4,48.2,13.4,4.57,1.116,0.012174584593997884,10.016848877300724,7,3,SILTY CLAY LOAM,0.67291,-0.17204301767366792,0.5788679245283018,0.33508807404770374,1.0937090750787823,1.0176100151305765,1.096687319706458,2.6454264150943394,-1.914545848315568,10.016848877300724,0.5016414005805253,0.34895833333333337
3812,125.0,I. Braud,France,44.684192,4.472979,8_0,38.4,48.2,13.4,4.57,0.961,0.012174584593997884,10.016848877300724,7,3,SILTY CLAY LOAM,3.81514,0.5815104794106568,0.6373584905660377,0.40622584549661794,1.9687759678080266,1.0176100151305765,0.9443696364138943,2.9127283018867924,-1.914545848315568,10.016848877300724,0.756935884320694,0.34895833333333337
3813,125.0,I. Braud,France,44.684192,4.472979,8_0,25.4,44.0,30.6,0.881,1.488,0.03498402509893069,13.410554420662475,7,6,LOAM,1.82631,0.2615744971098393,0.43849056603773584,0.19227397650409397,0.2674032293514137,1.3471025145323312,1.1045929941839532,0.38631018867924527,-1.4561302240829572,13.410554420662475,0.8067374811531964,1.204724409448819
3814,125.0,I. Braud,France,44.684192,4.472979,8_0,55.8,38.8,5.4,6.23,0.585,0.00514740983191613,7.443114253721663,7,4,CLAY,1.11694,0.04802984422681129,0.7792452830188679,0.6072232111071555,9.709627341606048,0.9167131275925597,0.6381494738013698,4.854698113207547,-2.2884112522561666,7.443114253721663,0.7022113388764596,0.09677419354838711
3815,125.0,I. Braud,France,44.684192,4.472979,8_0,55.8,38.8,5.4,6.23,0.876,0.00514740983191613,7.443114253721663,7,4,CLAY,1.01269,0.005476521477118673,0.669433962264151,0.4481418298326807,2.745407148811555,0.9167131275925597,0.95558793,4.170573584905661,-2.2884112522561666,7.443114253721663,0.15361553721452284,0.09677419354838711
3816,125.0,I. Braud,France,44.684192,4.472979,8_0,36.5,40.5,23.0,3.57,0.886,0.01843022745116895,13.727690473831322,7,2,CLAY LOAM,2.44978,0.3891270847416584,0.6656603773584906,0.4431037379850481,2.6386538703189655,1.089872327801945,0.8129392566438356,2.376407547169811,-1.7344693050317108,13.727690473831322,1.2442750961257747,0.6301369863013698
3817,125.0,I. Braud,France,44.684192,4.472979,8_0,36.5,40.5,23.0,3.57,0.956,0.01843022745116895,13.727690473831322,7,2,CLAY LOAM,1.3906999999999998,0.14323345465317003,0.639245283018868,0.4086345318618726,2.007144129327582,1.089872327801945,0.8771669631506849,2.2821056603773586,-1.7344693050317108,13.727690473831322,1.1254712309443375,0.6301369863013698
3818,125.0,I. Braud,France,44.684192,4.472979,8_0,53.4,35.0,11.6,3.56,0.898,0.006990120141547095,10.45563415113278,7,1,CLAY,0.60679,-0.21696158507153823,0.661132075471698,0.43709562121751505,2.516539538728327,1.0906468156709344,0.8233646191389432,2.353630188679245,-2.155515359824768,10.45563415113278,0.3816043200879354,0.21722846441947566
3819,125.0,I. Braud,France,44.684192,4.472979,8_0,53.6,35.8,10.6,4.13,0.859,0.0066941769537387594,9.952013416437318,7,1,CLAY,0.65837,-0.1815299668773412,0.6758490566037736,0.45677194731221077,2.938018701844673,1.0481893946135483,0.819508386952055,2.7912566037735846,-2.1743028116949192,9.952013416437318,0.4112802140706665,0.19776119402985073
3820,125.0,I. Braud,France,44.684192,4.472979,8_0,51.0,37.3,11.7,3.37,1.123,0.007586470109346275,10.382544742004171,7,2,CLAY,1.11133,0.04584303814744938,0.5762264150943396,0.3320368814524741,1.0653976259696738,1.105574087654057,1.0157618675587083,1.9418830188679244,-2.1199602489560476,10.382544742004171,0.07942250831014765,0.22941176470588234
3821,125.0,I. Braud,France,44.684192,4.472979,8_0,51.0,37.3,11.7,3.37,1.183,0.007586470109346275,10.382544742004171,7,2,CLAY,1.21577,0.08485142265164346,0.5535849056603773,0.30645624777500885,0.8512849947643286,1.105574087654057,1.0700323146232877,1.8655811320754716,-2.1199602489560476,10.382544742004171,-0.018014238062213018,0.22941176470588234
3822,125.0,I. Braud,France,44.684192,4.472979,8_0,51.0,37.3,11.7,3.37,1.287,0.007586470109346275,10.382544742004171,7,2,CLAY,0.94139,-0.026230419337137593,0.5143396226415095,0.26454524741901037,0.5768788273718565,1.105574087654057,1.1641010895352248,1.733324528301887,-2.1199602489560476,10.382544742004171,-0.18700461664095275,0.22941176470588234
3823,125.0,I. Braud,France,44.684192,4.472979,8_0,34.7,37.6,27.7,3.48,1.379,0.023227394146213505,15.214093895218529,7,6,CLAY LOAM,2.62765,0.41956751720755486,0.4796226415094339,0.23003787824848695,0.40743866987651245,1.0968825717229727,1.2571992987671232,1.6690867924528299,-1.6339995104494516,15.214093895218529,0.6338945059873161,0.7982708933717578
3824,125.0,I. Braud,France,44.684192,4.472979,8_0,34.7,37.6,27.7,3.48,1.153,0.023227394146213505,15.214093895218529,7,6,CLAY LOAM,2.6157600000000003,0.4175978942939832,0.5649056603773585,0.31911840512637946,0.9522717756962705,1.0968825717229727,1.0511608350097847,1.9658716981132074,-1.6339995104494516,15.214093895218529,1.0025931731167503,0.7982708933717578
3825,125.0,I. Braud,France,44.684192,4.472979,8_0,40.4,38.5,21.1,3.54,1.295,0.01513657003174511,13.683768368416656,7,6,CLAY,3.4024900000000002,0.5317968574753132,0.5113207547169811,0.2614489142043432,0.5597994595663424,1.0921990983201795,1.185681257191781,1.8100754716981131,-1.8199725254335708,13.683768368416656,0.39991870550548575,0.5222772277227723
3826,125.0,I. Braud,France,44.684192,4.472979,8_0,40.4,38.5,21.1,3.54,0.864,0.01513657003174511,13.683768368416656,7,6,CLAY,1.84805,0.2667137171169562,0.6739622641509434,0.454225133499466,2.8798575402140436,1.0921990983201795,0.791064560782779,2.3858264150943396,-1.8199725254335708,13.683768368416656,1.1112572354085497,0.5222772277227723
3827,125.0,I. Braud,France,44.684192,4.472979,8_0,45.4,43.5,11.1,2.23,1.435,0.008906431979123709,9.716239321701682,7,2,SILTY CLAY,2.12952,0.3282817232305471,0.45849056603773586,0.21021359914560342,0.3286844496590011,1.204486178306017,1.1913793830479453,1.022433962264151,-2.0502962445742074,9.716239321701682,-0.29198204990954923,0.2444933920704846
3828,125.0,I. Braud,France,44.684192,4.472979,8_0,45.4,43.5,11.1,2.23,1.367,0.008906431979123709,9.716239321701682,7,2,SILTY CLAY,2.23176,0.3486474894233107,0.48415094339622644,0.23440213599145607,0.42647842539028763,1.204486178306017,1.134923774652642,1.0796566037735849,-2.0502962445742074,9.716239321701682,-0.17886414158337885,0.2444933920704846
3829,125.0,I. Braud,France,44.684192,4.472979,8_0,45.4,43.5,11.1,2.23,1.259,0.008906431979123709,9.716239321701682,7,2,SILTY CLAY,5.743469999999999,0.7591743569488578,0.5249056603773585,0.27552595229619087,0.6407432737233012,1.204486178306017,1.0452589848483367,1.1705396226415095,-2.0502962445742074,9.716239321701682,-0.002077151812105832,0.2444933920704846
3830,125.0,I. Braud,France,44.684192,4.472979,8_0,29.0,40.2,30.8,2.67,1.415,0.031341677423149764,14.637823790812638,7,2,CLAY LOAM,0.37703000000000003,-0.42362409192657857,0.4660377358490566,0.21719117123531506,0.35501125281143603,1.164282326775851,1.2153409593688846,1.2443207547169812,-1.503877763575065,14.637823790812638,0.8343178734922003,1.0620689655172415
3831,125.0,I. Braud,France,44.684192,4.472979,8_0,45.4,43.5,11.1,2.23,1.291,0.008906431979123709,9.716239321701682,7,2,SILTY CLAY,4.66651,0.6689922008276581,0.5128301886792452,0.26299480242079026,0.5682769118374259,1.204486178306017,1.0718263299755382,1.143611320754717,-2.0502962445742074,9.716239321701682,-0.054201195907877746,0.2444933920704846
3832,125.0,I. Braud,France,44.684192,4.472979,8_0,29.0,40.2,30.8,2.67,1.415,0.031341677423149764,14.637823790812638,7,2,CLAY LOAM,137.36962,2.137890696877837,0.4660377358490566,0.21719117123531506,0.35501125281143603,1.164282326775851,1.2153409593688846,1.2443207547169812,-1.503877763575065,14.637823790812638,0.8343178734922003,1.0620689655172415
3833,125.0,I. Braud,France,44.684192,4.472979,8_0,29.0,40.2,30.8,2.67,1.337,0.031341677423149764,14.637823790812638,7,2,CLAY LOAM,2.29245,0.36029987216718395,0.49547169811320757,0.24549220363118548,0.47784328768541434,1.164282326775851,1.148346899417808,1.3229094339622642,-1.503877763575065,14.637823790812638,0.9633612441702342,1.0620689655172415
3834,126.0,M. R. Mosaddeghi,Iran,32.43720833333333,50.26291666666667,6_10,42.31257943930143,48.767391856462986,8.920028704235582,0.7154882154882156,1.3,0.009090819404110695,8.523276818176068,12,1,SILTY CLAY,2.9993120843843157,0.47702165731482205,0.5094339622641508,0.25952296190815227,0.5493747906665173,1.3669607414064433,0.9510148760105953,0.36449399656946824,-2.0413969697323404,8.523276818176068,-0.05109393101744197,0.21081269027882385
3835,126.0,M. R. Mosaddeghi,Iran,32.43720833333333,50.26291666666667,6_10,57.508917970526426,40.734512910324426,1.756569119149148,0.5471380471380473,1.28,0.004258610757260611,5.764961695799636,12,3,SILTY CLAY,1.279075485615933,0.1068961754552663,0.5169811320754717,0.26726949092203633,0.5922374797317217,1.3877692870250935,0.9223435134120065,0.2828600470109905,-2.3707320532108525,5.764961695799636,-0.6771369366723263,0.030544290888056654
3836,126.0,M. R. Mosaddeghi,Iran,32.43720833333333,50.26291666666667,6_10,38.09715669096872,53.34661867349977,8.556224635531512,0.5303030303030299,1.17,0.010290695634210888,8.031021361064122,12,1,SILTY CLAY LOAM,5.187115810179492,0.7149259443807903,0.5584905660377358,0.31191171235315057,0.8936501832486349,1.3898850380736334,0.8417962406600247,0.29616923956546576,-1.9875552666478773,8.031021361064122,0.2678882969726889,0.2245895856464229
3837,126.0,M. R. Mosaddeghi,Iran,32.43720833333333,50.26291666666667,6_10,26.7481985092891,68.11756776826775,5.134233722443146,0.4545454545454545,1.27,0.013134786840970317,5.76081661465186,12,3,SILTY LOAM,23.18112244897959,1.3651344610320608,0.5207547169811321,0.27118547525809894,0.6148709052135085,1.3994863031284595,0.9074758339263476,0.23670668953687818,-1.8815769708064627,5.76081661465186,0.3174612832547656,0.19194689768210493
3838,126.0,M. R. Mosaddeghi,Iran,32.43720833333333,50.26291666666667,6_10,52.57460687868862,41.435371694968865,5.990021426342519,1.8013468013468013,1.22,0.00584308858763932,7.689549792532235,12,1,SILTY CLAY,21.88034188034188,1.3400541035656879,0.539622641509434,0.29119259522961904,0.7413829210041933,1.2464162744924547,0.9788062182490264,0.9720475192173305,-2.233357529258572,7.689549792532235,-0.30484119989555963,0.11393373687346779
3839,126.0,M. R. Mosaddeghi,Iran,32.43720833333333,50.26291666666667,6_10,56.033292691171056,41.06086315865731,2.9058441501716334,2.112794612794613,1.27,0.004661087045846835,6.297082656883627,12,3,SILTY CLAY,2.5927859515899385,0.4137666649064823,0.5207547169811321,0.27118547525809894,0.6148709052135085,1.2156681734607622,1.0446929743867244,1.100247760625119,-2.331512786537923,6.297082656883627,-0.582410348208155,0.051859243150090585
3840,126.0,M. R. Mosaddeghi,Iran,32.43720833333333,50.26291666666667,6_10,24.822382315083175,72.5878064255545,2.5898112593623215,0.6228956228956228,1.18,0.012737088912396893,4.822725609218694,12,1,SILTY LOAM,27.565597667638478,1.440367413138288,0.5547169811320755,0.30771092915628334,0.8608790035394296,1.3783275773033403,0.8561099838897783,0.3455307794930436,-1.8949298195475301,4.822725609218694,0.4369137581131119,0.10433371086177486
3841,126.0,M. R. Mosaddeghi,Iran,32.43720833333333,50.26291666666667,6_10,48.54541270549861,49.82317402590245,1.6314132685989322,0.6902356902356903,1.39,0.005676778934110379,5.746934740506782,12,3,SILTY CLAY,0.21011131725417437,-0.6775505545018693,0.47547169811320755,0.2260733357066572,0.3906934775242112,1.3700421525130928,1.014567323677084,0.3281875357347056,-2.2458980177994854,5.746934740506782,-0.6081285931785774,0.033605920264720424
3842,126.0,M. R. Mosaddeghi,Iran,32.43720833333333,50.26291666666667,6_10,39.90239147102709,41.82665911325778,18.27094941571513,0.5808080808080806,1.21,0.013865128959122501,12.32224889536179,12,1,SILTY CLAY LOAM,3.8003442340791738,0.5798229366668306,0.5433962264150943,0.29527945888216445,0.7696102828320057,1.3835570504730543,0.8745573589367254,0.3156089193825041,-1.8580760867082013,12.32224889536179,0.46194996981234104,0.4578910872793569
3843,126.0,M. R. Mosaddeghi,Iran,32.43720833333333,50.26291666666667,6_10,32.98049171508061,49.522730501990196,17.496777782929197,1.1363636363636365,1.37,0.01688546800275114,10.833167158458771,12,3,SILTY CLAY LOAM,14.482507288629737,1.1608437557390823,0.4830188679245282,0.2333072267710928,0.42164106409907093,1.3175708093956908,1.0397923134228786,0.5488850771869639,-1.7724868978242092,10.833167158458771,0.37180038655826764,0.5305190090579712
3844,126.0,M. R. Mosaddeghi,Iran,32.43720833333333,50.26291666666667,6_10,46.24585437445193,44.50622589439998,9.247919731148087,0.6141704248753858,1.2326000000000001,0.008094323564376903,8.934807948009345,12,1,SILTY CLAY,1.9676284306826184,0.2939430891461741,0.5348679245283019,0.28608369668921324,0.7072730085551354,1.3794084523197763,0.8935714421113734,0.32850006045976293,-2.091819439008604,8.934807948009345,-0.04222051195413213,0.19997294581840422
3845,126.0,M. R. Mosaddeghi,Iran,32.43720833333333,50.26291666666667,6_10,44.00688349518857,47.686683603722315,8.306432901089115,0.9108258154059677,1.1907,0.008410806104514001,8.379871753090493,12,1,SILTY CLAY,9.709308113489296,0.9871882831315211,0.5506792452830188,0.3032476311854752,0.8271478899891012,1.343585185173359,0.8862110219281463,0.5015728726120485,-2.0751623787603153,8.379871753090493,0.05908969021214571,0.18875303682882447
3846,126.0,M. R. Mosaddeghi,Iran,32.43720833333333,50.26291666666667,6_10,42.87564791293245,47.33071148803684,9.793640599030711,0.43615001186802743,1.2471,0.009216720716382694,8.939148966165192,12,3,SILTY CLAY,14.577123872804936,1.163671844325789,0.5293962264150942,0.28026036454254166,0.6699335278658536,1.4018377301174128,0.88961794450742,0.2308961704338323,-2.035423572233601,8.939148966165192,0.04701585032363062,0.22841965254772711
3847,126.0,M. R. Mosaddeghi,Iran,32.43720833333333,50.26291666666667,6_10,41.097679043780346,47.70637696637452,11.195943989845137,1.0669673837612765,1.0944999999999998,0.010282802086808583,9.385073570972953,12,3,SILTY CLAY,9.46064139941691,0.9759205810936176,0.5869811320754718,0.34454684941260244,1.1855848487776761,1.325467295185748,0.8257465151915492,0.6262897228077984,-1.987888522985148,9.385073570972953,0.38998687613186467,0.272422780320961
3848,126.0,M. R. Mosaddeghi,Iran,32.43720833333333,50.26291666666667,6_10,40.28381251434293,44.79389001635371,14.922297469303365,0.6852879944482997,1.3322,0.012108511997524881,10.901532984459044,12,1,SILTY CLAY,4.6386554621848735,0.6663921163366681,0.4972830188679245,0.24729040085439652,0.4865906695993902,1.37064751786485,0.9719493762154531,0.34078208267319593,-1.9169092235761651,10.901532984459044,0.14517661141643717,0.3704291261903358
3849,126.0,M. R. Mosaddeghi,Iran,32.43720833333333,50.26291666666667,6_10,43.91598349577228,53.389151486720074,2.6948650175076425,1.0948255399952527,1.2905000000000002,0.006863998950969087,6.069639796105701,12,1,SILTY CLAY,12.058503401360543,1.0812934102201275,0.5130188679245282,0.26318835884656455,0.5693453055267655,1.3222860169854707,0.9759613150429165,0.5616661591032248,-2.1634227915329483,6.069639796105701,-0.27963855747922045,0.06136410488830502
3850,126.0,M. R. Mosaddeghi,Iran,32.43720833333333,50.26291666666667,6_10,43.66192787613926,54.416844293419814,1.9212278304409294,0.4597501734906313,1.5012,0.006727081795467227,5.761012499525117,12,3,SILTY CLAY,3.9055529188419555,0.5916825267160917,0.43350943396226405,0.18793042933428258,0.2538693641547118,1.3988224326119045,1.0731883940386446,0.19930603747397627,-2.172173291641697,5.761012499525117,-0.6479050064949137,0.04400235912374493
3851,126.0,M. R. Mosaddeghi,Iran,32.43720833333333,50.26291666666667,6_10,41.826549720696875,55.18160819911929,2.991842080183838,0.5785663422739139,1.4143999999999999,0.00742815833750386,6.107475168014691,12,1,SILTY CLAY,9.921119009401513,0.9965606592711411,0.46626415094339624,0.2174022584549662,0.35583063005418436,1.3838367049219749,1.0220859115597374,0.2697647443447728,-2.129118847477854,6.107475168014691,-0.4151630838295699,0.07152973649900164
3852,126.0,M. R. Mosaddeghi,Iran,32.43720833333333,50.26291666666667,6_10,37.673958577303246,57.03097644430795,5.2950649783888,0.4717540944694989,1.1898,0.009255351174292503,6.751447071016784,12,3,SILTY CLAY LOAM,6.426460239268121,0.8079718248907279,0.5510188679245283,0.3036217928088287,0.8299333740669922,1.397293711445323,0.851503152310979,0.25994540707334424,-2.033607098233174,6.751447071016784,0.14366031424596118,0.14054973722827266
3853,126.0,M. R. Mosaddeghi,Iran,32.43720833333333,50.26291666666667,6_10,31.041307405427823,56.05631914279453,12.902373451777647,1.4312977099236643,1.2685,0.015192764725949933,8.838109225773186,12,1,SILTY CLAY LOAM,10.406593406593407,1.0173085866821798,0.5213207547169811,0.2717753292986828,0.6183378772592095,1.2850344802556257,0.9871330454476703,0.7461652023620914,-1.8183631875613517,8.838109225773186,0.446330757095283,0.4156517405423962
3854,126.0,M. R. Mosaddeghi,Iran,32.43720833333333,50.26291666666667,6_10,41.35386286456135,51.65072132496337,6.9954158104752775,1.2057598889659966,1.1658000000000002,0.008738896465890822,7.660201504756953,12,3,SILTY CLAY,10.927515833919776,1.0385214444528366,0.5600754716981131,0.3136845339978639,0.9077856345097427,1.309767853201566,0.8900813966004325,0.675316538567295,-2.05854340592772,7.660201504756953,0.13272777551230552,0.16915991218005602
3855,126.0,M. R. Mosaddeghi,Iran,32.43720833333333,50.26291666666667,6_10,46.19396996818997,51.79227007778101,2.0137599540290188,0.45395205316876297,1.1011,0.00621549282477937,5.861976211530263,12,1,SILTY CLAY,9.68332160450387,0.9860243559720228,0.5844905660377359,0.34162922178711286,1.1565668496586734,1.3995620324755267,0.7867461208935405,0.26533069251060265,-2.2065244305626797,5.861976211530263,-0.05804683952389608,0.043593567632652735
3856,126.0,M. R. Mosaddeghi,Iran,32.43720833333333,50.26291666666667,6_10,25.784140195728355,64.48690944405985,9.728950360211792,0.8761276891047881,1.2731,0.016046651173710298,7.055978852043389,12,3,SILTY LOAM,3.3826530612244894,0.5292574570482971,0.5195849056603774,0.2699684741901033,0.6077658442620457,1.3476788520751226,0.9446612581622928,0.4552227226899558,-1.7946155880894614,7.055978852043389,0.486336394915598,0.3773230476703498
3857,126.0,M. R. Mosaddeghi,Iran,32.43720833333333,50.26291666666667,6_10,20.046088357011996,77.47490232751346,2.479009315474542,0.6319724661761209,1.1406999999999998,0.014821267456487397,4.328299416863331,12,1,SILTY LOAM,2.3271535120072118,0.366825032714597,0.5695471698113208,0.3243839786400855,0.9970982616529539,1.3772049367881385,0.8282717913140031,0.3599381295092903,-1.8291146556129845,4.328299416863331,0.6323399293916261,0.12366548881380143
3858,126.0,M. R. Mosaddeghi,Iran,32.43720833333333,50.26291666666667,6_10,32.48293332330965,60.61467983321012,6.902386843480227,0.8099928791834796,1.3613,0.011627688067746894,6.902998529553983,12,3,SILTY CLAY LOAM,8.153988868274581,0.9113701142230519,0.4863018867924528,0.23648952509789956,0.43581474786863095,1.3555508905466367,1.0042411609135862,0.3939010654353774,-1.9345066274239135,6.902998529553983,0.06211994924696791,0.2124927196315456
3859,126.0,M. R. Mosaddeghi,Iran,32.43720833333333,50.26291666666667,6_10,42.25569089825216,51.0686986843665,6.675610417381336,0.9524092095893665,1.1676,0.008386730190147141,7.587326279849795,12,1,SILTY CLAY,10.78095238095238,1.0326571277823144,0.5593962264150943,0.3129241381274475,0.9017002132065746,1.338711840769958,0.8721817230872154,0.5327741178472742,-2.076407328464011,7.587326279849795,0.09407879694844254,0.15798133400434974
3860,126.0,M. R. Mosaddeghi,Iran,32.43720833333333,50.26291666666667,6_10,38.597709826041545,55.597979876668845,5.804310297289613,0.7026370575988897,1.1109,0.009150574318770543,7.006775810071205,12,3,SILTY CLAY LOAM,6.07891156462585,0.7838258253593765,0.5807924528301887,0.3373198732645069,1.1148198861764695,1.3685271554890515,0.8117485981511365,0.4080863001322457,-2.0385516473930667,7.006775810071205,0.2619326937894338,0.1503796552554394
3861,126.0,M. R. Mosaddeghi,Iran,32.43720833333333,50.26291666666667,6_10,24.91113939027295,72.60503653296686,2.4838240767601807,0.6497745074768572,1.2006000000000001,0.012650945956523914,4.800339847521394,12,1,SILTY LOAM,13.999536178107608,1.1461136472050013,0.546943396226415,0.2991470786756852,0.7971172709193636,1.3750084499748545,0.8731582704251426,0.35538987590073834,-1.8978769995206777,4.800339847521394,0.39759950144160744,0.09970736536161967
3862,126.0,M. R. Mosaddeghi,Iran,32.43720833333333,50.26291666666667,6_10,45.883442848085956,50.59336308932504,3.5231940625890026,0.5464954892435806,1.3075999999999999,0.006636762065333534,6.462060444351145,12,1,SILTY CLAY,7.236872277000688,0.8595509078639563,0.5065660377358491,0.2566091505873977,0.533887967062399,1.3878499226394518,0.9421768007258088,0.27683605462663496,-2.1780437519775124,6.462060444351145,-0.33680608974191717,0.07678573890485582
3863,126.0,M. R. Mosaddeghi,Iran,32.43720833333333,50.26291666666667,6_10,29.623407623876467,60.77236701122903,9.604225364894504,1.112627581295989,1.2167999999999999,0.014095143486575697,7.512159270194209,12,3,SILTY CLAY LOAM,6.0068791561568435,0.7786488950833375,0.5408301886792453,0.29249729298682803,0.7503020317044184,1.3202610875614011,0.9216358881314151,0.601742584722042,-1.8509304987132111,7.512159270194209,0.46520640654180767,0.3242106879410287
3907,128.0,I. Braud,France,45.707304,4.597883,9_0,12.8,13.8,73.4,2.13,1.008319154,0.2541778133515473,11.749252300715609,13,1,SANDY LOAM,17.60208452,1.2455641020145285,0.6195022060377358,0.3837829832856212,1.6421933356427407,1.2140137070819057,0.8305665315951593,1.3195396988603771,-0.5948623607824657,11.749252300715609,3.317530845289063,5.734375
3908,128.0,I. Braud,France,45.707304,4.597883,9_0,12.8,13.8,73.4,2.13,1.329751626,0.2541778133515473,11.749252300715609,13,1,SANDY LOAM,15.46250655,1.189279896606668,0.49820693358490564,0.24821014867207458,0.4911113711322075,1.2140137070819057,1.0953349358767048,1.061180768535849,-0.5948623607824657,11.749252300715609,2.793286549796741,5.734375
3909,128.0,I. Braud,France,45.707304,4.597883,9_0,10.2,15.1,74.7,1.44,1.550598114,0.2901828240914576,10.100712270926723,13,1,SANDY LOAM,31.17644638,1.4938266109968161,0.414868636226415,0.17211598532436548,0.20855713693589756,1.2840988556090895,1.2075379611365678,0.5974108361660376,-0.5373282970087521,10.100712270926723,2.5363997437189747,7.3235294117647065
3910,128.0,I. Braud,France,45.707304,4.597883,9_0,13.1,15.7,71.2,3.49,0.878467322,0.23215936530633297,12.085379442757711,13,3,SANDY LOAM,390.6214059,2.5917560387714063,0.6685028973584906,0.4468961237766966,2.718631895265833,1.0960992054723278,0.8014487353099152,2.3330751117811324,-0.6342137922096391,12.085379442757711,3.457754104873165,5.435114503816794
3911,128.0,I. Braud,France,45.707304,4.597883,9_0,13.1,15.7,71.2,3.49,0.899863362,0.23215936530633297,12.085379442757711,13,3,SANDY LOAM,192.6569037,2.2847845762096184,0.66042892,0.4361663583723664,2.498140476230657,1.0960992054723278,0.8209689027301444,2.3048969308,-0.6342137922096391,12.085379442757711,3.4210205532037863,5.435114503816794
3912,128.0,I. Braud,France,45.707304,4.597883,9_0,14.3,30.7,55.0,2.66,0.976593991,0.12311045709325306,12.864851684652642,13,3,SANDY LOAM,167.3827509,2.2237107011188604,0.6314739656603774,0.39875936930684347,1.8540865483378224,1.1651662225335007,0.8381585151657802,1.679720748656604,-0.9097050562074839,12.864851684652642,2.7405511721469,3.846153846153846
3913,128.0,I. Braud,France,45.707304,4.597883,9_0,14.3,30.7,55.0,2.66,0.936999019,0.12311045709325306,12.864851684652642,13,3,SANDY LOAM,181.9380919,2.259923635677345,0.6464154645283018,0.41785295278134016,2.1604722314475686,1.1651662225335007,0.804176263334015,1.7194651356452828,-0.9097050562074839,12.864851684652642,2.8069698577933093,3.846153846153846
3914,128.0,I. Braud,France,45.707304,4.597883,9_0,14.3,30.7,55.0,2.66,0.851660788,0.12311045709325306,12.864851684652642,13,3,SANDY LOAM,499.2724071,2.6983375649028094,0.6786185705660377,0.4605231643170923,3.0257682680026843,1.1651662225335007,0.7309350129873965,1.8051253977056603,-0.9097050562074839,12.864851684652642,2.9532568331082905,3.846153846153846
3915,128.0,I. Braud,France,45.707304,4.597883,9_0,22.7,32.0,45.3,4.11,0.874778349,0.06556157563379429,15.950598129545956,13,3,LOAM,22.5482031,1.3531119380166987,0.6698949626415094,0.44875926097246926,2.7587721487163965,1.04962309364709,0.8334214007815292,2.753268296456604,-1.1833506176268653,15.950598129545956,2.3658458791624213,1.9955947136563876
3916,128.0,I. Braud,France,45.707304,4.597883,9_0,19.7,29.1,51.2,1.41,1.240724423,0.08979411270215608,15.373818273827647,13,3,LOAM,0.9276280695,-0.03262611833016909,0.5318021045283019,0.28281347838073095,0.6861060367363231,1.2873300603869273,0.963796668142031,0.7498409673849057,-1.0467521366599042,15.373818273827647,2.0347182486965973,2.5989847715736043
3917,128.0,I. Braud,France,45.707304,4.597883,9_0,19.7,29.1,51.2,1.41,1.219574314,0.08979411270215608,15.373818273827647,13,3,LOAM,2.520158314,0.40142782361368834,0.5397832777358491,0.2913659869232568,0.7425633126788961,1.2873300603869273,0.9473672304625883,0.7610944216075473,-1.0467521366599042,15.373818273827647,2.069060496720655,2.5989847715736043
3918,128.0,I. Braud,France,45.707304,4.597883,9_0,13.1,17.7,69.2,0.762,1.313766079,0.21571045626840923,12.1981007484773,13,3,SANDY LOAM,3.527061146,0.5474129887687667,0.5042392154716981,0.2542571864195136,0.5216335478624183,1.3613213199985843,0.9650668506399109,0.384230282189434,-0.6661288025580583,12.1981007484773,2.67693919083634,5.282442748091603
3919,128.0,I. Braud,France,45.707304,4.597883,9_0,13.1,17.7,69.2,0.762,1.383610625,0.21571045626840923,12.1981007484773,13,3,SANDY LOAM,3.218783339,0.507691744674586,0.4778827830188679,0.22837195430585835,0.40033920621038904,1.3613213199985843,1.0163732872423088,0.3641466806603773,-0.6661288025580583,12.1981007484773,2.5620018001191056,5.282442748091603
3920,128.0,I. Braud,France,45.707304,4.597883,9_0,16.4,31.4,52.2,2.88,0.915234081,0.10372883230715982,13.760270696468977,13,3,SANDY LOAM,2.797864766,0.4468267191624832,0.6546286486792452,0.42853866767161464,2.351865074891806,1.1460254402397296,0.7986158499313489,1.8853305081962262,-0.9841005110026575,13.760270696468977,2.6950426624086097,3.1829268292682933
3921,128.0,I. Braud,France,45.707304,4.597883,9_0,22.7,32.0,45.3,4.11,0.955689813,0.06556157563379429,15.950598129545956,13,3,LOAM,5.299551242,0.7242390957565429,0.6393623347169811,0.408784195054749,2.00955075068976,1.04962309364709,0.9105076086686477,2.6277791956867924,-1.1833506176268653,15.950598129545956,2.2282290249214856,1.9955947136563876
3922,128.0,I. Braud,France,45.707304,4.597883,9_0,7.0,14.6,78.4,1.57,1.583552935,0.3689721775277303,7.93711393990712,13,1,LOAMY SAND,40.68526284,1.6094371260239737,0.4024328547169811,0.16195220255565881,0.18251848909884325,1.2702823904251084,1.2466148841676483,0.6318195819056603,-0.43300638072911046,7.93711393990712,2.6871253850490837,11.200000000000001
3923,128.0,I. Braud,France,45.707304,4.597883,9_0,7.0,14.6,78.4,1.57,1.555762676,0.3689721775277303,7.93711393990712,13,1,LOAMY SAND,39.7970918,1.5998513368636627,0.4129197449056603,0.17050271573295558,0.20426878352894504,1.2702823904251084,1.2247376549708398,0.6482839995018868,-0.43300638072911046,7.93711393990712,2.736020522629289,11.200000000000001
3924,128.0,I. Braud,France,45.707304,4.597883,9_0,7.0,14.6,78.4,1.57,1.534858498,0.3689721775277303,7.93711393990712,13,1,LOAMY SAND,18.79009839,1.2739290541889876,0.42080811396226414,0.17707946877647787,0.22213008223501826,1.2702823904251084,1.2082813314339889,0.6606687389207547,-0.43300638072911046,7.93711393990712,2.7724258974412748,11.200000000000001
3925,128.0,I. Braud,France,45.707304,4.597883,9_0,11.8,16.9,71.3,3.08,1.110134796,0.24309532773455397,11.305161163363882,13,1,SANDY LOAM,36.08391337,1.5573136314983216,0.5810812090566038,0.33765537151868447,1.1180231896445512,1.1291624136171419,0.9831489098577156,1.7897301238943397,-0.6142233881685976,11.305161163363882,3.111835316803031,6.042372881355932
3926,128.0,I. Braud,France,45.707304,4.597883,9_0,11.8,16.9,71.3,3.08,0.846496227,0.24309532773455397,11.305161163363882,13,1,SANDY LOAM,97.17090167,1.9875362326618005,0.6805674615094339,0.4631720696653948,3.0892655278397823,1.1291624136171419,0.7496673789276662,2.0961477814490563,-0.6142233881685976,11.305161163363882,3.5532397434606438,6.042372881355932
3927,128.0,I. Braud,France,45.707304,4.597883,9_0,9.6,16.8,73.6,1.13,1.437961487,0.28418966977977345,9.857914630496728,13,1,SANDY LOAM,96.02487899,1.9823837685421513,0.4573730237735849,0.20919008287579227,0.3249442653561107,1.318290996703905,1.090776991267713,0.5168315168641509,-0.5463917126125575,9.857914630496728,2.710856733192545,7.666666666666666
3928,128.0,I. Braud,France,45.707304,4.597883,9_0,9.6,16.8,73.6,1.13,1.390004844,0.28418966977977345,9.857914630496728,13,1,SANDY LOAM,169.0994671,2.228142238964424,0.47546987018867926,0.2260715974572395,0.39068624853985057,1.318290996703905,1.0543991026832464,0.5372809533132075,-0.5463917126125575,9.857914630496728,2.7908759813890938,7.666666666666666
3929,128.0,I. Braud,France,45.707304,4.597883,9_0,9.6,16.8,73.6,1.13,1.405006666,0.28418966977977345,9.857914630496728,13,1,SANDY LOAM,100.0537626,2.0002334252630036,0.4698088052830188,0.2207203135214575,0.36889131874927056,1.318290996703905,1.0657788527061995,0.5308839499698113,-0.5463917126125575,9.857914630496728,2.7659462912279977,7.666666666666666
3930,128.0,I. Braud,France,45.707304,4.597883,9_0,8.3,18.0,73.7,1.05,1.531415457,0.297576541108868,9.12669539490534,13,6,SANDY LOAM,22.29502346,1.3482079336734343,0.4221073747169811,0.17817463579046192,0.2252031780678632,1.3274124072601274,1.1536847543567483,0.4432127434528302,-0.526401308571516,9.12669539490534,2.5916031793571377,8.879518072289157
3931,128.0,I. Braud,France,45.707304,4.597883,9_0,8.3,18.0,73.7,1.05,1.851618272,0.297576541108868,9.12669539490534,13,6,SANDY LOAM,1.842794975,0.265477019332353,0.3012761237735848,0.0907673027560364,0.056012244702333014,1.3274124072601274,1.3949080646472714,0.31633992996226407,-0.526401308571516,9.12669539490534,1.9873116418286738,8.879518072289157
3932,128.0,I. Braud,France,45.707304,4.597883,9_0,8.3,18.0,73.7,1.05,1.601997798,0.297576541108868,9.12669539490534,13,6,SANDY LOAM,2.671075446,0.42668615508192453,0.3954725290566038,0.15639852123842632,0.16924540324763793,1.3274124072601274,1.2068576346266313,0.415246155509434,-0.526401308571516,9.12669539490534,2.4675455463277634,8.879518072289157
3933,128.0,I. Braud,France,45.707304,4.597883,9_0,10.3,20.1,69.6,2.58,0.763125448,0.2398134037757845,10.555362731724657,13,3,SANDY LOAM,26.99163222,1.4312291477171628,0.7120281328301887,0.5069840619416449,4.353026743585583,1.1722859981873615,0.6509720743743226,1.837032582701887,-0.6201265467451915,10.555362731724657,3.690369523352465,6.757281553398057
3934,128.0,I. Braud,France,45.707304,4.597883,9_0,10.3,20.1,69.6,2.58,1.208999259,0.2398134037757845,10.555362731724657,13,6,SANDY LOAM,195.7289198,2.2916549992994737,0.5437738645283019,0.295690015744044,0.7724932070388154,1.1722859981873615,1.0313176655435672,1.402936570483019,-0.6201265467451915,10.555362731724657,2.939472857143749,6.757281553398057
3935,128.0,I. Braud,France,45.707304,4.597883,9_0,10.3,20.1,69.6,2.58,0.755501571,0.2398134037757845,10.555362731724657,13,3,SANDY LOAM,96.64286655,1.9851698031932803,0.7149050675471698,0.5110892556046234,4.495377121537951,1.1722859981873615,0.6444686468730231,1.844455074271698,-0.6201265467451915,10.555362731724657,3.7043443190043237,6.757281553398057
3936,128.0,I. Braud,France,45.707304,4.597883,9_0,10.3,20.1,69.6,2.58,1.121447645,0.2398134037757845,10.555362731724657,13,3,SANDY LOAM,30.84772304,1.4892231130156675,0.5768122094339623,0.33271232495208913,1.0716107829823711,1.1722859981873615,0.9566331481686466,1.4881755003396226,-0.6201265467451915,10.555362731724657,3.0816152630277154,6.757281553398057
3937,128.0,I. Braud,France,45.707304,4.597883,9_0,10.1,17.9,72.0,1.02,1.666923714,0.26363399594512155,10.273180407942315,13,5,SANDY LOAM,9.226672486,0.9650451049780157,0.3709721833962264,0.13762036085376342,0.12902811015061577,1.3308655630579012,1.2525109675014396,0.3783916270641509,-0.578998587631147,10.273180407942315,2.2445184425447797,7.128712871287129
3938,128.0,I. Braud,France,45.707304,4.597883,9_0,14.6,25.2,60.2,3.89,1.052094962,0.14758052489544948,13.213193859089033,13,3,SANDY LOAM,1274.201317,3.1052380496280954,0.6029830332075472,0.363588538336174,1.3909039555934353,1.0656565882750948,0.9872739244290263,2.3456039991773587,-0.8309709493455066,13.213193859089033,2.7731865250381182,4.123287671232877
3939,128.0,I. Braud,France,45.707304,4.597883,9_0,14.6,25.2,60.2,3.89,0.912405869,0.14758052489544948,13.213193859089033,13,3,SANDY LOAM,812.5000671,2.909823405516953,0.6556958984905661,0.42993711129735074,2.378061099357903,1.0656565882750948,0.8561912712207305,2.550657045128302,-0.8309709493455066,13.213193859089033,3.0061123915455314,4.123287671232877
3940,128.0,I. Braud,France,45.707304,4.597883,9_0,14.6,25.2,60.2,3.89,1.139646576,0.14758052489544948,13.213193859089033,13,3,SANDY LOAM,118.3104551,2.073023124945814,0.5699446883018868,0.32483694772353494,1.0010355464432734,1.0656565882750948,1.069431361415095,2.21708483749434,-0.8309709493455066,13.213193859089033,2.6303388822291494,4.123287671232877
3941,128.0,I. Braud,France,45.707304,4.597883,9_0,13.6,19.5,66.9,4.19,1.102756851,0.19502669846097334,12.589397144403527,13,3,SANDY LOAM,70.40466185,1.8476014169361312,0.5838653392452829,0.34089873437200935,1.149397642534426,1.0439117013926738,1.0563698534357087,2.446395771437736,-0.7099059311985944,12.589397144403527,2.93248972115685,4.919117647058824
3942,128.0,I. Braud,France,45.707304,4.597883,9_0,13.6,19.5,66.9,4.19,1.212688232,0.19502669846097334,12.589397144403527,13,3,SANDY LOAM,62.61342173,1.796667437978567,0.542381799245283,0.2941780161525504,0.7619188949863451,1.0439117013926738,1.1616770176846978,2.272579738837736,-0.7099059311985944,12.589397144403527,2.753928162981941,4.919117647058824
3943,128.0,I. Braud,France,45.707304,4.597883,9_0,14.9,21.6,63.5,4.46,0.992333607,0.16498478596245744,13.413316527828574,13,3,SANDY LOAM,168.3060937,2.2260998403511945,0.6255344879245284,0.3912933955830019,1.7455412851675383,1.02508636076759,0.9680487859158866,2.7898838161433965,-0.7825561023145275,13.413316527828574,2.968649201995121,4.2617449664429525
3944,128.0,I. Braud,France,45.707304,4.597883,9_0,13.3,19.1,67.6,3.62,1.421975939,0.20207344359306476,12.387475773210054,13,1,SANDY LOAM,28.12297765,1.4490613017141123,0.4634053060377359,0.21474447766392765,0.34561315039614404,1.0860163294137886,1.3093504218003391,1.677527207856604,-0.6944907575327353,12.387475773210054,2.44144002524201,5.082706766917292
3945,128.0,I. Braud,France,45.707304,4.597883,9_0,13.3,19.1,67.6,3.62,0.81747631,0.20207344359306476,12.387475773210054,13,4,SANDY LOAM,455.221303,2.6582225775497275,0.6915183735849056,0.47819766100551314,3.474982064186265,1.0860163294137886,0.7527292986849088,2.5032965123773585,-0.6944907575327353,12.387475773210054,3.443802333806448,5.082706766917292
3946,128.0,I. Braud,France,45.707304,4.597883,9_0,13.3,19.1,67.6,3.62,1.424189323,0.20207344359306476,12.387475773210054,13,1,SANDY LOAM,12.1060117,1.0830010893058395,0.4625700667924528,0.21397106669237426,0.34268009159087054,1.0860163294137886,1.3113884979692256,1.6745036417886794,-0.6944907575327353,12.387475773210054,2.437738640753444,5.082706766917292
3947,128.0,I. Braud,France,45.707304,4.597883,9_0,16.7,20.7,62.6,6.07,0.472434414,0.1505263818475674,14.471605653078644,13,4,SANDY LOAM,335.2314066,2.525344699320196,0.8217228626415094,0.675228462987757,17.457610816849478,0.9255584186233077,0.5104317615118314,4.987857776233962,-0.8223873772347907,14.471605653078644,3.889041334565196,3.7485029940119765
3948,128.0,I. Braud,France,45.707304,4.597883,9_0,16.7,20.7,62.6,6.07,0.793129091,0.1505263818475674,14.471605653078644,13,4,SANDY LOAM,566.9808154,2.7535683641717874,0.7007060033962265,0.4909889031955125,3.840709891554953,0.9255584186233077,0.8569195364023748,4.253285440615095,-0.8223873772347907,14.471605653078644,3.2314680309656145,3.7485029940119765
3949,128.0,I. Braud,France,45.707304,4.597883,9_0,16.7,20.7,62.6,6.07,0.619501451,0.1505263818475674,14.471605653078644,13,4,SANDY LOAM,1448.505972,3.1609202900826174,0.7662258675471698,0.587102080098413,8.231472292235749,0.9255584186233077,0.6693272283357949,4.650991016011321,-0.8223873772347907,14.471605653078644,3.562534047699814,3.7485029940119765
3950,128.0,I. Braud,France,45.707304,4.597883,9_0,9.8,12.0,78.2,3.58,1.398858378,0.3343357861716272,9.513671696856765,13,6,SANDY LOAM,624.4788997,2.7955177687331005,0.4721289139622642,0.22290571139918708,0.3776817901021489,1.0890989391078707,1.2844180889073924,1.6902215119849058,-0.4758171355071354,9.513671696856765,2.917323056356398,7.979591836734693
3951,128.0,I. Braud,France,45.707304,4.597883,9_0,8.9,13.6,77.5,3.69,0.984955662,0.3355423725437345,9.079118050130726,13,1,SANDY LOAM,33.96373887,1.5310154931511422,0.6283186181132075,0.39478428586769077,1.7955527649219107,1.0806635449694635,0.9114360029863245,2.318495700837736,-0.4742526289973446,9.079118050130726,3.597524195540795,8.707865168539325
3952,128.0,I. Braud,France,45.707304,4.597883,9_0,8.0,15.7,76.3,2.71,1.078901495,0.330623047707007,8.708352565717671,13,6,SANDY LOAM,379.7710764,2.579521885524208,0.5928673603773584,0.3514917070008166,1.2571896077714155,1.1607601136520442,0.9294784359926908,1.6066705466226414,-0.4806668750746587,8.708352565717671,3.4298983137421897,9.5375
3953,128.0,I. Braud,France,45.707304,4.597883,9_0,13.1,21.3,65.6,4.88,0.799769241,0.18898362658285486,12.335660388623921,13,4,SANDY LOAM,49.94648128,1.6985048976769679,0.6982002864150942,0.4874836399501196,3.736822087772745,0.9971152344026688,0.8020830626252634,3.4072173977056597,-0.7235758211852126,12.335660388623921,3.4171820604765615,5.007633587786259
3954,128.0,I. Braud,France,45.707304,4.597883,9_0,12.1,22.3,65.6,4.88,0.789931981,0.19524229873637675,11.763330013194723,13,4,SANDY LOAM,81.4905354,1.9111071711664334,0.70191246,0.49268110150325156,3.8918958490130704,0.9971152344026688,0.7922173423347765,3.4253328047999996,-0.7094260877055045,11.763330013194723,3.4631403157031126,5.421487603305785
3955,128.0,I. Braud,France,45.707304,4.597883,9_0,11.3,20.4,68.3,4.88,0.780094721,0.22129875112870875,11.196051307865167,13,4,SANDY LOAM,165.0386184,2.217585579338776,0.7056246335849057,0.4979061235218324,4.054322309391965,0.9971152344026688,0.7823516220442897,3.4434482118943395,-0.655021036951372,11.196051307865167,3.589707478761797,6.044247787610619
3956,128.0,I. Braud,France,45.707304,4.597883,9_0,16.5,22.0,61.5,3.67,1.057997318,0.1455088183049388,14.331701726632279,13,3,SANDY LOAM,18.416252,1.2652012490235889,0.6007557290566038,0.36090744599433155,1.3602426179132048,1.0821875200875102,0.9776469404437836,2.204773525637736,-0.8371106862304796,14.331701726632279,2.75122628670393,3.727272727272727
3957,128.0,I. Braud,France,45.707304,4.597883,9_0,16.5,22.0,61.5,3.67,0.862235843,0.1455088183049388,14.331701726632279,13,3,SANDY LOAM,44.24744966,1.6458882438359161,0.6746279837735849,0.4551229164904123,2.9002314564264084,1.0821875200875102,0.7967527133654951,2.4758847004490567,-0.8371106862304796,14.331701726632279,3.0800425677222907,3.727272727272727
3958,128.0,I. Braud,France,45.707304,4.597883,9_0,15.4,25.6,59.0,3.72,1.058981044,0.1375815689249578,13.630827198655437,13,3,SANDY LOAM,133.79,2.1264236537373384,0.6003845116981132,0.36046156188698186,1.3552013191397991,1.0783856132638645,0.9820059086237861,2.2334303835169815,-0.8614397423383247,13.630827198655437,2.7009556125609206,3.831168831168831
3959,128.0,I. Braud,France,45.707304,4.597883,9_0,12.8,20.6,66.6,1.02,1.562648758,0.19798240886266663,12.131597445323967,13,3,SANDY LOAM,40.50910856,1.6075526862412854,0.41032122339622645,0.16836350636937597,0.19867396007827393,1.3308655630579012,1.174159735871094,0.418527647864151,-0.7033733959670908,12.131597445323967,2.1832254380400746,5.203124999999999
3960,128.0,I. Braud,France,45.707304,4.597883,9_0,11.7,20.3,68.0,0.752,1.743654343,0.21603883074347754,11.439545516152847,13,3,SANDY LOAM,6.211988671,0.7932306550206755,0.3420172290566037,0.11697578497155732,0.09240913574365911,1.362529861401756,1.2797182596836059,0.257196956250566,-0.6654681818955183,11.439545516152847,1.9266098262462141,5.811965811965813
3961,128.0,I. Braud,France,45.707304,4.597883,9_0,15.4,25.6,59.0,4.99,0.685411093,0.1375815689249578,13.630827198655437,13,6,SANDY LOAM,1403.19989,3.147119541976644,0.7413543045283019,0.5496062048426421,6.0906961000322255,0.9900399222942659,0.6923065197327243,3.6993579795962264,-0.8614397423383247,13.630827198655437,3.353618727420766,3.831168831168831
3962,128.0,I. Braud,France,45.707304,4.597883,9_0,15.4,25.6,59.0,4.99,1.068080509,0.1375815689249578,13.630827198655437,13,6,SANDY LOAM,1203.950905,3.0806087775178908,0.5969507513207547,0.35635019950241353,1.3094812296857634,0.9900399222942659,1.0788256967707799,2.978784249090566,-0.8614397423383247,13.630827198655437,2.6860510743950736,3.831168831168831
3963,128.0,I. Braud,France,45.707304,4.597883,9_0,17.1,23.8,59.1,1.53,0.888796445,0.1306476075593461,14.600049433575208,13,1,SANDY LOAM,21.84434324,1.3393389919830267,0.6646051150943396,0.4416999590095604,2.609625386884406,1.2745018379794277,0.6973677232267329,1.0168458260943396,-0.8838985387364076,14.600049433575208,2.9406123726480216,3.4561403508771926
3964,128.0,I. Braud,France,45.707304,4.597883,9_0,10.7,19.1,70.2,7.69,0.556051124,0.24198478654063602,10.74293689179778,13,4,SANDY LOAM,542.9464533,2.7347570005224924,0.7901693871698113,0.6243676604203152,11.20528488271964,0.843183360233454,0.6594664342593821,6.076402587335849,-0.6162119370325491,10.74293689179778,4.108830309944776,6.560747663551402
3965,128.0,I. Braud,France,45.707304,4.597883,9_0,10.7,19.1,70.2,7.69,0.530228316,0.24198478654063602,10.74293689179778,13,4,SANDY LOAM,54.05005955,1.7327961767763254,0.7999138430188679,0.6398621562532141,12.784847499067467,0.843183360233454,0.6288410576000866,6.151337452815095,-0.6162119370325491,10.74293689179778,4.1661029594651415,6.560747663551402
3966,128.0,I. Braud,France,45.707304,4.597883,9_0,12.8,13.8,73.4,2.13,1.008319154,0.2541778133515473,11.749252300715609,7,1,SANDY LOAM,0.687475207,-0.16274295954460238,0.6195022060377358,0.3837829832856212,1.6421933356427407,1.2140137070819057,0.8305665315951593,1.3195396988603771,-0.5948623607824657,11.749252300715609,3.317530845289063,5.734375
3967,128.0,I. Braud,France,45.707304,4.597883,9_0,12.8,13.8,73.4,2.13,1.329751626,0.2541778133515473,11.749252300715609,7,1,SANDY LOAM,2.192294988,0.3408989909807163,0.49820693358490564,0.24821014867207458,0.4911113711322075,1.2140137070819057,1.0953349358767048,1.061180768535849,-0.5948623607824657,11.749252300715609,2.793286549796741,5.734375
3968,128.0,I. Braud,France,45.707304,4.597883,9_0,10.2,15.1,74.7,1.44,1.550598114,0.2901828240914576,10.100712270926723,7,1,SANDY LOAM,1.18480065,0.07364528377390135,0.414868636226415,0.17211598532436548,0.20855713693589756,1.2840988556090895,1.2075379611365678,0.5974108361660376,-0.5373282970087521,10.100712270926723,2.5363997437189747,7.3235294117647065
3969,128.0,I. Braud,France,45.707304,4.597883,9_0,13.1,15.7,71.2,3.49,0.878,0.23215936530633297,12.085379442757711,7,3,SANDY LOAM,3.26,0.5132176000679389,0.6686792452830188,0.4471319330722676,2.723681035435621,1.0960992054723278,0.8010223852152643,2.3336905660377356,-0.6342137922096391,12.085379442757711,3.458559943997507,5.435114503816794
3970,128.0,I. Braud,France,45.707304,4.597883,9_0,21.2,21.7,57.1,3.32,1.031,0.1062117448858612,16.85552940242855,7,3,SANDY CLAY LOAM,2.412,0.3823773034681137,0.6109433962264151,0.3732518333926665,1.5065284647284585,1.1095704752807132,0.9291883868297456,2.028332075471698,-0.9738274563516301,16.85552940242855,2.5221537105657226,2.6933962264150946
3971,128.0,I. Braud,France,45.707304,4.597883,9_0,14.3,30.7,55.0,2.66,0.977,0.12311045709325306,12.864851684652642,7,3,SANDY LOAM,2.915,0.46463855909503293,0.6313207547169811,0.3985658953364186,1.8511977830733748,1.1651662225335007,0.8385069710273972,1.67931320754717,-0.9097050562074839,12.864851684652642,2.7398739906105645,3.846153846153846
3972,128.0,I. Braud,France,45.707304,4.597883,9_0,22.7,32.0,45.3,4.11,0.875,0.06556157563379429,15.950598129545956,7,3,LOAM,2.052,0.3121773564397787,0.6698113207547169,0.4486472054111783,2.756341932999614,1.04962309364709,0.8336325727739725,2.752924528301887,-1.1833506176268653,15.950598129545956,2.365463138450876,1.9955947136563876
3973,128.0,I. Braud,France,45.707304,4.597883,9_0,19.7,29.1,51.2,1.41,1.241,0.08979411270215608,15.373818273827647,7,3,LOAM,0.352,-0.45345733652186904,0.5316981132075471,0.28270288358846557,0.685399119842912,1.2873300603869273,0.9640107367857145,0.7496943396226414,-1.0467521366599042,15.373818273827647,2.0342705505866956,2.5989847715736043
3974,128.0,I. Braud,France,45.707304,4.597883,9_0,19.7,29.1,51.2,1.41,1.22,0.08979411270215608,15.373818273827647,7,3,LOAM,0.337,-0.47237009912866135,0.539622641509434,0.29119259522961904,0.7413829210041933,1.2873300603869273,0.9476979040117418,0.7608679245283019,-1.0467521366599042,15.373818273827647,2.0683695853017756,2.5989847715736043
3975,128.0,I. Braud,France,45.707304,4.597883,9_0,13.1,17.7,69.2,0.762,1.314,0.21571045626840923,12.1981007484773,7,3,SANDY LOAM,1.241,0.09377178149872986,0.5041509433962263,0.25416817372730505,0.521174033916533,1.3613213199985843,0.9652386844285716,0.3841630188679245,-0.6661288025580583,12.1981007484773,2.6765564464308347,5.282442748091603
3976,128.0,I. Braud,France,45.707304,4.597883,9_0,13.1,17.7,69.2,0.762,1.384,0.21571045626840923,12.1981007484773,7,3,SANDY LOAM,2.049,0.311541958401195,0.4777358490566038,0.22823154147383415,0.39974502076297563,1.3613213199985843,1.0166593144970646,0.3640347169811321,-0.6661288025580583,12.1981007484773,2.5613567392623096,5.282442748091603
3977,128.0,I. Braud,France,45.707304,4.597883,9_0,16.4,31.4,52.2,2.88,0.915,0.10372883230715982,13.760270696468977,7,3,SANDY LOAM,1.19,0.07554696139253074,0.6547169811320754,0.42865432538269843,2.3540212302885144,1.1460254402397296,0.7984115953033268,1.8855849056603773,-0.9841005110026575,13.760270696468977,2.695440634818361,3.1829268292682933
3978,128.0,I. Braud,France,45.707304,4.597883,9_0,7.0,14.6,78.4,1.57,1.584,0.3689721775277303,7.93711393990712,7,1,LOAMY SAND,1.1,0.04139268515822507,0.4022641509433962,0.16181644713421142,0.18218616145252783,1.2702823904251084,1.246966825596869,0.6315547169811321,-0.43300638072911046,7.93711393990712,2.6863339056823845,11.200000000000001
3979,128.0,I. Braud,France,45.707304,4.597883,9_0,7.0,14.6,78.4,1.57,1.535,0.3689721775277303,7.93711393990712,7,1,LOAMY SAND,1.551,0.19061179781360493,0.4207547169811321,0.17703453186187257,0.22200459761647043,1.2702823904251084,1.2083927255626223,0.6605849056603774,-0.43300638072911046,7.93711393990712,2.772180488643802,11.200000000000001
3980,128.0,I. Braud,France,45.707304,4.597883,9_0,11.8,16.9,71.3,3.08,1.11,0.24309532773455397,11.305161163363882,7,1,SANDY LOAM,2.022,0.30578115125498223,0.581132075471698,0.3377144891420433,1.1185884507659098,1.1291624136171419,0.9830295328767124,1.7898867924528299,-0.6142233881685976,11.305161163363882,3.1120548361747735,6.042372881355932
3981,128.0,I. Braud,France,45.707304,4.597883,9_0,11.8,16.9,71.3,3.08,0.898,0.24309532773455397,11.305161163363882,7,1,SANDY LOAM,0.857,-0.06701917807680184,0.661132075471698,0.43709562121751505,2.516539538728327,1.1291624136171419,0.7952797482191781,2.03628679245283,-0.6142233881685976,11.305161163363882,3.4641882634002763,6.042372881355932
3982,128.0,I. Braud,France,45.707304,4.597883,9_0,9.6,16.8,73.6,1.13,1.438,0.28418966977977345,9.857914630496728,7,1,SANDY LOAM,1.377,0.13893394025692368,0.4573584905660377,0.2091767888928444,0.32489588700406685,1.318290996703905,1.0908062056066536,0.5168150943396226,-0.5463917126125575,9.857914630496728,2.7107920697478542,7.666666666666666
3983,128.0,I. Braud,France,45.707304,4.597883,9_0,9.6,16.8,73.6,1.13,1.39,0.28418966977977345,9.857914630496728,7,1,SANDY LOAM,0.971,-0.012780770091995148,0.47547169811320755,0.2260733357066572,0.3906934775242112,1.318290996703905,1.0543954282289627,0.5372830188679245,-0.5463917126125575,9.857914630496728,2.7908840171952782,7.666666666666666
3984,128.0,I. Braud,France,45.707304,4.597883,9_0,8.3,18.0,73.7,1.05,1.852,0.297576541108868,9.12669539490534,7,6,SANDY LOAM,4.298,0.6332664111554245,0.30113207547169807,0.09068052687789246,0.05590888555151372,1.3274124072601274,1.3951956376712331,0.316188679245283,-0.526401308571516,9.12669539490534,1.9865094997932198,8.879518072289157
3985,128.0,I. Braud,France,45.707304,4.597883,9_0,8.3,18.0,73.7,1.05,1.602,0.297576541108868,9.12669539490534,7,6,SANDY LOAM,1.371,0.13703745478951265,0.3954716981132075,0.1563978640085439,0.16924387116156614,1.3274124072601274,1.2068592934931508,0.4152452830188679,-0.526401308571516,9.12669539490534,2.4675416148795484,8.879518072289157
3986,128.0,I. Braud,France,45.707304,4.597883,9_0,10.3,20.1,69.6,2.58,0.763,0.2398134037757845,10.555362731724657,7,3,SANDY LOAM,1.629,0.2119210843085094,0.7120754716981132,0.5070514773940905,4.355326829980676,1.1722859981873615,0.6508650629452054,1.8371547169811322,-0.6201265467451915,10.555362731724657,3.6905989386705453,6.757281553398057
3987,128.0,I. Braud,France,45.707304,4.597883,9_0,10.3,20.1,69.6,2.58,1.209,0.2398134037757845,10.555362731724657,7,6,SANDY LOAM,0.964,-0.015922966097169238,0.5437735849056604,0.2956897116411535,0.7724910684058225,1.1722859981873615,1.0313182976418787,1.402935849056604,-0.6201265467451915,10.555362731724657,2.9394716548059363,6.757281553398057
3988,128.0,I. Braud,France,45.707304,4.597883,9_0,10.3,20.1,69.6,2.58,0.756,0.2398134037757845,10.555362731724657,7,3,SANDY LOAM,10.093,1.0040202732532415,0.7147169811320755,0.5108203631185475,4.485908997033087,1.1722859981873615,0.6448938238356164,1.8439698113207548,-0.6201265467451915,10.555362731724657,3.7034286470848627,6.757281553398057
3989,128.0,I. Braud,France,45.707304,4.597883,9_0,10.3,20.1,69.6,2.58,1.121,0.2398134037757845,10.555362731724657,7,3,SANDY LOAM,2.423,0.38435341413750623,0.5769811320754716,0.33290722677109286,1.0734093084599754,1.1722859981873615,0.9562512916927592,1.488611320754717,-0.6201265467451915,10.555362731724657,3.0823435451325256,6.757281553398057
3990,128.0,I. Braud,France,45.707304,4.597883,9_0,10.1,17.9,72.0,1.63,1.225,0.26363399594512155,10.273180407942315,7,5,SANDY LOAM,0.533,-0.2732727909734277,0.5377358490566038,0.28915984336062656,0.7276567153623097,1.2640053446400548,0.9691414717465755,0.8765094339622641,-0.578998587631147,10.273180407942315,2.9957606479460854,7.128712871287129
3991,128.0,I. Braud,France,45.707304,4.597883,9_0,10.1,17.9,72.0,1.63,1.667,0.26363399594512155,10.273180407942315,7,5,SANDY LOAM,1.377,0.13893394025692368,0.37094339622641503,0.13759900320398713,0.1289862687556884,1.2640053446400548,1.318823537470646,0.6046377358490564,-0.578998587631147,10.273180407942315,2.244377586153997,7.128712871287129
3992,128.0,I. Braud,France,45.707304,4.597883,9_0,14.6,25.2,60.2,3.89,1.052,0.14758052489544948,13.213193859089033,7,3,SANDY LOAM,1.365,0.13513265137677483,0.6030188679245283,0.36363175507297973,1.3914031152029334,1.0656565882750948,0.9871848131702543,2.3457433962264154,-0.8309709493455066,13.213193859089033,2.773342354183359,4.123287671232877
3993,128.0,I. Braud,France,45.707304,4.597883,9_0,14.6,25.2,60.2,3.89,0.912,0.14758052489544948,13.213193859089033,7,3,SANDY LOAM,1.94,0.287801729930226,0.6558490566037736,0.4301379850480598,2.381846478887553,1.0656565882750948,0.8558104083757337,2.5512528301886794,-0.8309709493455066,13.213193859089033,3.0068031485659925,4.123287671232877
3994,128.0,I. Braud,France,45.707304,4.597883,9_0,13.6,19.5,66.9,4.19,1.103,0.19502669846097334,12.589397144403527,7,3,SANDY LOAM,1.502,0.1766699326681496,0.5837735849056604,0.34079159843360635,1.1483493853477096,1.0439117013926738,1.0566027744765165,2.4460113207547174,-0.7099059311985944,12.589397144403527,2.932093461396428,4.919117647058824
3995,128.0,I. Braud,France,45.707304,4.597883,9_0,13.6,19.5,66.9,4.19,1.213,0.19502669846097334,12.589397144403527,7,3,SANDY LOAM,1.906,0.2801228963023076,0.5422641509433962,0.29405040939836236,0.7610318428004352,1.0439117013926738,1.1619756712964775,2.2720867924528303,-0.7099059311985944,12.589397144403527,2.753422247848237,4.919117647058824
3996,128.0,I. Braud,France,45.707304,4.597883,9_0,13.3,19.1,67.6,3.62,1.422,0.20207344359306476,12.387475773210054,7,1,SANDY LOAM,1.88,0.2741578492636798,0.46339622641509437,0.2147360626557494,0.34558114059274486,1.0860163294137886,1.3093725770841484,1.6774943396226416,-0.6944907575327353,12.387475773210054,2.441399800138376,5.082706766917292
3997,128.0,I. Braud,France,45.707304,4.597883,9_0,13.3,19.1,67.6,3.62,0.817,0.20207344359306476,12.387475773210054,7,4,SANDY LOAM,2.587,0.41279642871654343,0.6916981132075473,0.47844627981488086,3.4817485859494237,1.0860163294137886,0.7522907141193736,2.503947169811321,-0.6944907575327353,12.387475773210054,3.4446471743322435,5.082706766917292
3998,128.0,I. Braud,France,45.707304,4.597883,9_0,16.7,20.7,62.6,6.07,0.472,0.1505263818475674,14.471605653078644,7,4,SANDY LOAM,1.641,0.21510858105309322,0.8218867924528301,0.6754978996084015,17.500229940973355,0.9255584186233077,0.5099624081017612,4.988852830188679,-0.8223873772347907,14.471605653078644,3.890100282097406,3.7485029940119765
3999,128.0,I. Braud,France,45.707304,4.597883,9_0,16.7,20.7,62.6,6.07,0.793,0.1505263818475674,14.471605653078644,7,4,SANDY LOAM,0.123,-0.9100948885606021,0.7007547169811321,0.49105717337130655,3.8427617806800503,0.9255584186233077,0.8567800627641878,4.253581132075472,-0.8223873772347907,14.471605653078644,3.2316999896904473,3.7485029940119765
4000,128.0,I. Braud,France,45.707304,4.597883,9_0,9.8,12.0,78.2,3.58,1.399,0.3343357861716272,9.513671696856765,7,6,SANDY LOAM,0.374,-0.42712839779951983,0.47207547169811315,0.22285525097899603,0.3774771141456695,1.0890989391078707,1.2845481248434445,1.690030188679245,-0.4758171355071354,9.513671696856765,2.9170876366582283,7.979591836734693
4001,128.0,I. Braud,France,45.707304,4.597883,9_0,13.1,21.3,65.6,4.88,0.8,0.18898362658285486,12.335660388623921,7,4,SANDY LOAM,1.398,0.14550717140966257,0.6981132075471698,0.4873620505517977,3.7332694575471677,0.9971152344026688,0.8023144892367907,3.4067924528301883,-0.7235758211852126,12.335660388623921,3.4167689764306237,5.007633587786259
4002,128.0,I. Braud,France,45.707304,4.597883,9_0,11.3,20.4,68.3,4.88,0.78,0.22129875112870875,11.196051307865167,7,4,SANDY LOAM,0.108,-0.9665762445130504,0.7056603773584905,0.49795656817372724,4.055923362236858,0.9971152344026688,0.782256627005871,3.4436226415094335,-0.655021036951372,11.196051307865167,3.5898789479016866,6.044247787610619
4003,128.0,I. Braud,France,45.707304,4.597883,9_0,16.5,22.0,61.5,3.67,1.058,0.1455088183049388,14.331701726632279,7,3,SANDY LOAM,4.732,0.6750447359558928,0.600754716981132,0.36090622997508004,1.3602288469334973,1.0821875200875102,0.9776494187573387,2.2047698113207543,-0.8371106862304796,14.331701726632279,2.751221889921552,3.727272727272727
4004,128.0,I. Braud,France,45.707304,4.597883,9_0,16.5,22.0,61.5,3.67,0.862,0.1455088183049388,14.331701726632279,7,3,SANDY LOAM,6.288,0.7985125330313515,0.6747169811320755,0.45524300462798145,2.9029672597158465,1.0821875200875102,0.7965347816340509,2.4762113207547167,-0.8371106862304796,14.331701726632279,3.0804520468452066,3.727272727272727
4005,128.0,I. Braud,France,45.707304,4.597883,9_0,12.8,20.6,66.6,1.02,1.563,0.19798240886266663,12.131597445323967,7,3,SANDY LOAM,0.925,-0.03385826726096737,0.410188679245283,0.16825475258098968,0.19839229541888165,1.3308655630579012,1.1744236558414876,0.41839245283018867,-0.7033733959670908,12.131597445323967,2.182609291862223,5.203124999999999
4006,128.0,I. Braud,France,45.707304,4.597883,9_0,11.7,20.3,68.0,0.752,1.744,0.21603883074347754,11.439545516152847,7,3,SANDY LOAM,4.793,0.6806074289917878,0.34188679245283016,0.11688657885368456,0.09226686357478958,1.362529861401756,1.279971947334638,0.2570988679245283,-0.6654681818955183,11.439545516152847,1.9259406756222006,5.811965811965813
4007,128.0,I. Braud,France,45.707304,4.597883,9_0,15.4,25.6,59.0,4.99,0.685,0.1375815689249578,13.630827198655437,7,6,SANDY LOAM,0.759,-0.11975822410451964,0.7415094339622641,0.5498362406550373,6.101837634718827,0.9900399222942659,0.6918912910225049,3.700132075471698,-0.8614397423383247,13.630827198655437,3.3544124440487306,3.831168831168831
4008,128.0,I. Braud,France,45.707304,4.597883,9_0,15.4,25.6,59.0,4.99,1.068,0.1375815689249578,13.630827198655437,7,6,SANDY LOAM,1.872,0.27230584440208644,0.5969811320754717,0.3563864720541117,1.3098786337938289,0.9900399222942659,1.0787443778277888,2.9789358490566036,-0.8614397423383247,13.630827198655437,2.686182854999143,3.831168831168831
4009,128.0,I. Braud,France,45.707304,4.597883,9_0,17.1,23.8,59.1,1.53,0.889,0.1306476075593461,14.600049433575208,7,1,SANDY LOAM,1.092,0.038222638368718455,0.6645283018867925,0.44159786400854395,2.607526147066156,1.2745018379794277,0.697527436609589,1.0167283018867925,-0.8838985387364076,14.600049433575208,2.940262876064483,3.4561403508771926
4010,128.0,I. Braud,France,45.707304,4.597883,9_0,10.7,19.1,70.2,7.69,0.556,0.24198478654063602,10.74293689179778,7,4,SANDY LOAM,1.115,0.04727486738417948,0.790188679245283,0.6243981488074047,11.20816652718276,0.843183360233454,0.6594058021330724,6.076550943396227,-0.6162119370325491,10.74293689179778,4.1089419823751525,6.560747663551402
4011,128.0,I. Braud,France,45.707304,4.597883,9_0,10.7,19.1,70.2,7.69,0.53,0.24198478654063602,10.74293689179778,7,4,SANDY LOAM,0.804,-0.0947439512515487,0.8,0.6400000000000001,12.80000000000001,0.843183360233454,0.6285702790117417,6.152000000000001,-0.6162119370325491,10.74293689179778,4.1666173770954735,6.560747663551402
4027,130.0,F. P. Roberts,Wales,53.239,-4.014611,10_-1,16.1,35.4,48.5,4.82,1.163,0.09143272005515965,13.246398809823384,7,1,LOAM,0.14208333333333334,-0.8474568627191083,0.5611320754716981,0.3148692061231755,0.9173342359529746,1.00101728626584,1.1618180984050883,2.704656603773585,-1.0388983601033204,13.246398809823384,2.1765621634782195,3.012422360248447
4028,130.0,F. P. Roberts,Wales,53.239,-4.014611,10_-1,16.1,35.4,48.5,4.82,1.163,0.09143272005515965,13.246398809823384,7,1,LOAM,0.14208333333333334,-0.8474568627191083,0.5611320754716981,0.3148692061231755,0.9173342359529746,1.00101728626584,1.1618180984050883,2.704656603773585,-1.0388983601033204,13.246398809823384,2.1765621634782195,3.012422360248447
4029,130.0,F. P. Roberts,Wales,53.239,-4.014611,10_-1,16.1,35.4,48.5,4.82,1.163,0.09143272005515965,13.246398809823384,7,1,LOAM,0.14208333333333334,-0.8474568627191083,0.5611320754716981,0.3148692061231755,0.9173342359529746,1.00101728626584,1.1618180984050883,2.704656603773585,-1.0388983601033204,13.246398809823384,2.1765621634782195,3.012422360248447
4030,130.0,F. P. Roberts,Wales,53.239,-4.014611,10_-1,16.1,35.4,48.5,4.82,1.163,0.09143272005515965,13.246398809823384,7,1,LOAM,0.14208333333333334,-0.8474568627191083,0.5611320754716981,0.3148692061231755,0.9173342359529746,1.00101728626584,1.1618180984050883,2.704656603773585,-1.0388983601033204,13.246398809823384,2.1765621634782195,3.012422360248447
4031,130.0,F. P. Roberts,Wales,53.239,-4.014611,10_-1,16.1,35.4,48.5,4.82,1.163,0.09143272005515965,13.246398809823384,7,1,LOAM,0.14208333333333334,-0.8474568627191083,0.5611320754716981,0.3148692061231755,0.9173342359529746,1.00101728626584,1.1618180984050883,2.704656603773585,-1.0388983601033204,13.246398809823384,2.1765621634782195,3.012422360248447
4032,130.0,F. P. Roberts,Wales,53.239,-4.014611,10_-1,16.1,35.4,48.5,4.82,1.163,0.09143272005515965,13.246398809823384,7,1,LOAM,0.14208333333333334,-0.8474568627191083,0.5611320754716981,0.3148692061231755,0.9173342359529746,1.00101728626584,1.1618180984050883,2.704656603773585,-1.0388983601033204,13.246398809823384,2.1765621634782195,3.012422360248447
4033,130.0,F. P. Roberts,Wales,53.239,-4.014611,10_-1,16.1,35.4,48.5,4.82,1.163,0.09143272005515965,13.246398809823384,7,1,LOAM,0.14208333333333334,-0.8474568627191083,0.5611320754716981,0.3148692061231755,0.9173342359529746,1.00101728626584,1.1618180984050883,2.704656603773585,-1.0388983601033204,13.246398809823384,2.1765621634782195,3.012422360248447
4034,130.0,F. P. Roberts,Wales,53.239,-4.014611,10_-1,16.1,35.4,48.5,4.82,1.163,0.09143272005515965,13.246398809823384,7,1,LOAM,0.14208333333333334,-0.8474568627191083,0.5611320754716981,0.3148692061231755,0.9173342359529746,1.00101728626584,1.1618180984050883,2.704656603773585,-1.0388983601033204,13.246398809823384,2.1765621634782195,3.012422360248447
4035,130.0,F. P. Roberts,Wales,53.239,-4.014611,10_-1,16.1,35.4,48.5,4.82,1.163,0.09143272005515965,13.246398809823384,7,1,LOAM,0.14208333333333334,-0.8474568627191083,0.5611320754716981,0.3148692061231755,0.9173342359529746,1.00101728626584,1.1618180984050883,2.704656603773585,-1.0388983601033204,13.246398809823384,2.1765621634782195,3.012422360248447
4036,130.0,F. P. Roberts,Wales,53.239,-4.014611,10_-1,16.1,35.4,48.5,4.82,1.163,0.09143272005515965,13.246398809823384,7,1,LOAM,0.14208333333333334,-0.8474568627191083,0.5611320754716981,0.3148692061231755,0.9173342359529746,1.00101728626584,1.1618180984050883,2.704656603773585,-1.0388983601033204,13.246398809823384,2.1765621634782195,3.012422360248447
4037,130.0,F. P. Roberts,Wales,53.239,-4.014611,10_-1,16.1,35.4,48.5,4.82,1.163,0.09143272005515965,13.246398809823384,7,1,LOAM,0.14208333333333334,-0.8474568627191083,0.5611320754716981,0.3148692061231755,0.9173342359529746,1.00101728626584,1.1618180984050883,2.704656603773585,-1.0388983601033204,13.246398809823384,2.1765621634782195,3.012422360248447
4038,130.0,F. P. Roberts,Wales,53.239,-4.014611,10_-1,16.1,35.4,48.5,4.82,1.163,0.09143272005515965,13.246398809823384,7,1,LOAM,0.14208333333333334,-0.8474568627191083,0.5611320754716981,0.3148692061231755,0.9173342359529746,1.00101728626584,1.1618180984050883,2.704656603773585,-1.0388983601033204,13.246398809823384,2.1765621634782195,3.012422360248447
4039,130.0,F. P. Roberts,Wales,53.239,-4.014611,10_-1,16.1,35.4,48.5,4.82,1.163,0.09143272005515965,13.246398809823384,7,1,LOAM,0.14208333333333334,-0.8474568627191083,0.5611320754716981,0.3148692061231755,0.9173342359529746,1.00101728626584,1.1618180984050883,2.704656603773585,-1.0388983601033204,13.246398809823384,2.1765621634782195,3.012422360248447
4040,130.0,F. P. Roberts,Wales,53.239,-4.014611,10_-1,16.1,35.4,48.5,4.82,1.163,0.09143272005515965,13.246398809823384,7,1,LOAM,0.14208333333333334,-0.8474568627191083,0.5611320754716981,0.3148692061231755,0.9173342359529746,1.00101728626584,1.1618180984050883,2.704656603773585,-1.0388983601033204,13.246398809823384,2.1765621634782195,3.012422360248447
4041,130.0,F. P. Roberts,Wales,53.239,-4.014611,10_-1,16.1,35.4,48.5,4.82,1.163,0.09143272005515965,13.246398809823384,7,1,LOAM,0.14208333333333334,-0.8474568627191083,0.5611320754716981,0.3148692061231755,0.9173342359529746,1.00101728626584,1.1618180984050883,2.704656603773585,-1.0388983601033204,13.246398809823384,2.1765621634782195,3.012422360248447
4042,130.0,F. P. Roberts,Wales,53.239,-4.014611,10_-1,16.1,35.4,48.5,4.82,1.163,0.09143272005515965,13.246398809823384,7,1,LOAM,0.14208333333333334,-0.8474568627191083,0.5611320754716981,0.3148692061231755,0.9173342359529746,1.00101728626584,1.1618180984050883,2.704656603773585,-1.0388983601033204,13.246398809823384,2.1765621634782195,3.012422360248447
4043,130.0,F. P. Roberts,Wales,53.239,-4.014611,10_-1,16.1,35.4,48.5,4.82,1.163,0.09143272005515965,13.246398809823384,7,1,LOAM,0.14208333333333334,-0.8474568627191083,0.5611320754716981,0.3148692061231755,0.9173342359529746,1.00101728626584,1.1618180984050883,2.704656603773585,-1.0388983601033204,13.246398809823384,2.1765621634782195,3.012422360248447
4044,130.0,F. P. Roberts,Wales,53.239,-4.014611,10_-1,16.1,35.4,48.5,4.82,1.163,0.09143272005515965,13.246398809823384,7,1,LOAM,0.14208333333333334,-0.8474568627191083,0.5611320754716981,0.3148692061231755,0.9173342359529746,1.00101728626584,1.1618180984050883,2.704656603773585,-1.0388983601033204,13.246398809823384,2.1765621634782195,3.012422360248447
4045,130.0,F. P. Roberts,Wales,53.239,-4.014611,10_-1,16.1,35.4,48.5,4.82,1.163,0.09143272005515965,13.246398809823384,7,1,LOAM,0.14208333333333334,-0.8474568627191083,0.5611320754716981,0.3148692061231755,0.9173342359529746,1.00101728626584,1.1618180984050883,2.704656603773585,-1.0388983601033204,13.246398809823384,2.1765621634782195,3.012422360248447
4046,130.0,F. P. Roberts,Wales,53.239,-4.014611,10_-1,16.1,35.4,48.5,4.82,1.163,0.09143272005515965,13.246398809823384,7,1,LOAM,0.14208333333333334,-0.8474568627191083,0.5611320754716981,0.3148692061231755,0.9173342359529746,1.00101728626584,1.1618180984050883,2.704656603773585,-1.0388983601033204,13.246398809823384,2.1765621634782195,3.012422360248447
4047,130.0,F. P. Roberts,Wales,53.239,-4.014611,10_-1,16.1,35.4,48.5,4.82,1.163,0.09143272005515965,13.246398809823384,7,1,LOAM,0.14208333333333334,-0.8474568627191083,0.5611320754716981,0.3148692061231755,0.9173342359529746,1.00101728626584,1.1618180984050883,2.704656603773585,-1.0388983601033204,13.246398809823384,2.1765621634782195,3.012422360248447
4048,130.0,F. P. Roberts,Wales,53.239,-4.014611,10_-1,16.1,35.4,48.5,4.82,1.163,0.09143272005515965,13.246398809823384,7,1,LOAM,0.14208333333333334,-0.8474568627191083,0.5611320754716981,0.3148692061231755,0.9173342359529746,1.00101728626584,1.1618180984050883,2.704656603773585,-1.0388983601033204,13.246398809823384,2.1765621634782195,3.012422360248447
4049,130.0,F. P. Roberts,Wales,53.239,-4.014611,10_-1,16.1,35.4,48.5,4.82,1.163,0.09143272005515965,13.246398809823384,7,1,LOAM,0.14208333333333334,-0.8474568627191083,0.5611320754716981,0.3148692061231755,0.9173342359529746,1.00101728626584,1.1618180984050883,2.704656603773585,-1.0388983601033204,13.246398809823384,2.1765621634782195,3.012422360248447
4050,130.0,F. P. Roberts,Wales,53.239,-4.014611,10_-1,16.1,35.4,48.5,4.82,1.163,0.09143272005515965,13.246398809823384,7,1,LOAM,0.14208333333333334,-0.8474568627191083,0.5611320754716981,0.3148692061231755,0.9173342359529746,1.00101728626584,1.1618180984050883,2.704656603773585,-1.0388983601033204,13.246398809823384,2.1765621634782195,3.012422360248447
4051,130.0,F. P. Roberts,Wales,53.239,-4.014611,10_-1,27.4,44.3,28.3,4.775,1.1475,0.030120907129472352,13.328640664036302,7,1,CLAY LOAM,1.9645833333333333,0.2932704553617412,0.5669811320754716,0.3214676041295834,0.9720580018454076,1.00396392611243,1.1429693539322408,2.7073349056603773,-1.5211319529430558,13.328640664036302,1.2372595552955168,1.0328467153284673
4052,130.0,F. P. Roberts,Wales,53.239,-4.014611,10_-1,27.4,44.3,28.3,4.775,1.1475,0.030120907129472352,13.328640664036302,7,1,CLAY LOAM,1.9645833333333333,0.2932704553617412,0.5669811320754716,0.3214676041295834,0.9720580018454076,1.00396392611243,1.1429693539322408,2.7073349056603773,-1.5211319529430558,13.328640664036302,1.2372595552955168,1.0328467153284673
4053,130.0,F. P. Roberts,Wales,53.239,-4.014611,10_-1,27.4,44.3,28.3,4.775,1.1475,0.030120907129472352,13.328640664036302,7,1,CLAY LOAM,1.9645833333333333,0.2932704553617412,0.5669811320754716,0.3214676041295834,0.9720580018454076,1.00396392611243,1.1429693539322408,2.7073349056603773,-1.5211319529430558,13.328640664036302,1.2372595552955168,1.0328467153284673
4054,130.0,F. P. Roberts,Wales,53.239,-4.014611,10_-1,27.4,44.3,28.3,4.720000000000001,1.1684999999999999,0.030120907129472352,13.328640664036302,7,1,CLAY LOAM,2.9729166666666664,0.47318273573905967,0.5590566037735849,0.3125442862228551,0.8986729301442671,1.0075890185179874,1.1596990226418786,2.638747169811321,-1.5211319529430558,13.328640664036302,1.2031690356815017,1.0328467153284673
4055,130.0,F. P. Roberts,Wales,53.239,-4.014611,10_-1,27.4,44.3,28.3,4.720000000000001,1.1684999999999999,0.030120907129472352,13.328640664036302,7,1,CLAY LOAM,2.9729166666666664,0.47318273573905967,0.5590566037735849,0.3125442862228551,0.8986729301442671,1.0075890185179874,1.1596990226418786,2.638747169811321,-1.5211319529430558,13.328640664036302,1.2031690356815017,1.0328467153284673
4056,130.0,F. P. Roberts,Wales,53.239,-4.014611,10_-1,27.4,44.3,28.3,4.720000000000001,1.1684999999999999,0.030120907129472352,13.328640664036302,7,1,CLAY LOAM,2.9729166666666664,0.47318273573905967,0.5590566037735849,0.3125442862228551,0.8986729301442671,1.0075890185179874,1.1596990226418786,2.638747169811321,-1.5211319529430558,13.328640664036302,1.2031690356815017,1.0328467153284673
4057,130.0,F. P. Roberts,Wales,53.239,-4.014611,10_-1,27.4,44.3,28.3,5.12,1.123,0.030120907129472352,13.328640664036302,7,1,CLAY LOAM,3.4104166666666664,0.5328074420363542,0.5762264150943396,0.3320368814524741,1.0653976259696738,0.9818065671215997,1.1438098273189825,2.950279245283019,-1.5211319529430558,13.328640664036302,1.277079100336131,1.0328467153284673
4058,130.0,F. P. Roberts,Wales,53.239,-4.014611,10_-1,27.4,44.3,28.3,5.12,1.123,0.030120907129472352,13.328640664036302,7,1,CLAY LOAM,3.4104166666666664,0.5328074420363542,0.5762264150943396,0.3320368814524741,1.0653976259696738,0.9818065671215997,1.1438098273189825,2.950279245283019,-1.5211319529430558,13.328640664036302,1.277079100336131,1.0328467153284673
4059,130.0,F. P. Roberts,Wales,53.239,-4.014611,10_-1,27.4,44.3,28.3,5.12,1.123,0.030120907129472352,13.328640664036302,7,1,CLAY LOAM,3.4104166666666664,0.5328074420363542,0.5762264150943396,0.3320368814524741,1.0653976259696738,0.9818065671215997,1.1438098273189825,2.950279245283019,-1.5211319529430558,13.328640664036302,1.277079100336131,1.0328467153284673
4060,130.0,F. P. Roberts,Wales,53.239,-4.014611,10_-1,27.4,44.3,28.3,4.775,1.1475,0.030120907129472352,13.328640664036302,7,1,CLAY LOAM,1.9645833333333333,0.2932704553617412,0.5669811320754716,0.3214676041295834,0.9720580018454076,1.00396392611243,1.1429693539322408,2.7073349056603773,-1.5211319529430558,13.328640664036302,1.2372595552955168,1.0328467153284673
4061,130.0,F. P. Roberts,Wales,53.239,-4.014611,10_-1,27.4,44.3,28.3,4.775,1.1475,0.030120907129472352,13.328640664036302,7,1,CLAY LOAM,1.9645833333333333,0.2932704553617412,0.5669811320754716,0.3214676041295834,0.9720580018454076,1.00396392611243,1.1429693539322408,2.7073349056603773,-1.5211319529430558,13.328640664036302,1.2372595552955168,1.0328467153284673
4062,130.0,F. P. Roberts,Wales,53.239,-4.014611,10_-1,27.4,44.3,28.3,4.775,1.1475,0.030120907129472352,13.328640664036302,7,1,CLAY LOAM,1.9645833333333333,0.2932704553617412,0.5669811320754716,0.3214676041295834,0.9720580018454076,1.00396392611243,1.1429693539322408,2.7073349056603773,-1.5211319529430558,13.328640664036302,1.2372595552955168,1.0328467153284673
4063,130.0,F. P. Roberts,Wales,53.239,-4.014611,10_-1,27.4,44.3,28.3,4.720000000000001,1.1684999999999999,0.030120907129472352,13.328640664036302,7,1,CLAY LOAM,2.9729166666666664,0.47318273573905967,0.5590566037735849,0.3125442862228551,0.8986729301442671,1.0075890185179874,1.1596990226418786,2.638747169811321,-1.5211319529430558,13.328640664036302,1.2031690356815017,1.0328467153284673
4064,130.0,F. P. Roberts,Wales,53.239,-4.014611,10_-1,27.4,44.3,28.3,4.720000000000001,1.1684999999999999,0.030120907129472352,13.328640664036302,7,1,CLAY LOAM,2.9729166666666664,0.47318273573905967,0.5590566037735849,0.3125442862228551,0.8986729301442671,1.0075890185179874,1.1596990226418786,2.638747169811321,-1.5211319529430558,13.328640664036302,1.2031690356815017,1.0328467153284673
4065,130.0,F. P. Roberts,Wales,53.239,-4.014611,10_-1,27.4,44.3,28.3,4.720000000000001,1.1684999999999999,0.030120907129472352,13.328640664036302,7,1,CLAY LOAM,2.9729166666666664,0.47318273573905967,0.5590566037735849,0.3125442862228551,0.8986729301442671,1.0075890185179874,1.1596990226418786,2.638747169811321,-1.5211319529430558,13.328640664036302,1.2031690356815017,1.0328467153284673
4066,130.0,F. P. Roberts,Wales,53.239,-4.014611,10_-1,27.4,44.3,28.3,5.12,1.123,0.030120907129472352,13.328640664036302,7,1,CLAY LOAM,3.4104166666666664,0.5328074420363542,0.5762264150943396,0.3320368814524741,1.0653976259696738,0.9818065671215997,1.1438098273189825,2.950279245283019,-1.5211319529430558,13.328640664036302,1.277079100336131,1.0328467153284673
4067,130.0,F. P. Roberts,Wales,53.239,-4.014611,10_-1,27.4,44.3,28.3,5.12,1.123,0.030120907129472352,13.328640664036302,7,1,CLAY LOAM,3.4104166666666664,0.5328074420363542,0.5762264150943396,0.3320368814524741,1.0653976259696738,0.9818065671215997,1.1438098273189825,2.950279245283019,-1.5211319529430558,13.328640664036302,1.277079100336131,1.0328467153284673
4068,130.0,F. P. Roberts,Wales,53.239,-4.014611,10_-1,27.4,44.3,28.3,5.12,1.123,0.030120907129472352,13.328640664036302,7,1,CLAY LOAM,3.4104166666666664,0.5328074420363542,0.5762264150943396,0.3320368814524741,1.0653976259696738,0.9818065671215997,1.1438098273189825,2.950279245283019,-1.5211319529430558,13.328640664036302,1.277079100336131,1.0328467153284673
4069,130.0,F. P. Roberts,Wales,53.239,-4.014611,10_-1,27.4,44.3,28.3,4.775,1.1475,0.030120907129472352,13.328640664036302,7,1,CLAY LOAM,1.9645833333333333,0.2932704553617412,0.5669811320754716,0.3214676041295834,0.9720580018454076,1.00396392611243,1.1429693539322408,2.7073349056603773,-1.5211319529430558,13.328640664036302,1.2372595552955168,1.0328467153284673
4070,130.0,F. P. Roberts,Wales,53.239,-4.014611,10_-1,27.4,44.3,28.3,4.775,1.1475,0.030120907129472352,13.328640664036302,7,1,CLAY LOAM,1.9645833333333333,0.2932704553617412,0.5669811320754716,0.3214676041295834,0.9720580018454076,1.00396392611243,1.1429693539322408,2.7073349056603773,-1.5211319529430558,13.328640664036302,1.2372595552955168,1.0328467153284673
4071,130.0,F. P. Roberts,Wales,53.239,-4.014611,10_-1,27.4,44.3,28.3,4.775,1.1475,0.030120907129472352,13.328640664036302,7,1,CLAY LOAM,1.9645833333333333,0.2932704553617412,0.5669811320754716,0.3214676041295834,0.9720580018454076,1.00396392611243,1.1429693539322408,2.7073349056603773,-1.5211319529430558,13.328640664036302,1.2372595552955168,1.0328467153284673
4072,130.0,F. P. Roberts,Wales,53.239,-4.014611,10_-1,27.4,44.3,28.3,4.720000000000001,1.1684999999999999,0.030120907129472352,13.328640664036302,7,1,CLAY LOAM,2.9729166666666664,0.47318273573905967,0.5590566037735849,0.3125442862228551,0.8986729301442671,1.0075890185179874,1.1596990226418786,2.638747169811321,-1.5211319529430558,13.328640664036302,1.2031690356815017,1.0328467153284673
4073,130.0,F. P. Roberts,Wales,53.239,-4.014611,10_-1,27.4,44.3,28.3,4.720000000000001,1.1684999999999999,0.030120907129472352,13.328640664036302,7,1,CLAY LOAM,2.9729166666666664,0.47318273573905967,0.5590566037735849,0.3125442862228551,0.8986729301442671,1.0075890185179874,1.1596990226418786,2.638747169811321,-1.5211319529430558,13.328640664036302,1.2031690356815017,1.0328467153284673
4074,130.0,F. P. Roberts,Wales,53.239,-4.014611,10_-1,27.4,44.3,28.3,4.720000000000001,1.1684999999999999,0.030120907129472352,13.328640664036302,7,1,CLAY LOAM,2.9729166666666664,0.47318273573905967,0.5590566037735849,0.3125442862228551,0.8986729301442671,1.0075890185179874,1.1596990226418786,2.638747169811321,-1.5211319529430558,13.328640664036302,1.2031690356815017,1.0328467153284673
4075,130.0,F. P. Roberts,Wales,53.239,-4.014611,10_-1,27.4,44.3,28.3,5.12,1.123,0.030120907129472352,13.328640664036302,7,1,CLAY LOAM,3.4104166666666664,0.5328074420363542,0.5762264150943396,0.3320368814524741,1.0653976259696738,0.9818065671215997,1.1438098273189825,2.950279245283019,-1.5211319529430558,13.328640664036302,1.277079100336131,1.0328467153284673
4076,130.0,F. P. Roberts,Wales,53.239,-4.014611,10_-1,27.4,44.3,28.3,5.12,1.123,0.030120907129472352,13.328640664036302,7,1,CLAY LOAM,3.4104166666666664,0.5328074420363542,0.5762264150943396,0.3320368814524741,1.0653976259696738,0.9818065671215997,1.1438098273189825,2.950279245283019,-1.5211319529430558,13.328640664036302,1.277079100336131,1.0328467153284673
4077,130.0,F. P. Roberts,Wales,53.239,-4.014611,10_-1,27.4,44.3,28.3,5.12,1.123,0.030120907129472352,13.328640664036302,7,1,CLAY LOAM,3.4104166666666664,0.5328074420363542,0.5762264150943396,0.3320368814524741,1.0653976259696738,0.9818065671215997,1.1438098273189825,2.950279245283019,-1.5211319529430558,13.328640664036302,1.277079100336131,1.0328467153284673
4078,130.0,F. P. Roberts,Wales,53.239,-4.014611,10_-1,27.4,44.3,28.3,4.775,1.1475,0.030120907129472352,13.328640664036302,7,1,CLAY LOAM,1.9645833333333333,0.2932704553617412,0.5669811320754716,0.3214676041295834,0.9720580018454076,1.00396392611243,1.1429693539322408,2.7073349056603773,-1.5211319529430558,13.328640664036302,1.2372595552955168,1.0328467153284673
4079,130.0,F. P. Roberts,Wales,53.239,-4.014611,10_-1,27.4,44.3,28.3,4.775,1.1475,0.030120907129472352,13.328640664036302,7,1,CLAY LOAM,1.9645833333333333,0.2932704553617412,0.5669811320754716,0.3214676041295834,0.9720580018454076,1.00396392611243,1.1429693539322408,2.7073349056603773,-1.5211319529430558,13.328640664036302,1.2372595552955168,1.0328467153284673
4080,130.0,F. P. Roberts,Wales,53.239,-4.014611,10_-1,27.4,44.3,28.3,4.775,1.1475,0.030120907129472352,13.328640664036302,7,1,CLAY LOAM,1.9645833333333333,0.2932704553617412,0.5669811320754716,0.3214676041295834,0.9720580018454076,1.00396392611243,1.1429693539322408,2.7073349056603773,-1.5211319529430558,13.328640664036302,1.2372595552955168,1.0328467153284673
4081,130.0,F. P. Roberts,Wales,53.239,-4.014611,10_-1,27.4,44.3,28.3,4.720000000000001,1.1684999999999999,0.030120907129472352,13.328640664036302,7,1,CLAY LOAM,2.9729166666666664,0.47318273573905967,0.5590566037735849,0.3125442862228551,0.8986729301442671,1.0075890185179874,1.1596990226418786,2.638747169811321,-1.5211319529430558,13.328640664036302,1.2031690356815017,1.0328467153284673
4082,130.0,F. P. Roberts,Wales,53.239,-4.014611,10_-1,27.4,44.3,28.3,4.720000000000001,1.1684999999999999,0.030120907129472352,13.328640664036302,7,1,CLAY LOAM,2.9729166666666664,0.47318273573905967,0.5590566037735849,0.3125442862228551,0.8986729301442671,1.0075890185179874,1.1596990226418786,2.638747169811321,-1.5211319529430558,13.328640664036302,1.2031690356815017,1.0328467153284673
4083,130.0,F. P. Roberts,Wales,53.239,-4.014611,10_-1,27.4,44.3,28.3,4.720000000000001,1.1684999999999999,0.030120907129472352,13.328640664036302,7,1,CLAY LOAM,2.9729166666666664,0.47318273573905967,0.5590566037735849,0.3125442862228551,0.8986729301442671,1.0075890185179874,1.1596990226418786,2.638747169811321,-1.5211319529430558,13.328640664036302,1.2031690356815017,1.0328467153284673
4084,130.0,F. P. Roberts,Wales,53.239,-4.014611,10_-1,27.4,44.3,28.3,5.12,1.123,0.030120907129472352,13.328640664036302,7,1,CLAY LOAM,3.4104166666666664,0.5328074420363542,0.5762264150943396,0.3320368814524741,1.0653976259696738,0.9818065671215997,1.1438098273189825,2.950279245283019,-1.5211319529430558,13.328640664036302,1.277079100336131,1.0328467153284673
4085,130.0,F. P. Roberts,Wales,53.239,-4.014611,10_-1,27.4,44.3,28.3,5.12,1.123,0.030120907129472352,13.328640664036302,7,1,CLAY LOAM,3.4104166666666664,0.5328074420363542,0.5762264150943396,0.3320368814524741,1.0653976259696738,0.9818065671215997,1.1438098273189825,2.950279245283019,-1.5211319529430558,13.328640664036302,1.277079100336131,1.0328467153284673
4086,130.0,F. P. Roberts,Wales,53.239,-4.014611,10_-1,27.4,44.3,28.3,5.12,1.123,0.030120907129472352,13.328640664036302,7,1,CLAY LOAM,3.4104166666666664,0.5328074420363542,0.5762264150943396,0.3320368814524741,1.0653976259696738,0.9818065671215997,1.1438098273189825,2.950279245283019,-1.5211319529430558,13.328640664036302,1.277079100336131,1.0328467153284673
4087,130.0,F. P. Roberts,Wales,53.239,-4.014611,10_-1,27.4,44.3,28.3,4.775,1.1475,0.030120907129472352,13.328640664036302,7,1,CLAY LOAM,1.9645833333333333,0.2932704553617412,0.5669811320754716,0.3214676041295834,0.9720580018454076,1.00396392611243,1.1429693539322408,2.7073349056603773,-1.5211319529430558,13.328640664036302,1.2372595552955168,1.0328467153284673
4088,130.0,F. P. Roberts,Wales,53.239,-4.014611,10_-1,27.4,44.3,28.3,4.775,1.1475,0.030120907129472352,13.328640664036302,7,1,CLAY LOAM,1.9645833333333333,0.2932704553617412,0.5669811320754716,0.3214676041295834,0.9720580018454076,1.00396392611243,1.1429693539322408,2.7073349056603773,-1.5211319529430558,13.328640664036302,1.2372595552955168,1.0328467153284673
4089,130.0,F. P. Roberts,Wales,53.239,-4.014611,10_-1,27.4,44.3,28.3,4.775,1.1475,0.030120907129472352,13.328640664036302,7,1,CLAY LOAM,1.9645833333333333,0.2932704553617412,0.5669811320754716,0.3214676041295834,0.9720580018454076,1.00396392611243,1.1429693539322408,2.7073349056603773,-1.5211319529430558,13.328640664036302,1.2372595552955168,1.0328467153284673
4090,130.0,F. P. Roberts,Wales,53.239,-4.014611,10_-1,27.4,44.3,28.3,4.720000000000001,1.1684999999999999,0.030120907129472352,13.328640664036302,7,1,CLAY LOAM,2.9729166666666664,0.47318273573905967,0.5590566037735849,0.3125442862228551,0.8986729301442671,1.0075890185179874,1.1596990226418786,2.638747169811321,-1.5211319529430558,13.328640664036302,1.2031690356815017,1.0328467153284673
4091,130.0,F. P. Roberts,Wales,53.239,-4.014611,10_-1,27.4,44.3,28.3,4.720000000000001,1.1684999999999999,0.030120907129472352,13.328640664036302,7,1,CLAY LOAM,2.9729166666666664,0.47318273573905967,0.5590566037735849,0.3125442862228551,0.8986729301442671,1.0075890185179874,1.1596990226418786,2.638747169811321,-1.5211319529430558,13.328640664036302,1.2031690356815017,1.0328467153284673
4092,130.0,F. P. Roberts,Wales,53.239,-4.014611,10_-1,27.4,44.3,28.3,4.720000000000001,1.1684999999999999,0.030120907129472352,13.328640664036302,7,1,CLAY LOAM,2.9729166666666664,0.47318273573905967,0.5590566037735849,0.3125442862228551,0.8986729301442671,1.0075890185179874,1.1596990226418786,2.638747169811321,-1.5211319529430558,13.328640664036302,1.2031690356815017,1.0328467153284673
4093,130.0,F. P. Roberts,Wales,53.239,-4.014611,10_-1,27.4,44.3,28.3,5.12,1.123,0.030120907129472352,13.328640664036302,7,1,CLAY LOAM,3.4104166666666664,0.5328074420363542,0.5762264150943396,0.3320368814524741,1.0653976259696738,0.9818065671215997,1.1438098273189825,2.950279245283019,-1.5211319529430558,13.328640664036302,1.277079100336131,1.0328467153284673
4094,130.0,F. P. Roberts,Wales,53.239,-4.014611,10_-1,27.4,44.3,28.3,5.12,1.123,0.030120907129472352,13.328640664036302,7,1,CLAY LOAM,3.4104166666666664,0.5328074420363542,0.5762264150943396,0.3320368814524741,1.0653976259696738,0.9818065671215997,1.1438098273189825,2.950279245283019,-1.5211319529430558,13.328640664036302,1.277079100336131,1.0328467153284673
4095,130.0,F. P. Roberts,Wales,53.239,-4.014611,10_-1,27.4,44.3,28.3,5.12,1.123,0.030120907129472352,13.328640664036302,7,1,CLAY LOAM,3.4104166666666664,0.5328074420363542,0.5762264150943396,0.3320368814524741,1.0653976259696738,0.9818065671215997,1.1438098273189825,2.950279245283019,-1.5211319529430558,13.328640664036302,1.277079100336131,1.0328467153284673
4096,130.0,F. P. Roberts,Wales,53.239,-4.014611,10_-1,27.4,44.3,28.3,4.775,1.1475,0.030120907129472352,13.328640664036302,7,1,CLAY LOAM,1.9645833333333333,0.2932704553617412,0.5669811320754716,0.3214676041295834,0.9720580018454076,1.00396392611243,1.1429693539322408,2.7073349056603773,-1.5211319529430558,13.328640664036302,1.2372595552955168,1.0328467153284673
4097,130.0,F. P. Roberts,Wales,53.239,-4.014611,10_-1,27.4,44.3,28.3,4.775,1.1475,0.030120907129472352,13.328640664036302,7,1,CLAY LOAM,1.9645833333333333,0.2932704553617412,0.5669811320754716,0.3214676041295834,0.9720580018454076,1.00396392611243,1.1429693539322408,2.7073349056603773,-1.5211319529430558,13.328640664036302,1.2372595552955168,1.0328467153284673
4098,130.0,F. P. Roberts,Wales,53.239,-4.014611,10_-1,27.4,44.3,28.3,4.775,1.1475,0.030120907129472352,13.328640664036302,7,1,CLAY LOAM,1.9645833333333333,0.2932704553617412,0.5669811320754716,0.3214676041295834,0.9720580018454076,1.00396392611243,1.1429693539322408,2.7073349056603773,-1.5211319529430558,13.328640664036302,1.2372595552955168,1.0328467153284673
4099,130.0,F. P. Roberts,Wales,53.239,-4.014611,10_-1,27.4,44.3,28.3,4.720000000000001,1.1684999999999999,0.030120907129472352,13.328640664036302,7,1,CLAY LOAM,2.9729166666666664,0.47318273573905967,0.5590566037735849,0.3125442862228551,0.8986729301442671,1.0075890185179874,1.1596990226418786,2.638747169811321,-1.5211319529430558,13.328640664036302,1.2031690356815017,1.0328467153284673
4100,130.0,F. P. Roberts,Wales,53.239,-4.014611,10_-1,27.4,44.3,28.3,4.720000000000001,1.1684999999999999,0.030120907129472352,13.328640664036302,7,1,CLAY LOAM,2.9729166666666664,0.47318273573905967,0.5590566037735849,0.3125442862228551,0.8986729301442671,1.0075890185179874,1.1596990226418786,2.638747169811321,-1.5211319529430558,13.328640664036302,1.2031690356815017,1.0328467153284673
4101,130.0,F. P. Roberts,Wales,53.239,-4.014611,10_-1,27.4,44.3,28.3,4.720000000000001,1.1684999999999999,0.030120907129472352,13.328640664036302,7,1,CLAY LOAM,2.9729166666666664,0.47318273573905967,0.5590566037735849,0.3125442862228551,0.8986729301442671,1.0075890185179874,1.1596990226418786,2.638747169811321,-1.5211319529430558,13.328640664036302,1.2031690356815017,1.0328467153284673
4102,130.0,F. P. Roberts,Wales,53.239,-4.014611,10_-1,27.4,44.3,28.3,5.12,1.123,0.030120907129472352,13.328640664036302,7,1,CLAY LOAM,3.4104166666666664,0.5328074420363542,0.5762264150943396,0.3320368814524741,1.0653976259696738,0.9818065671215997,1.1438098273189825,2.950279245283019,-1.5211319529430558,13.328640664036302,1.277079100336131,1.0328467153284673
4103,130.0,F. P. Roberts,Wales,53.239,-4.014611,10_-1,27.4,44.3,28.3,5.12,1.123,0.030120907129472352,13.328640664036302,7,1,CLAY LOAM,3.4104166666666664,0.5328074420363542,0.5762264150943396,0.3320368814524741,1.0653976259696738,0.9818065671215997,1.1438098273189825,2.950279245283019,-1.5211319529430558,13.328640664036302,1.277079100336131,1.0328467153284673
4104,130.0,F. P. Roberts,Wales,53.239,-4.014611,10_-1,27.4,44.3,28.3,5.12,1.123,0.030120907129472352,13.328640664036302,7,1,CLAY LOAM,3.4104166666666664,0.5328074420363542,0.5762264150943396,0.3320368814524741,1.0653976259696738,0.9818065671215997,1.1438098273189825,2.950279245283019,-1.5211319529430558,13.328640664036302,1.277079100336131,1.0328467153284673
4105,130.0,F. P. Roberts,Wales,53.239,-4.014611,10_-1,27.4,44.3,28.3,4.775,1.1475,0.030120907129472352,13.328640664036302,7,1,CLAY LOAM,1.9645833333333333,0.2932704553617412,0.5669811320754716,0.3214676041295834,0.9720580018454076,1.00396392611243,1.1429693539322408,2.7073349056603773,-1.5211319529430558,13.328640664036302,1.2372595552955168,1.0328467153284673
4106,130.0,F. P. Roberts,Wales,53.239,-4.014611,10_-1,27.4,44.3,28.3,4.775,1.1475,0.030120907129472352,13.328640664036302,7,1,CLAY LOAM,1.9645833333333333,0.2932704553617412,0.5669811320754716,0.3214676041295834,0.9720580018454076,1.00396392611243,1.1429693539322408,2.7073349056603773,-1.5211319529430558,13.328640664036302,1.2372595552955168,1.0328467153284673
4107,130.0,F. P. Roberts,Wales,53.239,-4.014611,10_-1,27.4,44.3,28.3,4.775,1.1475,0.030120907129472352,13.328640664036302,7,1,CLAY LOAM,1.9645833333333333,0.2932704553617412,0.5669811320754716,0.3214676041295834,0.9720580018454076,1.00396392611243,1.1429693539322408,2.7073349056603773,-1.5211319529430558,13.328640664036302,1.2372595552955168,1.0328467153284673
4108,130.0,F. P. Roberts,Wales,53.239,-4.014611,10_-1,27.4,44.3,28.3,4.720000000000001,1.1684999999999999,0.030120907129472352,13.328640664036302,7,1,CLAY LOAM,2.9729166666666664,0.47318273573905967,0.5590566037735849,0.3125442862228551,0.8986729301442671,1.0075890185179874,1.1596990226418786,2.638747169811321,-1.5211319529430558,13.328640664036302,1.2031690356815017,1.0328467153284673
4109,130.0,F. P. Roberts,Wales,53.239,-4.014611,10_-1,27.4,44.3,28.3,4.720000000000001,1.1684999999999999,0.030120907129472352,13.328640664036302,7,1,CLAY LOAM,2.9729166666666664,0.47318273573905967,0.5590566037735849,0.3125442862228551,0.8986729301442671,1.0075890185179874,1.1596990226418786,2.638747169811321,-1.5211319529430558,13.328640664036302,1.2031690356815017,1.0328467153284673
4110,130.0,F. P. Roberts,Wales,53.239,-4.014611,10_-1,27.4,44.3,28.3,4.720000000000001,1.1684999999999999,0.030120907129472352,13.328640664036302,7,1,CLAY LOAM,2.9729166666666664,0.47318273573905967,0.5590566037735849,0.3125442862228551,0.8986729301442671,1.0075890185179874,1.1596990226418786,2.638747169811321,-1.5211319529430558,13.328640664036302,1.2031690356815017,1.0328467153284673
4111,130.0,F. P. Roberts,Wales,53.239,-4.014611,10_-1,27.4,44.3,28.3,5.12,1.123,0.030120907129472352,13.328640664036302,7,1,CLAY LOAM,3.4104166666666664,0.5328074420363542,0.5762264150943396,0.3320368814524741,1.0653976259696738,0.9818065671215997,1.1438098273189825,2.950279245283019,-1.5211319529430558,13.328640664036302,1.277079100336131,1.0328467153284673
4112,130.0,F. P. Roberts,Wales,53.239,-4.014611,10_-1,27.4,44.3,28.3,5.12,1.123,0.030120907129472352,13.328640664036302,7,1,CLAY LOAM,3.4104166666666664,0.5328074420363542,0.5762264150943396,0.3320368814524741,1.0653976259696738,0.9818065671215997,1.1438098273189825,2.950279245283019,-1.5211319529430558,13.328640664036302,1.277079100336131,1.0328467153284673
4113,130.0,F. P. Roberts,Wales,53.239,-4.014611,10_-1,27.4,44.3,28.3,5.12,1.123,0.030120907129472352,13.328640664036302,7,1,CLAY LOAM,3.4104166666666664,0.5328074420363542,0.5762264150943396,0.3320368814524741,1.0653976259696738,0.9818065671215997,1.1438098273189825,2.950279245283019,-1.5211319529430558,13.328640664036302,1.277079100336131,1.0328467153284673
4114,130.0,F. P. Roberts,Wales,53.239,-4.014611,10_-1,27.4,44.3,28.3,4.775,1.1475,0.030120907129472352,13.328640664036302,7,1,CLAY LOAM,1.9645833333333333,0.2932704553617412,0.5669811320754716,0.3214676041295834,0.9720580018454076,1.00396392611243,1.1429693539322408,2.7073349056603773,-1.5211319529430558,13.328640664036302,1.2372595552955168,1.0328467153284673
4115,130.0,F. P. Roberts,Wales,53.239,-4.014611,10_-1,27.4,44.3,28.3,4.775,1.1475,0.030120907129472352,13.328640664036302,7,1,CLAY LOAM,1.9645833333333333,0.2932704553617412,0.5669811320754716,0.3214676041295834,0.9720580018454076,1.00396392611243,1.1429693539322408,2.7073349056603773,-1.5211319529430558,13.328640664036302,1.2372595552955168,1.0328467153284673
4116,130.0,F. P. Roberts,Wales,53.239,-4.014611,10_-1,27.4,44.3,28.3,4.775,1.1475,0.030120907129472352,13.328640664036302,7,1,CLAY LOAM,1.9645833333333333,0.2932704553617412,0.5669811320754716,0.3214676041295834,0.9720580018454076,1.00396392611243,1.1429693539322408,2.7073349056603773,-1.5211319529430558,13.328640664036302,1.2372595552955168,1.0328467153284673
4117,130.0,F. P. Roberts,Wales,53.239,-4.014611,10_-1,27.4,44.3,28.3,4.720000000000001,1.1684999999999999,0.030120907129472352,13.328640664036302,7,1,CLAY LOAM,2.9729166666666664,0.47318273573905967,0.5590566037735849,0.3125442862228551,0.8986729301442671,1.0075890185179874,1.1596990226418786,2.638747169811321,-1.5211319529430558,13.328640664036302,1.2031690356815017,1.0328467153284673
4118,130.0,F. P. Roberts,Wales,53.239,-4.014611,10_-1,27.4,44.3,28.3,4.720000000000001,1.1684999999999999,0.030120907129472352,13.328640664036302,7,1,CLAY LOAM,2.9729166666666664,0.47318273573905967,0.5590566037735849,0.3125442862228551,0.8986729301442671,1.0075890185179874,1.1596990226418786,2.638747169811321,-1.5211319529430558,13.328640664036302,1.2031690356815017,1.0328467153284673
4119,130.0,F. P. Roberts,Wales,53.239,-4.014611,10_-1,27.4,44.3,28.3,4.720000000000001,1.1684999999999999,0.030120907129472352,13.328640664036302,7,1,CLAY LOAM,2.9729166666666664,0.47318273573905967,0.5590566037735849,0.3125442862228551,0.8986729301442671,1.0075890185179874,1.1596990226418786,2.638747169811321,-1.5211319529430558,13.328640664036302,1.2031690356815017,1.0328467153284673
4120,130.0,F. P. Roberts,Wales,53.239,-4.014611,10_-1,27.4,44.3,28.3,5.12,1.123,0.030120907129472352,13.328640664036302,7,1,CLAY LOAM,3.4104166666666664,0.5328074420363542,0.5762264150943396,0.3320368814524741,1.0653976259696738,0.9818065671215997,1.1438098273189825,2.950279245283019,-1.5211319529430558,13.328640664036302,1.277079100336131,1.0328467153284673
4121,130.0,F. P. Roberts,Wales,53.239,-4.014611,10_-1,27.4,44.3,28.3,5.12,1.123,0.030120907129472352,13.328640664036302,7,1,CLAY LOAM,3.4104166666666664,0.5328074420363542,0.5762264150943396,0.3320368814524741,1.0653976259696738,0.9818065671215997,1.1438098273189825,2.950279245283019,-1.5211319529430558,13.328640664036302,1.277079100336131,1.0328467153284673
4122,130.0,F. P. Roberts,Wales,53.239,-4.014611,10_-1,27.4,44.3,28.3,5.12,1.123,0.030120907129472352,13.328640664036302,7,1,CLAY LOAM,3.4104166666666664,0.5328074420363542,0.5762264150943396,0.3320368814524741,1.0653976259696738,0.9818065671215997,1.1438098273189825,2.950279245283019,-1.5211319529430558,13.328640664036302,1.277079100336131,1.0328467153284673
4123,130.0,F. P. Roberts,Wales,53.239,-4.014611,10_-1,27.4,44.3,28.3,4.775,1.1475,0.030120907129472352,13.328640664036302,7,1,CLAY LOAM,1.9645833333333333,0.2932704553617412,0.5669811320754716,0.3214676041295834,0.9720580018454076,1.00396392611243,1.1429693539322408,2.7073349056603773,-1.5211319529430558,13.328640664036302,1.2372595552955168,1.0328467153284673
4124,130.0,F. P. Roberts,Wales,53.239,-4.014611,10_-1,27.4,44.3,28.3,4.775,1.1475,0.030120907129472352,13.328640664036302,7,1,CLAY LOAM,1.9645833333333333,0.2932704553617412,0.5669811320754716,0.3214676041295834,0.9720580018454076,1.00396392611243,1.1429693539322408,2.7073349056603773,-1.5211319529430558,13.328640664036302,1.2372595552955168,1.0328467153284673
4125,130.0,F. P. Roberts,Wales,53.239,-4.014611,10_-1,27.4,44.3,28.3,4.775,1.1475,0.030120907129472352,13.328640664036302,7,1,CLAY LOAM,1.9645833333333333,0.2932704553617412,0.5669811320754716,0.3214676041295834,0.9720580018454076,1.00396392611243,1.1429693539322408,2.7073349056603773,-1.5211319529430558,13.328640664036302,1.2372595552955168,1.0328467153284673
4126,130.0,F. P. Roberts,Wales,53.239,-4.014611,10_-1,27.4,44.3,28.3,4.720000000000001,1.1684999999999999,0.030120907129472352,13.328640664036302,7,1,CLAY LOAM,2.9729166666666664,0.47318273573905967,0.5590566037735849,0.3125442862228551,0.8986729301442671,1.0075890185179874,1.1596990226418786,2.638747169811321,-1.5211319529430558,13.328640664036302,1.2031690356815017,1.0328467153284673
4127,130.0,F. P. Roberts,Wales,53.239,-4.014611,10_-1,27.4,44.3,28.3,4.720000000000001,1.1684999999999999,0.030120907129472352,13.328640664036302,7,1,CLAY LOAM,2.9729166666666664,0.47318273573905967,0.5590566037735849,0.3125442862228551,0.8986729301442671,1.0075890185179874,1.1596990226418786,2.638747169811321,-1.5211319529430558,13.328640664036302,1.2031690356815017,1.0328467153284673
4128,130.0,F. P. Roberts,Wales,53.239,-4.014611,10_-1,27.4,44.3,28.3,4.720000000000001,1.1684999999999999,0.030120907129472352,13.328640664036302,7,1,CLAY LOAM,2.9729166666666664,0.47318273573905967,0.5590566037735849,0.3125442862228551,0.8986729301442671,1.0075890185179874,1.1596990226418786,2.638747169811321,-1.5211319529430558,13.328640664036302,1.2031690356815017,1.0328467153284673
4129,130.0,F. P. Roberts,Wales,53.239,-4.014611,10_-1,27.4,44.3,28.3,5.12,1.123,0.030120907129472352,13.328640664036302,7,1,CLAY LOAM,3.4104166666666664,0.5328074420363542,0.5762264150943396,0.3320368814524741,1.0653976259696738,0.9818065671215997,1.1438098273189825,2.950279245283019,-1.5211319529430558,13.328640664036302,1.277079100336131,1.0328467153284673
4130,130.0,F. P. Roberts,Wales,53.239,-4.014611,10_-1,27.4,44.3,28.3,5.12,1.123,0.030120907129472352,13.328640664036302,7,1,CLAY LOAM,3.4104166666666664,0.5328074420363542,0.5762264150943396,0.3320368814524741,1.0653976259696738,0.9818065671215997,1.1438098273189825,2.950279245283019,-1.5211319529430558,13.328640664036302,1.277079100336131,1.0328467153284673
4131,130.0,F. P. Roberts,Wales,53.239,-4.014611,10_-1,27.4,44.3,28.3,5.12,1.123,0.030120907129472352,13.328640664036302,7,1,CLAY LOAM,3.4104166666666664,0.5328074420363542,0.5762264150943396,0.3320368814524741,1.0653976259696738,0.9818065671215997,1.1438098273189825,2.950279245283019,-1.5211319529430558,13.328640664036302,1.277079100336131,1.0328467153284673
4132,130.0,F. P. Roberts,Wales,53.239,-4.014611,10_-1,27.4,44.3,28.3,4.775,1.1475,0.030120907129472352,13.328640664036302,7,1,CLAY LOAM,1.9645833333333333,0.2932704553617412,0.5669811320754716,0.3214676041295834,0.9720580018454076,1.00396392611243,1.1429693539322408,2.7073349056603773,-1.5211319529430558,13.328640664036302,1.2372595552955168,1.0328467153284673
4133,130.0,F. P. Roberts,Wales,53.239,-4.014611,10_-1,27.4,44.3,28.3,4.775,1.1475,0.030120907129472352,13.328640664036302,7,1,CLAY LOAM,1.9645833333333333,0.2932704553617412,0.5669811320754716,0.3214676041295834,0.9720580018454076,1.00396392611243,1.1429693539322408,2.7073349056603773,-1.5211319529430558,13.328640664036302,1.2372595552955168,1.0328467153284673
4134,130.0,F. P. Roberts,Wales,53.239,-4.014611,10_-1,27.4,44.3,28.3,4.775,1.1475,0.030120907129472352,13.328640664036302,7,1,CLAY LOAM,1.9645833333333333,0.2932704553617412,0.5669811320754716,0.3214676041295834,0.9720580018454076,1.00396392611243,1.1429693539322408,2.7073349056603773,-1.5211319529430558,13.328640664036302,1.2372595552955168,1.0328467153284673
4135,130.0,F. P. Roberts,Wales,53.239,-4.014611,10_-1,27.4,44.3,28.3,4.720000000000001,1.1684999999999999,0.030120907129472352,13.328640664036302,7,1,CLAY LOAM,2.9729166666666664,0.47318273573905967,0.5590566037735849,0.3125442862228551,0.8986729301442671,1.0075890185179874,1.1596990226418786,2.638747169811321,-1.5211319529430558,13.328640664036302,1.2031690356815017,1.0328467153284673
4136,130.0,F. P. Roberts,Wales,53.239,-4.014611,10_-1,27.4,44.3,28.3,4.720000000000001,1.1684999999999999,0.030120907129472352,13.328640664036302,7,1,CLAY LOAM,2.9729166666666664,0.47318273573905967,0.5590566037735849,0.3125442862228551,0.8986729301442671,1.0075890185179874,1.1596990226418786,2.638747169811321,-1.5211319529430558,13.328640664036302,1.2031690356815017,1.0328467153284673
4137,130.0,F. P. Roberts,Wales,53.239,-4.014611,10_-1,27.4,44.3,28.3,4.720000000000001,1.1684999999999999,0.030120907129472352,13.328640664036302,7,1,CLAY LOAM,2.9729166666666664,0.47318273573905967,0.5590566037735849,0.3125442862228551,0.8986729301442671,1.0075890185179874,1.1596990226418786,2.638747169811321,-1.5211319529430558,13.328640664036302,1.2031690356815017,1.0328467153284673
4138,130.0,F. P. Roberts,Wales,53.239,-4.014611,10_-1,27.4,44.3,28.3,5.12,1.123,0.030120907129472352,13.328640664036302,7,1,CLAY LOAM,3.4104166666666664,0.5328074420363542,0.5762264150943396,0.3320368814524741,1.0653976259696738,0.9818065671215997,1.1438098273189825,2.950279245283019,-1.5211319529430558,13.328640664036302,1.277079100336131,1.0328467153284673
4139,130.0,F. P. Roberts,Wales,53.239,-4.014611,10_-1,27.4,44.3,28.3,5.12,1.123,0.030120907129472352,13.328640664036302,7,1,CLAY LOAM,3.4104166666666664,0.5328074420363542,0.5762264150943396,0.3320368814524741,1.0653976259696738,0.9818065671215997,1.1438098273189825,2.950279245283019,-1.5211319529430558,13.328640664036302,1.277079100336131,1.0328467153284673
4140,130.0,F. P. Roberts,Wales,53.239,-4.014611,10_-1,27.4,44.3,28.3,5.12,1.123,0.030120907129472352,13.328640664036302,7,1,CLAY LOAM,3.4104166666666664,0.5328074420363542,0.5762264150943396,0.3320368814524741,1.0653976259696738,0.9818065671215997,1.1438098273189825,2.950279245283019,-1.5211319529430558,13.328640664036302,1.277079100336131,1.0328467153284673
4141,131.0,,England,50.777358,-3.9260719,10_-1,19.1,63.3,17.6,6.54,1.158,0.026641920595105,8.152678270750874,7,1,SILTY LOAM,0.11583333333333333,-0.9361664457935298,0.5630188679245283,0.3169902456390174,0.9346380911102362,0.9000477351148595,1.2865984267514676,3.6821433962264147,-1.5744344704255202,8.152678270750874,1.1136058173519696,0.9214659685863874
4142,131.0,,England,50.777358,-3.9260719,10_-1,19.1,63.3,17.6,6.54,1.158,0.026641920595105,8.152678270750874,7,1,SILTY LOAM,0.11583333333333333,-0.9361664457935298,0.5630188679245283,0.3169902456390174,0.9346380911102362,0.9000477351148595,1.2865984267514676,3.6821433962264147,-1.5744344704255202,8.152678270750874,1.1136058173519696,0.9214659685863874
4143,131.0,,England,50.777358,-3.9260719,10_-1,19.1,63.3,17.6,6.54,1.158,0.026641920595105,8.152678270750874,7,1,SILTY LOAM,0.11583333333333333,-0.9361664457935298,0.5630188679245283,0.3169902456390174,0.9346380911102362,0.9000477351148595,1.2865984267514676,3.6821433962264147,-1.5744344704255202,8.152678270750874,1.1136058173519696,0.9214659685863874
4144,131.0,,England,50.777358,-3.9260719,10_-1,19.1,63.3,17.6,6.54,1.158,0.026641920595105,8.152678270750874,7,1,SILTY LOAM,0.11583333333333333,-0.9361664457935298,0.5630188679245283,0.3169902456390174,0.9346380911102362,0.9000477351148595,1.2865984267514676,3.6821433962264147,-1.5744344704255202,8.152678270750874,1.1136058173519696,0.9214659685863874
4145,131.0,,England,50.777358,-3.9260719,10_-1,19.1,63.3,17.6,6.54,1.158,0.026641920595105,8.152678270750874,7,1,SILTY LOAM,0.11583333333333333,-0.9361664457935298,0.5630188679245283,0.3169902456390174,0.9346380911102362,0.9000477351148595,1.2865984267514676,3.6821433962264147,-1.5744344704255202,8.152678270750874,1.1136058173519696,0.9214659685863874
4146,131.0,,England,50.777358,-3.9260719,10_-1,19.1,63.3,17.6,6.54,1.158,0.026641920595105,8.152678270750874,7,1,SILTY LOAM,0.11583333333333333,-0.9361664457935298,0.5630188679245283,0.3169902456390174,0.9346380911102362,0.9000477351148595,1.2865984267514676,3.6821433962264147,-1.5744344704255202,8.152678270750874,1.1136058173519696,0.9214659685863874
4147,131.0,,England,50.777358,-3.9260719,10_-1,19.1,63.3,17.6,6.54,1.158,0.026641920595105,8.152678270750874,7,1,SILTY LOAM,0.11583333333333333,-0.9361664457935298,0.5630188679245283,0.3169902456390174,0.9346380911102362,0.9000477351148595,1.2865984267514676,3.6821433962264147,-1.5744344704255202,8.152678270750874,1.1136058173519696,0.9214659685863874
4148,131.0,,England,50.777358,-3.9260719,10_-1,19.1,63.3,17.6,6.54,1.158,0.026641920595105,8.152678270750874,7,1,SILTY LOAM,0.11583333333333333,-0.9361664457935298,0.5630188679245283,0.3169902456390174,0.9346380911102362,0.9000477351148595,1.2865984267514676,3.6821433962264147,-1.5744344704255202,8.152678270750874,1.1136058173519696,0.9214659685863874
4149,131.0,,England,50.777358,-3.9260719,10_-1,19.1,63.3,17.6,6.54,1.158,0.026641920595105,8.152678270750874,7,1,SILTY LOAM,0.11583333333333333,-0.9361664457935298,0.5630188679245283,0.3169902456390174,0.9346380911102362,0.9000477351148595,1.2865984267514676,3.6821433962264147,-1.5744344704255202,8.152678270750874,1.1136058173519696,0.9214659685863874
4150,131.0,,England,50.777358,-3.9260719,10_-1,19.1,63.3,17.6,6.54,1.158,0.026641920595105,8.152678270750874,7,1,SILTY LOAM,0.11583333333333333,-0.9361664457935298,0.5630188679245283,0.3169902456390174,0.9346380911102362,0.9000477351148595,1.2865984267514676,3.6821433962264147,-1.5744344704255202,8.152678270750874,1.1136058173519696,0.9214659685863874
4151,131.0,,England,50.777358,-3.9260719,10_-1,19.1,63.3,17.6,6.54,1.158,0.026641920595105,8.152678270750874,7,1,SILTY LOAM,0.11583333333333333,-0.9361664457935298,0.5630188679245283,0.3169902456390174,0.9346380911102362,0.9000477351148595,1.2865984267514676,3.6821433962264147,-1.5744344704255202,8.152678270750874,1.1136058173519696,0.9214659685863874
4152,131.0,,England,50.777358,-3.9260719,10_-1,19.1,63.3,17.6,6.54,1.158,0.026641920595105,8.152678270750874,7,1,SILTY LOAM,0.11583333333333333,-0.9361664457935298,0.5630188679245283,0.3169902456390174,0.9346380911102362,0.9000477351148595,1.2865984267514676,3.6821433962264147,-1.5744344704255202,8.152678270750874,1.1136058173519696,0.9214659685863874
4153,131.0,,England,50.777358,-3.9260719,10_-1,19.1,63.3,17.6,6.54,1.158,0.026641920595105,8.152678270750874,7,1,SILTY LOAM,0.11583333333333333,-0.9361664457935298,0.5630188679245283,0.3169902456390174,0.9346380911102362,0.9000477351148595,1.2865984267514676,3.6821433962264147,-1.5744344704255202,8.152678270750874,1.1136058173519696,0.9214659685863874
4154,131.0,,England,50.777358,-3.9260719,10_-1,19.1,63.3,17.6,6.54,1.158,0.026641920595105,8.152678270750874,7,1,SILTY LOAM,0.11583333333333333,-0.9361664457935298,0.5630188679245283,0.3169902456390174,0.9346380911102362,0.9000477351148595,1.2865984267514676,3.6821433962264147,-1.5744344704255202,8.152678270750874,1.1136058173519696,0.9214659685863874
4155,131.0,,England,50.777358,-3.9260719,10_-1,19.1,63.3,17.6,6.54,1.158,0.026641920595105,8.152678270750874,7,1,SILTY LOAM,0.11583333333333333,-0.9361664457935298,0.5630188679245283,0.3169902456390174,0.9346380911102362,0.9000477351148595,1.2865984267514676,3.6821433962264147,-1.5744344704255202,8.152678270750874,1.1136058173519696,0.9214659685863874
4156,131.0,,England,50.777358,-3.9260719,10_-1,19.1,63.3,17.6,6.54,1.158,0.026641920595105,8.152678270750874,7,1,SILTY LOAM,0.11583333333333333,-0.9361664457935298,0.5630188679245283,0.3169902456390174,0.9346380911102362,0.9000477351148595,1.2865984267514676,3.6821433962264147,-1.5744344704255202,8.152678270750874,1.1136058173519696,0.9214659685863874
4157,131.0,,England,50.777358,-3.9260719,10_-1,22.8,39.6,37.6,4.15,1.061,0.049244940741857965,14.331347135831434,7,1,LOAM,1.8583333333333334,0.2691236170005359,0.5996226415094339,0.3595473122107511,1.34491565816276,1.0467596068680234,1.0136042631360076,2.4884339622641507,-1.3076383808162495,14.331347135831434,1.805249569762853,1.6491228070175439
4158,131.0,,England,50.777358,-3.9260719,10_-1,22.8,39.6,37.6,4.15,1.061,0.049244940741857965,14.331347135831434,7,1,LOAM,1.8583333333333334,0.2691236170005359,0.5996226415094339,0.3595473122107511,1.34491565816276,1.0467596068680234,1.0136042631360076,2.4884339622641507,-1.3076383808162495,14.331347135831434,1.805249569762853,1.6491228070175439
4159,131.0,,England,50.777358,-3.9260719,10_-1,22.8,39.6,37.6,4.15,1.061,0.049244940741857965,14.331347135831434,7,1,LOAM,1.8583333333333334,0.2691236170005359,0.5996226415094339,0.3595473122107511,1.34491565816276,1.0467596068680234,1.0136042631360076,2.4884339622641507,-1.3076383808162495,14.331347135831434,1.805249569762853,1.6491228070175439
4160,131.0,,England,50.777358,-3.9260719,10_-1,22.8,39.6,37.6,3.65,1.122,0.049244940741857965,14.331347135831434,7,1,LOAM,1.1833333333333333,0.07310709833543165,0.5766037735849057,0.33247191171235313,1.0693958020799854,1.083715799561037,1.0353267899706458,2.1046037735849055,-1.3076383808162495,14.331347135831434,1.7056929948221242,1.6491228070175439
4161,131.0,,England,50.777358,-3.9260719,10_-1,22.8,39.6,37.6,3.65,1.122,0.049244940741857965,14.331347135831434,7,1,LOAM,1.1833333333333333,0.07310709833543165,0.5766037735849057,0.33247191171235313,1.0693958020799854,1.083715799561037,1.0353267899706458,2.1046037735849055,-1.3076383808162495,14.331347135831434,1.7056929948221242,1.6491228070175439
4162,131.0,,England,50.777358,-3.9260719,10_-1,22.8,39.6,37.6,3.65,1.122,0.049244940741857965,14.331347135831434,7,1,LOAM,1.1833333333333333,0.07310709833543165,0.5766037735849057,0.33247191171235313,1.0693958020799854,1.083715799561037,1.0353267899706458,2.1046037735849055,-1.3076383808162495,14.331347135831434,1.7056929948221242,1.6491228070175439
4163,131.0,,England,50.777358,-3.9260719,10_-1,22.8,39.6,37.6,3.75,1.06,0.049244940741857965,14.331347135831434,7,1,LOAM,1.1083333333333334,0.04467039491946099,0.6,0.36,1.3499999999999996,1.0761172646668031,0.985022761741683,2.25,-1.3076383808162495,14.331347135831434,1.80688828837521,1.6491228070175439
4164,131.0,,England,50.777358,-3.9260719,10_-1,22.8,39.6,37.6,3.75,1.06,0.049244940741857965,14.331347135831434,7,1,LOAM,1.1083333333333334,0.04467039491946099,0.6,0.36,1.3499999999999996,1.0761172646668031,0.985022761741683,2.25,-1.3076383808162495,14.331347135831434,1.80688828837521,1.6491228070175439
4165,131.0,,England,50.777358,-3.9260719,10_-1,22.8,39.6,37.6,3.75,1.06,0.049244940741857965,14.331347135831434,7,1,LOAM,1.1083333333333334,0.04467039491946099,0.6,0.36,1.3499999999999996,1.0761172646668031,0.985022761741683,2.25,-1.3076383808162495,14.331347135831434,1.80688828837521,1.6491228070175439
4166,131.0,,England,50.777358,-3.9260719,10_-1,22.8,39.6,37.6,3.65,1.122,0.049244940741857965,14.331347135831434,7,1,LOAM,1.1833333333333333,0.07310709833543165,0.5766037735849057,0.33247191171235313,1.0693958020799854,1.083715799561037,1.0353267899706458,2.1046037735849055,-1.3076383808162495,14.331347135831434,1.7056929948221242,1.6491228070175439
4167,131.0,,England,50.777358,-3.9260719,10_-1,22.8,39.6,37.6,3.65,1.122,0.049244940741857965,14.331347135831434,7,1,LOAM,1.1833333333333333,0.07310709833543165,0.5766037735849057,0.33247191171235313,1.0693958020799854,1.083715799561037,1.0353267899706458,2.1046037735849055,-1.3076383808162495,14.331347135831434,1.7056929948221242,1.6491228070175439
4168,131.0,,England,50.777358,-3.9260719,10_-1,22.8,39.6,37.6,3.75,1.06,0.049244940741857965,14.331347135831434,7,1,LOAM,1.1083333333333334,0.04467039491946099,0.6,0.36,1.3499999999999996,1.0761172646668031,0.985022761741683,2.25,-1.3076383808162495,14.331347135831434,1.80688828837521,1.6491228070175439
4169,131.0,,England,50.777358,-3.9260719,10_-1,22.8,39.6,37.6,3.75,1.06,0.049244940741857965,14.331347135831434,7,1,LOAM,1.1083333333333334,0.04467039491946099,0.6,0.36,1.3499999999999996,1.0761172646668031,0.985022761741683,2.25,-1.3076383808162495,14.331347135831434,1.80688828837521,1.6491228070175439
4170,131.0,,England,50.777358,-3.9260719,10_-1,22.8,39.6,37.6,3.75,1.06,0.049244940741857965,14.331347135831434,7,1,LOAM,1.1083333333333334,0.04467039491946099,0.6,0.36,1.3499999999999996,1.0761172646668031,0.985022761741683,2.25,-1.3076383808162495,14.331347135831434,1.80688828837521,1.6491228070175439
4171,131.0,,England,50.777358,-3.9260719,10_-1,22.8,39.6,37.6,4.15,1.061,0.049244940741857965,14.331347135831434,7,1,LOAM,1.8583333333333334,0.2691236170005359,0.5996226415094339,0.3595473122107511,1.34491565816276,1.0467596068680234,1.0136042631360076,2.4884339622641507,-1.3076383808162495,14.331347135831434,1.805249569762853,1.6491228070175439
4172,131.0,,England,50.777358,-3.9260719,10_-1,22.8,39.6,37.6,4.15,1.061,0.049244940741857965,14.331347135831434,7,1,LOAM,1.8583333333333334,0.2691236170005359,0.5996226415094339,0.3595473122107511,1.34491565816276,1.0467596068680234,1.0136042631360076,2.4884339622641507,-1.3076383808162495,14.331347135831434,1.805249569762853,1.6491228070175439
4173,131.0,,England,50.777358,-3.9260719,10_-1,22.8,39.6,37.6,4.15,1.061,0.049244940741857965,14.331347135831434,7,1,LOAM,1.8583333333333334,0.2691236170005359,0.5996226415094339,0.3595473122107511,1.34491565816276,1.0467596068680234,1.0136042631360076,2.4884339622641507,-1.3076383808162495,14.331347135831434,1.805249569762853,1.6491228070175439
4174,131.0,,England,50.777358,-3.9260719,10_-1,22.8,39.6,37.6,,,0.049244940741857965,14.331347135831434,7,1,LOAM,0.7541666666666668,-0.12253266684242145,,,,,,,-1.3076383808162495,14.331347135831434,,1.6491228070175439
4175,131.0,,England,50.777358,-3.9260719,10_-1,22.8,39.6,37.6,,,0.049244940741857965,14.331347135831434,7,1,LOAM,0.7541666666666668,-0.12253266684242145,,,,,,,-1.3076383808162495,14.331347135831434,,1.6491228070175439
4176,131.0,,England,50.777358,-3.9260719,10_-1,22.8,39.6,37.6,,,0.049244940741857965,14.331347135831434,7,1,LOAM,0.7541666666666668,-0.12253266684242145,,,,,,,-1.3076383808162495,14.331347135831434,,1.6491228070175439
4177,131.0,,England,50.777358,-3.9260719,10_-1,22.8,39.6,37.6,4.15,1.061,0.049244940741857965,14.331347135831434,7,1,LOAM,1.8583333333333334,0.2691236170005359,0.5996226415094339,0.3595473122107511,1.34491565816276,1.0467596068680234,1.0136042631360076,2.4884339622641507,-1.3076383808162495,14.331347135831434,1.805249569762853,1.6491228070175439
4178,131.0,,England,50.777358,-3.9260719,10_-1,22.8,39.6,37.6,4.15,1.061,0.049244940741857965,14.331347135831434,7,1,LOAM,1.8583333333333334,0.2691236170005359,0.5996226415094339,0.3595473122107511,1.34491565816276,1.0467596068680234,1.0136042631360076,2.4884339622641507,-1.3076383808162495,14.331347135831434,1.805249569762853,1.6491228070175439
4179,131.0,,England,50.777358,-3.9260719,10_-1,22.8,39.6,37.6,4.15,1.061,0.049244940741857965,14.331347135831434,7,1,LOAM,1.8583333333333334,0.2691236170005359,0.5996226415094339,0.3595473122107511,1.34491565816276,1.0467596068680234,1.0136042631360076,2.4884339622641507,-1.3076383808162495,14.331347135831434,1.805249569762853,1.6491228070175439
4180,131.0,,England,50.777358,-3.9260719,10_-1,22.8,39.6,37.6,3.75,1.06,0.049244940741857965,14.331347135831434,7,1,LOAM,1.1083333333333334,0.04467039491946099,0.6,0.36,1.3499999999999996,1.0761172646668031,0.985022761741683,2.25,-1.3076383808162495,14.331347135831434,1.80688828837521,1.6491228070175439
4181,131.0,,England,50.777358,-3.9260719,10_-1,22.8,39.6,37.6,3.75,1.06,0.049244940741857965,14.331347135831434,7,1,LOAM,1.1083333333333334,0.04467039491946099,0.6,0.36,1.3499999999999996,1.0761172646668031,0.985022761741683,2.25,-1.3076383808162495,14.331347135831434,1.80688828837521,1.6491228070175439
4182,131.0,,England,50.777358,-3.9260719,10_-1,22.8,39.6,37.6,3.75,1.06,0.049244940741857965,14.331347135831434,7,1,LOAM,1.1083333333333334,0.04467039491946099,0.6,0.36,1.3499999999999996,1.0761172646668031,0.985022761741683,2.25,-1.3076383808162495,14.331347135831434,1.80688828837521,1.6491228070175439
4183,131.0,,England,50.777358,-3.9260719,10_-1,22.8,39.6,37.6,3.65,1.122,0.049244940741857965,14.331347135831434,7,1,LOAM,1.1833333333333333,0.07310709833543165,0.5766037735849057,0.33247191171235313,1.0693958020799854,1.083715799561037,1.0353267899706458,2.1046037735849055,-1.3076383808162495,14.331347135831434,1.7056929948221242,1.6491228070175439
4184,131.0,,England,50.777358,-3.9260719,10_-1,22.8,39.6,37.6,3.65,1.122,0.049244940741857965,14.331347135831434,7,1,LOAM,1.1833333333333333,0.07310709833543165,0.5766037735849057,0.33247191171235313,1.0693958020799854,1.083715799561037,1.0353267899706458,2.1046037735849055,-1.3076383808162495,14.331347135831434,1.7056929948221242,1.6491228070175439
4185,131.0,,England,50.777358,-3.9260719,10_-1,22.8,39.6,37.6,3.65,1.122,0.049244940741857965,14.331347135831434,7,1,LOAM,1.1833333333333333,0.07310709833543165,0.5766037735849057,0.33247191171235313,1.0693958020799854,1.083715799561037,1.0353267899706458,2.1046037735849055,-1.3076383808162495,14.331347135831434,1.7056929948221242,1.6491228070175439
4186,131.0,,England,50.777358,-3.9260719,10_-1,22.8,39.6,37.6,4.15,1.061,0.049244940741857965,14.331347135831434,7,1,LOAM,1.8583333333333334,0.2691236170005359,0.5996226415094339,0.3595473122107511,1.34491565816276,1.0467596068680234,1.0136042631360076,2.4884339622641507,-1.3076383808162495,14.331347135831434,1.805249569762853,1.6491228070175439
4187,131.0,,England,50.777358,-3.9260719,10_-1,22.8,39.6,37.6,4.15,1.061,0.049244940741857965,14.331347135831434,7,1,LOAM,1.8583333333333334,0.2691236170005359,0.5996226415094339,0.3595473122107511,1.34491565816276,1.0467596068680234,1.0136042631360076,2.4884339622641507,-1.3076383808162495,14.331347135831434,1.805249569762853,1.6491228070175439
4188,131.0,,England,50.777358,-3.9260719,10_-1,22.8,39.6,37.6,4.15,1.061,0.049244940741857965,14.331347135831434,7,1,LOAM,1.8583333333333334,0.2691236170005359,0.5996226415094339,0.3595473122107511,1.34491565816276,1.0467596068680234,1.0136042631360076,2.4884339622641507,-1.3076383808162495,14.331347135831434,1.805249569762853,1.6491228070175439
4189,131.0,,England,50.777358,-3.9260719,10_-1,22.8,39.6,37.6,3.65,1.122,0.049244940741857965,14.331347135831434,7,1,LOAM,1.1833333333333333,0.07310709833543165,0.5766037735849057,0.33247191171235313,1.0693958020799854,1.083715799561037,1.0353267899706458,2.1046037735849055,-1.3076383808162495,14.331347135831434,1.7056929948221242,1.6491228070175439
4190,131.0,,England,50.777358,-3.9260719,10_-1,22.8,39.6,37.6,3.65,1.122,0.049244940741857965,14.331347135831434,7,1,LOAM,1.1833333333333333,0.07310709833543165,0.5766037735849057,0.33247191171235313,1.0693958020799854,1.083715799561037,1.0353267899706458,2.1046037735849055,-1.3076383808162495,14.331347135831434,1.7056929948221242,1.6491228070175439
4191,131.0,,England,50.777358,-3.9260719,10_-1,22.8,39.6,37.6,3.65,1.122,0.049244940741857965,14.331347135831434,7,1,LOAM,1.1833333333333333,0.07310709833543165,0.5766037735849057,0.33247191171235313,1.0693958020799854,1.083715799561037,1.0353267899706458,2.1046037735849055,-1.3076383808162495,14.331347135831434,1.7056929948221242,1.6491228070175439
4192,131.0,,England,50.777358,-3.9260719,10_-1,22.8,39.6,37.6,3.75,1.06,0.049244940741857965,14.331347135831434,7,1,LOAM,1.1083333333333334,0.04467039491946099,0.6,0.36,1.3499999999999996,1.0761172646668031,0.985022761741683,2.25,-1.3076383808162495,14.331347135831434,1.80688828837521,1.6491228070175439
4193,131.0,,England,50.777358,-3.9260719,10_-1,22.8,39.6,37.6,3.75,1.06,0.049244940741857965,14.331347135831434,7,1,LOAM,1.1083333333333334,0.04467039491946099,0.6,0.36,1.3499999999999996,1.0761172646668031,0.985022761741683,2.25,-1.3076383808162495,14.331347135831434,1.80688828837521,1.6491228070175439
4194,131.0,,England,50.777358,-3.9260719,10_-1,22.8,39.6,37.6,3.75,1.06,0.049244940741857965,14.331347135831434,7,1,LOAM,1.1083333333333334,0.04467039491946099,0.6,0.36,1.3499999999999996,1.0761172646668031,0.985022761741683,2.25,-1.3076383808162495,14.331347135831434,1.80688828837521,1.6491228070175439
4195,131.0,,England,50.777358,-3.9260719,10_-1,22.8,39.6,37.6,3.75,1.06,0.049244940741857965,14.331347135831434,7,1,LOAM,1.1083333333333334,0.04467039491946099,0.6,0.36,1.3499999999999996,1.0761172646668031,0.985022761741683,2.25,-1.3076383808162495,14.331347135831434,1.80688828837521,1.6491228070175439
4196,131.0,,England,50.777358,-3.9260719,10_-1,22.8,39.6,37.6,3.75,1.06,0.049244940741857965,14.331347135831434,7,1,LOAM,1.1083333333333334,0.04467039491946099,0.6,0.36,1.3499999999999996,1.0761172646668031,0.985022761741683,2.25,-1.3076383808162495,14.331347135831434,1.80688828837521,1.6491228070175439
4197,131.0,,England,50.777358,-3.9260719,10_-1,22.8,39.6,37.6,3.75,1.06,0.049244940741857965,14.331347135831434,7,1,LOAM,1.1083333333333334,0.04467039491946099,0.6,0.36,1.3499999999999996,1.0761172646668031,0.985022761741683,2.25,-1.3076383808162495,14.331347135831434,1.80688828837521,1.6491228070175439
4198,131.0,,England,50.777358,-3.9260719,10_-1,22.8,39.6,37.6,3.65,1.122,0.049244940741857965,14.331347135831434,7,1,LOAM,1.1833333333333333,0.07310709833543165,0.5766037735849057,0.33247191171235313,1.0693958020799854,1.083715799561037,1.0353267899706458,2.1046037735849055,-1.3076383808162495,14.331347135831434,1.7056929948221242,1.6491228070175439
4199,131.0,,England,50.777358,-3.9260719,10_-1,22.8,39.6,37.6,3.65,1.122,0.049244940741857965,14.331347135831434,7,1,LOAM,1.1833333333333333,0.07310709833543165,0.5766037735849057,0.33247191171235313,1.0693958020799854,1.083715799561037,1.0353267899706458,2.1046037735849055,-1.3076383808162495,14.331347135831434,1.7056929948221242,1.6491228070175439
4200,131.0,,England,50.777358,-3.9260719,10_-1,22.8,39.6,37.6,3.65,1.122,0.049244940741857965,14.331347135831434,7,1,LOAM,1.1833333333333333,0.07310709833543165,0.5766037735849057,0.33247191171235313,1.0693958020799854,1.083715799561037,1.0353267899706458,2.1046037735849055,-1.3076383808162495,14.331347135831434,1.7056929948221242,1.6491228070175439
4201,131.0,,England,50.777358,-3.9260719,10_-1,22.8,39.6,37.6,4.15,1.061,0.049244940741857965,14.331347135831434,7,1,LOAM,1.8583333333333334,0.2691236170005359,0.5996226415094339,0.3595473122107511,1.34491565816276,1.0467596068680234,1.0136042631360076,2.4884339622641507,-1.3076383808162495,14.331347135831434,1.805249569762853,1.6491228070175439
4202,131.0,,England,50.777358,-3.9260719,10_-1,22.8,39.6,37.6,4.15,1.061,0.049244940741857965,14.331347135831434,7,1,LOAM,1.8583333333333334,0.2691236170005359,0.5996226415094339,0.3595473122107511,1.34491565816276,1.0467596068680234,1.0136042631360076,2.4884339622641507,-1.3076383808162495,14.331347135831434,1.805249569762853,1.6491228070175439
4203,131.0,,England,50.777358,-3.9260719,10_-1,22.8,39.6,37.6,3.27,1.155,0.049244940741857965,14.331347135831434,7,1,LOAM,17.333333333333332,1.2388820889151366,0.5641509433962264,0.31826628693485226,0.9451782854625295,1.113595859707254,1.0371805803082192,1.8447735849056603,-1.3076383808162495,14.331347135831434,1.6520682554684152,1.6491228070175439
4204,131.0,,England,50.777358,-3.9260719,10_-1,22.8,39.6,37.6,3.27,1.155,0.049244940741857965,14.331347135831434,7,1,LOAM,17.333333333333332,1.2388820889151366,0.5641509433962264,0.31826628693485226,0.9451782854625295,1.113595859707254,1.0371805803082192,1.8447735849056603,-1.3076383808162495,14.331347135831434,1.6520682554684152,1.6491228070175439
4205,131.0,,England,50.777358,-3.9260719,10_-1,22.8,39.6,37.6,3.27,1.155,0.049244940741857965,14.331347135831434,7,1,LOAM,17.333333333333332,1.2388820889151366,0.5641509433962264,0.31826628693485226,0.9451782854625295,1.113595859707254,1.0371805803082192,1.8447735849056603,-1.3076383808162495,14.331347135831434,1.6520682554684152,1.6491228070175439
4206,131.0,,England,50.777358,-3.9260719,10_-1,22.8,39.6,37.6,3.17,1.175,0.049244940741857965,14.331347135831434,7,1,LOAM,10.375,1.0159881053841302,0.5566037735849056,0.3098077607689569,0.877110790334566,1.1217348905479527,1.0474845793786693,1.764433962264151,-1.3076383808162495,14.331347135831434,1.6196089736704313,1.6491228070175439
4207,131.0,,England,50.777358,-3.9260719,10_-1,22.8,39.6,37.6,3.17,1.175,0.049244940741857965,14.331347135831434,7,1,LOAM,10.375,1.0159881053841302,0.5566037735849056,0.3098077607689569,0.877110790334566,1.1217348905479527,1.0474845793786693,1.764433962264151,-1.3076383808162495,14.331347135831434,1.6196089736704313,1.6491228070175439
4208,131.0,,England,50.777358,-3.9260719,10_-1,22.8,39.6,37.6,3.17,1.175,0.049244940741857965,14.331347135831434,7,1,LOAM,10.375,1.0159881053841302,0.5566037735849056,0.3098077607689569,0.877110790334566,1.1217348905479527,1.0474845793786693,1.764433962264151,-1.3076383808162495,14.331347135831434,1.6196089736704313,1.6491228070175439
4209,131.0,,England,50.777358,-3.9260719,10_-1,22.8,39.6,37.6,3.15,1.121,0.049244940741857965,14.331347135831434,7,1,LOAM,13.458333333333334,1.1289912806194968,0.5769811320754716,0.33290722677109286,1.0734093084599754,1.1233769943548382,0.9978840635273973,1.8174905660377356,-1.3076383808162495,14.331347135831434,1.7073198769904099,1.6491228070175439
4210,131.0,,England,50.777358,-3.9260719,10_-1,22.8,39.6,37.6,3.15,1.121,0.049244940741857965,14.331347135831434,7,1,LOAM,13.458333333333334,1.1289912806194968,0.5769811320754716,0.33290722677109286,1.0734093084599754,1.1233769943548382,0.9978840635273973,1.8174905660377356,-1.3076383808162495,14.331347135831434,1.7073198769904099,1.6491228070175439
4211,131.0,,England,50.777358,-3.9260719,10_-1,22.8,39.6,37.6,3.15,1.121,0.049244940741857965,14.331347135831434,7,1,LOAM,13.458333333333334,1.1289912806194968,0.5769811320754716,0.33290722677109286,1.0734093084599754,1.1233769943548382,0.9978840635273973,1.8174905660377356,-1.3076383808162495,14.331347135831434,1.7073198769904099,1.6491228070175439
4212,131.0,,England,50.777358,-3.9260719,10_-1,22.8,39.6,37.6,3.17,1.175,0.049244940741857965,14.331347135831434,7,1,LOAM,10.375,1.0159881053841302,0.5566037735849056,0.3098077607689569,0.877110790334566,1.1217348905479527,1.0474845793786693,1.764433962264151,-1.3076383808162495,14.331347135831434,1.6196089736704313,1.6491228070175439
4213,131.0,,England,50.777358,-3.9260719,10_-1,22.8,39.6,37.6,3.17,1.175,0.049244940741857965,14.331347135831434,7,1,LOAM,10.375,1.0159881053841302,0.5566037735849056,0.3098077607689569,0.877110790334566,1.1217348905479527,1.0474845793786693,1.764433962264151,-1.3076383808162495,14.331347135831434,1.6196089736704313,1.6491228070175439
4214,131.0,,England,50.777358,-3.9260719,10_-1,22.8,39.6,37.6,3.17,1.175,0.049244940741857965,14.331347135831434,7,1,LOAM,10.375,1.0159881053841302,0.5566037735849056,0.3098077607689569,0.877110790334566,1.1217348905479527,1.0474845793786693,1.764433962264151,-1.3076383808162495,14.331347135831434,1.6196089736704313,1.6491228070175439
4215,131.0,,England,50.777358,-3.9260719,10_-1,22.8,39.6,37.6,3.15,1.121,0.049244940741857965,14.331347135831434,7,1,LOAM,13.458333333333334,1.1289912806194968,0.5769811320754716,0.33290722677109286,1.0734093084599754,1.1233769943548382,0.9978840635273973,1.8174905660377356,-1.3076383808162495,14.331347135831434,1.7073198769904099,1.6491228070175439
4216,131.0,,England,50.777358,-3.9260719,10_-1,22.8,39.6,37.6,3.15,1.121,0.049244940741857965,14.331347135831434,7,1,LOAM,13.458333333333334,1.1289912806194968,0.5769811320754716,0.33290722677109286,1.0734093084599754,1.1233769943548382,0.9978840635273973,1.8174905660377356,-1.3076383808162495,14.331347135831434,1.7073198769904099,1.6491228070175439
4217,131.0,,England,50.777358,-3.9260719,10_-1,22.8,39.6,37.6,3.15,1.121,0.049244940741857965,14.331347135831434,7,1,LOAM,13.458333333333334,1.1289912806194968,0.5769811320754716,0.33290722677109286,1.0734093084599754,1.1233769943548382,0.9978840635273973,1.8174905660377356,-1.3076383808162495,14.331347135831434,1.7073198769904099,1.6491228070175439
4218,131.0,,England,50.777358,-3.9260719,10_-1,22.8,39.6,37.6,3.27,1.155,0.049244940741857965,14.331347135831434,7,1,LOAM,17.333333333333332,1.2388820889151366,0.5641509433962264,0.31826628693485226,0.9451782854625295,1.113595859707254,1.0371805803082192,1.8447735849056603,-1.3076383808162495,14.331347135831434,1.6520682554684152,1.6491228070175439
4219,131.0,,England,50.777358,-3.9260719,10_-1,22.8,39.6,37.6,3.27,1.155,0.049244940741857965,14.331347135831434,7,1,LOAM,17.333333333333332,1.2388820889151366,0.5641509433962264,0.31826628693485226,0.9451782854625295,1.113595859707254,1.0371805803082192,1.8447735849056603,-1.3076383808162495,14.331347135831434,1.6520682554684152,1.6491228070175439
4220,131.0,,England,50.777358,-3.9260719,10_-1,22.8,39.6,37.6,3.27,1.155,0.049244940741857965,14.331347135831434,7,1,LOAM,17.333333333333332,1.2388820889151366,0.5641509433962264,0.31826628693485226,0.9451782854625295,1.113595859707254,1.0371805803082192,1.8447735849056603,-1.3076383808162495,14.331347135831434,1.6520682554684152,1.6491228070175439
4221,131.0,,England,50.777358,-3.9260719,10_-1,22.8,39.6,37.6,3.27,1.155,0.049244940741857965,14.331347135831434,7,1,LOAM,17.333333333333332,1.2388820889151366,0.5641509433962264,0.31826628693485226,0.9451782854625295,1.113595859707254,1.0371805803082192,1.8447735849056603,-1.3076383808162495,14.331347135831434,1.6520682554684152,1.6491228070175439
4222,131.0,,England,50.777358,-3.9260719,10_-1,22.8,39.6,37.6,3.27,1.155,0.049244940741857965,14.331347135831434,7,1,LOAM,17.333333333333332,1.2388820889151366,0.5641509433962264,0.31826628693485226,0.9451782854625295,1.113595859707254,1.0371805803082192,1.8447735849056603,-1.3076383808162495,14.331347135831434,1.6520682554684152,1.6491228070175439
4223,131.0,,England,50.777358,-3.9260719,10_-1,22.8,39.6,37.6,3.27,1.155,0.049244940741857965,14.331347135831434,7,1,LOAM,17.333333333333332,1.2388820889151366,0.5641509433962264,0.31826628693485226,0.9451782854625295,1.113595859707254,1.0371805803082192,1.8447735849056603,-1.3076383808162495,14.331347135831434,1.6520682554684152,1.6491228070175439
4224,131.0,,England,50.777358,-3.9260719,10_-1,22.8,39.6,37.6,3.15,1.121,0.049244940741857965,14.331347135831434,7,1,LOAM,13.458333333333334,1.1289912806194968,0.5769811320754716,0.33290722677109286,1.0734093084599754,1.1233769943548382,0.9978840635273973,1.8174905660377356,-1.3076383808162495,14.331347135831434,1.7073198769904099,1.6491228070175439
4225,131.0,,England,50.777358,-3.9260719,10_-1,22.8,39.6,37.6,3.15,1.121,0.049244940741857965,14.331347135831434,7,1,LOAM,13.458333333333334,1.1289912806194968,0.5769811320754716,0.33290722677109286,1.0734093084599754,1.1233769943548382,0.9978840635273973,1.8174905660377356,-1.3076383808162495,14.331347135831434,1.7073198769904099,1.6491228070175439
4226,131.0,,England,50.777358,-3.9260719,10_-1,22.8,39.6,37.6,3.15,1.121,0.049244940741857965,14.331347135831434,7,1,LOAM,13.458333333333334,1.1289912806194968,0.5769811320754716,0.33290722677109286,1.0734093084599754,1.1233769943548382,0.9978840635273973,1.8174905660377356,-1.3076383808162495,14.331347135831434,1.7073198769904099,1.6491228070175439
4227,131.0,,England,50.777358,-3.9260719,10_-1,22.8,39.6,37.6,3.17,1.175,0.049244940741857965,14.331347135831434,7,1,LOAM,10.375,1.0159881053841302,0.5566037735849056,0.3098077607689569,0.877110790334566,1.1217348905479527,1.0474845793786693,1.764433962264151,-1.3076383808162495,14.331347135831434,1.6196089736704313,1.6491228070175439
4228,131.0,,England,50.777358,-3.9260719,10_-1,22.8,39.6,37.6,3.17,1.175,0.049244940741857965,14.331347135831434,7,1,LOAM,10.375,1.0159881053841302,0.5566037735849056,0.3098077607689569,0.877110790334566,1.1217348905479527,1.0474845793786693,1.764433962264151,-1.3076383808162495,14.331347135831434,1.6196089736704313,1.6491228070175439
4229,131.0,,England,50.777358,-3.9260719,10_-1,22.8,39.6,37.6,3.17,1.175,0.049244940741857965,14.331347135831434,7,1,LOAM,10.375,1.0159881053841302,0.5566037735849056,0.3098077607689569,0.877110790334566,1.1217348905479527,1.0474845793786693,1.764433962264151,-1.3076383808162495,14.331347135831434,1.6196089736704313,1.6491228070175439
4230,131.0,,England,50.777358,-3.9260719,10_-1,22.8,39.6,37.6,3.27,1.155,0.049244940741857965,14.331347135831434,7,1,LOAM,17.333333333333332,1.2388820889151366,0.5641509433962264,0.31826628693485226,0.9451782854625295,1.113595859707254,1.0371805803082192,1.8447735849056603,-1.3076383808162495,14.331347135831434,1.6520682554684152,1.6491228070175439
4231,131.0,,England,50.777358,-3.9260719,10_-1,22.8,39.6,37.6,3.27,1.155,0.049244940741857965,14.331347135831434,7,1,LOAM,17.333333333333332,1.2388820889151366,0.5641509433962264,0.31826628693485226,0.9451782854625295,1.113595859707254,1.0371805803082192,1.8447735849056603,-1.3076383808162495,14.331347135831434,1.6520682554684152,1.6491228070175439
4232,131.0,,England,50.777358,-3.9260719,10_-1,22.8,39.6,37.6,3.27,1.155,0.049244940741857965,14.331347135831434,7,1,LOAM,17.333333333333332,1.2388820889151366,0.5641509433962264,0.31826628693485226,0.9451782854625295,1.113595859707254,1.0371805803082192,1.8447735849056603,-1.3076383808162495,14.331347135831434,1.6520682554684152,1.6491228070175439
4233,131.0,,England,50.777358,-3.9260719,10_-1,22.8,39.6,37.6,3.17,1.175,0.049244940741857965,14.331347135831434,7,1,LOAM,10.375,1.0159881053841302,0.5566037735849056,0.3098077607689569,0.877110790334566,1.1217348905479527,1.0474845793786693,1.764433962264151,-1.3076383808162495,14.331347135831434,1.6196089736704313,1.6491228070175439
4234,131.0,,England,50.777358,-3.9260719,10_-1,22.8,39.6,37.6,3.17,1.175,0.049244940741857965,14.331347135831434,7,1,LOAM,10.375,1.0159881053841302,0.5566037735849056,0.3098077607689569,0.877110790334566,1.1217348905479527,1.0474845793786693,1.764433962264151,-1.3076383808162495,14.331347135831434,1.6196089736704313,1.6491228070175439
4235,131.0,,England,50.777358,-3.9260719,10_-1,22.8,39.6,37.6,3.17,1.175,0.049244940741857965,14.331347135831434,7,1,LOAM,10.375,1.0159881053841302,0.5566037735849056,0.3098077607689569,0.877110790334566,1.1217348905479527,1.0474845793786693,1.764433962264151,-1.3076383808162495,14.331347135831434,1.6196089736704313,1.6491228070175439
4236,131.0,,England,50.777358,-3.9260719,10_-1,22.8,39.6,37.6,3.15,1.121,0.049244940741857965,14.331347135831434,7,1,LOAM,13.458333333333334,1.1289912806194968,0.5769811320754716,0.33290722677109286,1.0734093084599754,1.1233769943548382,0.9978840635273973,1.8174905660377356,-1.3076383808162495,14.331347135831434,1.7073198769904099,1.6491228070175439
4237,131.0,,England,50.777358,-3.9260719,10_-1,22.8,39.6,37.6,3.15,1.121,0.049244940741857965,14.331347135831434,7,1,LOAM,13.458333333333334,1.1289912806194968,0.5769811320754716,0.33290722677109286,1.0734093084599754,1.1233769943548382,0.9978840635273973,1.8174905660377356,-1.3076383808162495,14.331347135831434,1.7073198769904099,1.6491228070175439
4238,131.0,,England,50.777358,-3.9260719,10_-1,22.8,39.6,37.6,3.15,1.121,0.049244940741857965,14.331347135831434,7,1,LOAM,13.458333333333334,1.1289912806194968,0.5769811320754716,0.33290722677109286,1.0734093084599754,1.1233769943548382,0.9978840635273973,1.8174905660377356,-1.3076383808162495,14.331347135831434,1.7073198769904099,1.6491228070175439
4239,131.0,,England,50.777358,-3.9260719,10_-1,22.8,39.6,37.6,3.15,1.121,0.049244940741857965,14.331347135831434,7,1,LOAM,13.458333333333334,1.1289912806194968,0.5769811320754716,0.33290722677109286,1.0734093084599754,1.1233769943548382,0.9978840635273973,1.8174905660377356,-1.3076383808162495,14.331347135831434,1.7073198769904099,1.6491228070175439
4240,131.0,,England,50.777358,-3.9260719,10_-1,22.8,39.6,37.6,3.15,1.121,0.049244940741857965,14.331347135831434,7,1,LOAM,13.458333333333334,1.1289912806194968,0.5769811320754716,0.33290722677109286,1.0734093084599754,1.1233769943548382,0.9978840635273973,1.8174905660377356,-1.3076383808162495,14.331347135831434,1.7073198769904099,1.6491228070175439
4241,131.0,,England,50.777358,-3.9260719,10_-1,22.8,39.6,37.6,3.15,1.121,0.049244940741857965,14.331347135831434,7,1,LOAM,13.458333333333334,1.1289912806194968,0.5769811320754716,0.33290722677109286,1.0734093084599754,1.1233769943548382,0.9978840635273973,1.8174905660377356,-1.3076383808162495,14.331347135831434,1.7073198769904099,1.6491228070175439
4242,131.0,,England,50.777358,-3.9260719,10_-1,22.8,39.6,37.6,3.17,1.175,0.049244940741857965,14.331347135831434,7,1,LOAM,10.375,1.0159881053841302,0.5566037735849056,0.3098077607689569,0.877110790334566,1.1217348905479527,1.0474845793786693,1.764433962264151,-1.3076383808162495,14.331347135831434,1.6196089736704313,1.6491228070175439
4243,131.0,,England,50.777358,-3.9260719,10_-1,22.8,39.6,37.6,3.17,1.175,0.049244940741857965,14.331347135831434,7,1,LOAM,10.375,1.0159881053841302,0.5566037735849056,0.3098077607689569,0.877110790334566,1.1217348905479527,1.0474845793786693,1.764433962264151,-1.3076383808162495,14.331347135831434,1.6196089736704313,1.6491228070175439
4244,131.0,,England,50.777358,-3.9260719,10_-1,22.8,39.6,37.6,3.17,1.175,0.049244940741857965,14.331347135831434,7,1,LOAM,10.375,1.0159881053841302,0.5566037735849056,0.3098077607689569,0.877110790334566,1.1217348905479527,1.0474845793786693,1.764433962264151,-1.3076383808162495,14.331347135831434,1.6196089736704313,1.6491228070175439
4245,131.0,,England,50.777358,-3.9260719,10_-1,22.8,39.6,37.6,3.27,1.155,0.049244940741857965,14.331347135831434,7,1,LOAM,17.333333333333332,1.2388820889151366,0.5641509433962264,0.31826628693485226,0.9451782854625295,1.113595859707254,1.0371805803082192,1.8447735849056603,-1.3076383808162495,14.331347135831434,1.6520682554684152,1.6491228070175439
4246,131.0,,England,50.777358,-3.9260719,10_-1,22.8,39.6,37.6,3.27,1.155,0.049244940741857965,14.331347135831434,7,1,LOAM,17.333333333333332,1.2388820889151366,0.5641509433962264,0.31826628693485226,0.9451782854625295,1.113595859707254,1.0371805803082192,1.8447735849056603,-1.3076383808162495,14.331347135831434,1.6520682554684152,1.6491228070175439
4247,131.0,,England,50.777358,-3.9260719,10_-1,22.8,39.6,37.6,3.27,1.155,0.049244940741857965,14.331347135831434,7,1,LOAM,17.333333333333332,1.2388820889151366,0.5641509433962264,0.31826628693485226,0.9451782854625295,1.113595859707254,1.0371805803082192,1.8447735849056603,-1.3076383808162495,14.331347135831434,1.6520682554684152,1.6491228070175439
4248,132.0,,Scotland,55.866161,-3.2081401,11_-1,12.0,35.6,52.4,7.59,0.959,0.12060069688025618,11.568076536461398,7,1,SANDY LOAM,13.03,1.1149444157125847,0.6381132075471698,0.4071884656461374,1.9840277148600318,0.8478412739593297,1.1311079437328766,4.843279245283019,-0.9186501826570999,11.568076536461398,2.7520786507135933,4.366666666666666
4249,132.0,,Scotland,55.866161,-3.2081401,11_-1,12.0,35.6,52.4,7.59,0.959,0.12060069688025618,11.568076536461398,7,1,SANDY LOAM,13.03,1.1149444157125847,0.6381132075471698,0.4071884656461374,1.9840277148600318,0.8478412739593297,1.1311079437328766,4.843279245283019,-0.9186501826570999,11.568076536461398,2.7520786507135933,4.366666666666666
4250,132.0,,Scotland,55.866161,-3.2081401,11_-1,12.0,35.6,52.4,7.59,0.959,0.12060069688025618,11.568076536461398,7,1,SANDY LOAM,13.03,1.1149444157125847,0.6381132075471698,0.4071884656461374,1.9840277148600318,0.8478412739593297,1.1311079437328766,4.843279245283019,-0.9186501826570999,11.568076536461398,2.7520786507135933,4.366666666666666
4251,132.0,,Scotland,55.866161,-3.2081401,11_-1,12.0,35.6,52.4,7.59,0.959,0.12060069688025618,11.568076536461398,7,1,SANDY LOAM,13.03,1.1149444157125847,0.6381132075471698,0.4071884656461374,1.9840277148600318,0.8478412739593297,1.1311079437328766,4.843279245283019,-0.9186501826570999,11.568076536461398,2.7520786507135933,4.366666666666666
4252,132.0,,Scotland,55.866161,-3.2081401,11_-1,12.0,35.6,52.4,7.59,0.959,0.12060069688025618,11.568076536461398,7,1,SANDY LOAM,13.03,1.1149444157125847,0.6381132075471698,0.4071884656461374,1.9840277148600318,0.8478412739593297,1.1311079437328766,4.843279245283019,-0.9186501826570999,11.568076536461398,2.7520786507135933,4.366666666666666
4253,132.0,,Scotland,55.866161,-3.2081401,11_-1,12.0,35.6,52.4,7.59,0.959,0.12060069688025618,11.568076536461398,7,1,SANDY LOAM,13.03,1.1149444157125847,0.6381132075471698,0.4071884656461374,1.9840277148600318,0.8478412739593297,1.1311079437328766,4.843279245283019,-0.9186501826570999,11.568076536461398,2.7520786507135933,4.366666666666666
4254,132.0,,Scotland,55.866161,-3.2081401,11_-1,12.0,35.6,52.4,7.59,0.959,0.12060069688025618,11.568076536461398,7,1,SANDY LOAM,13.03,1.1149444157125847,0.6381132075471698,0.4071884656461374,1.9840277148600318,0.8478412739593297,1.1311079437328766,4.843279245283019,-0.9186501826570999,11.568076536461398,2.7520786507135933,4.366666666666666
4255,132.0,,Scotland,55.866161,-3.2081401,11_-1,12.0,35.6,52.4,7.59,0.959,0.12060069688025618,11.568076536461398,7,1,SANDY LOAM,13.03,1.1149444157125847,0.6381132075471698,0.4071884656461374,1.9840277148600318,0.8478412739593297,1.1311079437328766,4.843279245283019,-0.9186501826570999,11.568076536461398,2.7520786507135933,4.366666666666666
4256,132.0,,Scotland,55.866161,-3.2081401,11_-1,12.0,35.6,52.4,7.59,0.959,0.12060069688025618,11.568076536461398,7,1,SANDY LOAM,13.03,1.1149444157125847,0.6381132075471698,0.4071884656461374,1.9840277148600318,0.8478412739593297,1.1311079437328766,4.843279245283019,-0.9186501826570999,11.568076536461398,2.7520786507135933,4.366666666666666
4257,132.0,,Scotland,55.866161,-3.2081401,11_-1,12.0,35.6,52.4,7.59,0.959,0.12060069688025618,11.568076536461398,7,1,SANDY LOAM,13.03,1.1149444157125847,0.6381132075471698,0.4071884656461374,1.9840277148600318,0.8478412739593297,1.1311079437328766,4.843279245283019,-0.9186501826570999,11.568076536461398,2.7520786507135933,4.366666666666666
4258,132.0,,Scotland,55.866161,-3.2081401,11_-1,12.0,35.6,52.4,7.59,0.959,0.12060069688025618,11.568076536461398,7,1,SANDY LOAM,13.03,1.1149444157125847,0.6381132075471698,0.4071884656461374,1.9840277148600318,0.8478412739593297,1.1311079437328766,4.843279245283019,-0.9186501826570999,11.568076536461398,2.7520786507135933,4.366666666666666
4259,132.0,,Scotland,55.866161,-3.2081401,11_-1,12.0,35.6,52.4,7.59,0.959,0.12060069688025618,11.568076536461398,7,1,SANDY LOAM,13.03,1.1149444157125847,0.6381132075471698,0.4071884656461374,1.9840277148600318,0.8478412739593297,1.1311079437328766,4.843279245283019,-0.9186501826570999,11.568076536461398,2.7520786507135933,4.366666666666666
4260,132.0,,Scotland,55.866161,-3.2081401,11_-1,12.0,35.6,52.4,7.59,0.959,0.12060069688025618,11.568076536461398,7,1,SANDY LOAM,13.03,1.1149444157125847,0.6381132075471698,0.4071884656461374,1.9840277148600318,0.8478412739593297,1.1311079437328766,4.843279245283019,-0.9186501826570999,11.568076536461398,2.7520786507135933,4.366666666666666
4261,132.0,,Scotland,55.866161,-3.2081401,11_-1,12.0,35.6,52.4,7.59,0.959,0.12060069688025618,11.568076536461398,7,1,SANDY LOAM,13.03,1.1149444157125847,0.6381132075471698,0.4071884656461374,1.9840277148600318,0.8478412739593297,1.1311079437328766,4.843279245283019,-0.9186501826570999,11.568076536461398,2.7520786507135933,4.366666666666666
4262,132.0,,Scotland,55.866161,-3.2081401,11_-1,12.0,35.6,52.4,7.59,0.959,0.12060069688025618,11.568076536461398,7,1,SANDY LOAM,13.03,1.1149444157125847,0.6381132075471698,0.4071884656461374,1.9840277148600318,0.8478412739593297,1.1311079437328766,4.843279245283019,-0.9186501826570999,11.568076536461398,2.7520786507135933,4.366666666666666
4263,132.0,,Scotland,55.866161,-3.2081401,11_-1,12.0,35.6,52.4,7.59,0.959,0.12060069688025618,11.568076536461398,7,1,SANDY LOAM,13.03,1.1149444157125847,0.6381132075471698,0.4071884656461374,1.9840277148600318,0.8478412739593297,1.1311079437328766,4.843279245283019,-0.9186501826570999,11.568076536461398,2.7520786507135933,4.366666666666666
4476,136.0,R. Sándor,Wales,52.365678,-3.827786,10_-1,23.295837179263362,57.99267551056022,18.711487310176423,,,0.024206506499276772,9.343922133890286,7,2,SILTY LOAM,0.7021860157792381,-0.15354782387434973,,,,,,,-1.616067883733139,9.343922133890286,,0.8032116281630064
4477,136.0,R. Sándor,Wales,52.365678,-3.827786,10_-1,20.99956522154839,59.069511017636415,19.93092376081519,,,0.02728242160423845,9.185098798846063,7,2,SILTY LOAM,2.0062457593692518,0.30238413177537465,,,,,,,-1.5641170840638563,9.185098798846063,,0.949111257806584
4478,136.0,R. Sándor,Wales,52.365678,-3.827786,10_-1,21.457407216545942,59.765025322078515,18.77756746137554,,,0.025763204725164857,8.969304590539181,7,2,SILTY LOAM,1.0031228796846259,0.001354136111393444,,,,,,,-1.5890001153849047,8.969304590539181,,0.8751088736805087
4479,136.0,R. Sándor,Wales,52.365678,-3.827786,10_-1,22.641674516360354,56.45643754478113,20.901887938858522,,,0.026800424497572254,9.832669377732843,7,2,SILTY LOAM,0.10031228796846262,-0.9986458638886064,,,,,,,-1.571858327034899,9.832669377732843,,0.9231599864115747
4480,136.0,R. Sándor,Wales,52.365678,-3.827786,10_-1,21.52875600901532,55.70619101858804,22.765052972396646,,,0.029759157978771104,10.084154052896153,7,2,SILTY LOAM,7.021860157792382,0.8464521761256504,,,,,,,-1.5263793611082406,10.084154052896153,,1.0574253785431735
4481,136.0,R. Sándor,Wales,52.365678,-3.827786,10_-1,21.211546763789176,57.774769230768676,21.013684005442144,,,0.02819431748274424,9.529130041041897,7,2,SILTY LOAM,2.0062457593692518,0.30238413177537465,,,,,,,-1.549838414183118,9.529130041041897,,0.9906719316346694
4482,136.0,R. Sándor,Wales,52.365678,-3.827786,10_-1,21.355429240870933,57.13672936841576,21.50784139071331,,,0.028576642790350586,9.698245776961656,7,2,SILTY LOAM,0.20062457593692523,-0.6976158682246252,,,,,,,-1.5439887938538865,9.698245776961656,,1.0071369274821544
4483,136.0,R. Sándor,Wales,52.365678,-3.827786,10_-1,20.353506332519405,59.53466513875737,20.111828528723223,,,0.028048604957731055,9.086829630048339,7,2,SILTY LOAM,0.20062457593692523,-0.6976158682246252,,,,,,,-1.5520887342019682,9.086829630048339,,0.988125986753936
4484,136.0,R. Sándor,Wales,52.365678,-3.827786,10_-1,20.201513638443014,59.590514481064815,20.207971880492167,,,0.028287601803949604,9.07754058804574,7,2,SILTY LOAM,0.5015614398423129,-0.29967585955258774,,,,,,,-1.5484038700566056,9.07754058804574,,1.000319690997652
4485,136.0,R. Sándor,Wales,52.365678,-3.827786,10_-1,21.453870357216655,60.53538024425372,18.010749398529626,,,0.02505032859352795,8.755642399955363,7,2,SILTY LOAM,1.0031228796846259,0.001354136111393444,,,,,,,-1.6011865729735815,8.755642399955363,,0.8395104985087769
4486,137.0,T. Picciafuoco,Austria,48.146397,15.147587,9_3,19.32,73.65,7.02,1.0964408725602754,,0.017938275351728154,5.429245628076128,1,1,SILTY LOAM,2.1,0.3222192947339193,,,,1.3221020214940682,,,-1.74621931386899,5.429245628076128,,0.3633540372670807
4487,137.0,T. Picciafuoco,Austria,48.146397,15.147587,9_3,19.31,73.72,6.96,1.0849598163030998,,0.017904604539503963,5.412311728477403,1,1,SILTY LOAM,3.15,0.49831055378960054,,,,1.3234108910817672,,,-1.7470352668446454,5.412311728477403,,0.36043500776799586
4488,137.0,T. Picciafuoco,Austria,48.146397,15.147587,9_3,19.38,73.77,6.84,1.0619977037887487,,0.01778522448385543,5.390205095755665,1,1,SILTY LOAM,1.8,0.25527250510330607,,,,1.3260364202988686,,,-1.7499406488091305,5.390205095755665,,0.35294117647058826
4489,137.0,T. Picciafuoco,Austria,48.146397,15.147587,9_3,20.0,73.5,6.5,1.2342135476463834,,0.017206893155650185,5.378020301839985,1,1,SILTY LOAM,5.85,0.7671558660821804,,,,1.3065951580341062,,,-1.7642975379909838,5.378020301839985,,0.325
4490,137.0,T. Picciafuoco,Austria,48.146397,15.147587,9_3,19.99,73.57,6.44,1.2399540757749714,,0.017174595175100463,5.360901930335102,1,1,SILTY LOAM,6.3,0.7993405494535817,,,,1.305956928928351,,,-1.765113490966639,5.360901930335102,,0.3221610805402702
4491,137.0,T. Picciafuoco,Austria,48.146397,15.147587,9_3,20.44,73.57,5.99,1.1997703788748564,,0.01664708709259947,5.297471366674733,1,1,SILTY LOAM,3.75,0.5740312677277188,,,,1.3104376712650696,,,-1.7786617483609022,5.297471366674733,,0.2930528375733855
4492,137.0,T. Picciafuoco,Austria,48.146397,15.147587,9_3,20.85,69.09,10.05,1.4466130884041333,,0.019075803257140415,6.451283950204809,1,1,SILTY LOAM,0.6,-0.22184874961635637,,,,1.2833887615529562,,,-1.719517165415089,6.451283950204809,,0.48201438848920863
4493,137.0,T. Picciafuoco,Austria,48.146397,15.147587,9_3,20.41,69.38,10.21,1.4179104477611941,,0.019458233716415498,6.4261532156821355,1,1,SILTY LOAM,0.3,-0.5228787452803376,,,,1.2864764735995342,,,-1.7108965845213464,6.4261532156821355,,0.5002449779519843
4494,137.0,T. Picciafuoco,Austria,48.146397,15.147587,9_3,20.52,69.46,10.02,1.4293915040183698,,0.01925373627379004,6.391290940040048,1,1,SILTY LOAM,0.9,-0.045757490560675115,,,,1.285239607596652,,,-1.7154849811872142,6.391290940040048,,0.48830409356725146
4495,137.0,T. Picciafuoco,Austria,48.146397,15.147587,9_3,20.23,71.82,7.95,1.2342135476463834,,0.018013014798507358,5.79343043008066,1,1,SILTY LOAM,1.8,0.25527250510330607,,,,1.3065951580341062,,,-1.7444135941887127,5.79343043008066,,0.3929807217004449
4496,137.0,T. Picciafuoco,Austria,48.146397,15.147587,9_3,19.95,72.45,7.6,1.1940298507462688,,0.017945815743624933,5.662596101814348,1,1,SILTY LOAM,0.7,-0.1549019599857432,,,,1.311080288493573,,,-1.7460367956253675,5.662596101814348,,0.38095238095238093
4506,139.0,Muhamad et al. (2008),Indonesia,,,<NA>_<NA>,54.0,45.0,1.0,4.07,1.58,0.0046434978119436875,5.489675733294902,2,-1,SILTY CLAY,3.3516,0.5252521817486299,0.4037735849056603,0.16303310786756844,0.1851788084275317,1.0525022899519918,1.5011843822896282,1.6433584905660374,-2.333154754759214,5.489675733294902,-1.1068869427957502,0.018518518518518517
4507,139.0,Muhamad et al. (2008),Indonesia,,,<NA>_<NA>,27.0,16.0,57.0,0.78,1.52,0.08760085378331871,20.37517710463304,2,-1,SANDY CLAY LOAM,1.5084,0.17851652373358257,0.42641509433962266,0.1818298326806693,0.2356689032038886,1.359151339520114,1.1183449228962818,0.33260377358490567,-1.0574916610513585,20.37517710463304,1.549150240033892,2.111111111111111
4508,139.0,Muhamad et al. (2008),Indonesia,,,<NA>_<NA>,20.0,19.0,61.0,0.68,1.57,0.12746369208496308,16.419124743173434,2,-1,SANDY CLAY LOAM,1.7892000000000001,0.25265888950061943,0.40754716981132066,0.16609469562121745,0.19285286172579985,1.3712951114832066,1.1449030823874755,0.27713207547169805,-0.894613505996563,16.419124743173434,1.7878303572251504,3.05
4509,139.0,Muhamad et al. (2008),Indonesia,,,<NA>_<NA>,14.0,15.0,71.0,5.29,1.59,0.22379993013902327,12.645275714887882,2,-1,SANDY LOAM,5.796,0.763128376799137,0.3999999999999999,0.15999999999999992,0.17777777777777762,0.9712442747727791,1.6370752871330725,2.1159999999999997,-0.6501400533762185,12.645275714887882,2.241428647976865,5.071428571428571
4510,139.0,Muhamad et al. (2008),Indonesia,,,<NA>_<NA>,0.0,6.0,94.0,,1.67,0.8222025783374616,2.3931490633549157,2,-1,SAND,11.304,1.053232148840502,0.369811320754717,0.13676041295834818,0.12735013534111309,,,,-0.08502116565348426,2.3931490633549157,3.2267883610512444,94.0
4511,139.0,Muhamad et al. (2008),Indonesia,,,<NA>_<NA>,43.0,21.0,36.0,0.65,1.44,0.024043904516024395,21.520242708486503,2,-1,CLAY,3.4416,0.5367603930433873,0.45660377358490567,0.2084870060519758,0.3223927396342884,1.3749806727429286,1.0472874481409002,0.2967924528301887,-1.6189950053850901,21.520242708486503,0.5622265235645655,0.8372093023255814
4512,139.0,Muhamad et al. (2008),Indonesia,,,<NA>_<NA>,20.0,26.0,54.0,1.42,1.37,0.09855620172351202,15.857913851858333,2,-1,SANDY CLAY LOAM,0.8208000000000001,-0.0857626522322589,0.4830188679245282,0.2333072267710928,0.42164106409907093,1.286251186808993,1.0651107762230922,0.68588679245283,-1.0063160422160298,15.857913851858333,1.9041420977746262,2.7
4513,139.0,Muhamad et al. (2008),Indonesia,,,<NA>_<NA>,9.0,32.0,59.0,0.4,1.44,0.16948003769850759,10.228832433440797,2,-1,SANDY LOAM,6.192,0.7918309476748362,0.45660377358490567,0.2084870060519758,0.3223927396342884,1.4064817615647345,1.0238312641878669,0.1826415094339623,-0.7708814480681921,10.228832433440797,2.258453638198361,6.555555555555555
4514,139.0,Muhamad et al. (2008),Indonesia,,,<NA>_<NA>,32.0,59.0,9.0,0.69,1.45,0.01275849427815346,7.58455631925058,2,-1,SILTY CLAY LOAM,1.5012,0.1764385557410448,0.4528301886792453,0.2050551797792809,0.3101429116281157,1.3700709777871478,1.0583393295009784,0.31245283018867925,-1.894200576811958,7.58455631925058,-0.005008012375096485,0.28125
4515,139.0,Muhamad et al. (2008),Indonesia,,,<NA>_<NA>,21.0,48.0,31.0,2.54,1.05,0.04097430588970266,12.07937418986044,2,-1,LOAM,1.2995999999999999,0.11380970267294513,0.6037735849056604,0.36454254182983264,1.401959525948744,1.17587861517811,0.8929493116438356,1.5335849056603774,-1.3874883947025576,12.07937418986044,1.6635899679986779,1.4761904761904763
4524,147.0,Huang et al. (2011),canada,56.733622,-111.366667,11_-23,,,,,1.18,,,1,-1,,142.68,2.1543631006663166,0.5547169811320755,0.30771092915628334,0.8608790035394296,,,,,,,
4525,147.0,Huang et al. (2011),canada,56.733622,-111.366667,11_-23,,,,,1.18,,,1,-1,,142.68,2.1543631006663166,0.5547169811320755,0.30771092915628334,0.8608790035394296,,,,,,,
4526,147.0,Huang et al. (2011),canada,56.733622,-111.366667,11_-23,5.9,5.9,88.19999999999999,,1.22,0.5482035919505769,6.050310791660766,1,-1,SAND,37.2,1.5705429398818975,0.539622641509434,0.29119259522961904,0.7413829210041933,,,,-0.26105812319417787,6.050310791660766,3.639757612233228,14.949152542372879
4527,147.0,Huang et al. (2011),canada,56.733622,-111.366667,11_-23,5.9,5.9,88.19999999999999,,1.22,0.5482035919505769,6.050310791660766,1,-1,SAND,37.2,1.5705429398818975,0.539622641509434,0.29119259522961904,0.7413829210041933,,,,-0.26105812319417787,6.050310791660766,3.639757612233228,14.949152542372879
4528,147.0,Huang et al. (2011),canada,56.733622,-111.366667,11_-23,1.8,1.8,96.4,,1.05,0.8468516274975023,2.815647624289504,1,-1,SAND,56.64,1.7531232446817127,0.6037735849056604,0.36454254182983264,1.401959525948744,,,,-0.07219267349885604,2.815647624289504,4.294181410406081,53.55555555555556
4529,147.0,Huang et al. (2011),canada,56.733622,-111.366667,11_-23,1.8,1.8,96.4,,1.05,0.8468516274975023,2.815647624289504,1,-1,SAND,56.64,1.7531232446817127,0.6037735849056604,0.36454254182983264,1.401959525948744,,,,-0.07219267349885604,2.815647624289504,4.294181410406081,53.55555555555556
4569,151.0,Casanova (1998),chile,-33.466667,-70.833333,-7_-15,13.2,38.3,48.5,,1.39,0.10049301287746053,11.871184597948778,12,1,LOAM,0.2612,-0.5830268273969637,0.47547169811320755,0.2260733357066572,0.3906934775242112,,,,-0.9978641330121667,11.871184597948778,1.8879391763960602,3.6742424242424243
4570,151.0,Casanova (1998),chile,-33.466667,-70.833333,-7_-15,15.3,36.0,48.7,,1.51,0.09453941872434174,12.882743342611759,12,1,LOAM,0.2227,-0.6522797829659618,0.43018867924528303,0.18506229975080102,0.24519679292450766,,,,-1.024387072284712,12.882743342611759,1.63257192242955,3.1830065359477127
4571,151.0,Casanova (1998),chile,-33.466667,-70.833333,-7_-15,15.2,39.9,44.9,,1.42,0.08248773552500502,12.408882370546694,12,1,LOAM,0.326,-0.48678239993206096,0.4641509433962264,0.21543609825560697,0.34825132030556977,,,,-1.0836106185987375,12.408882370546694,1.6665028159305009,2.9539473684210527
4572,151.0,Casanova (1998),chile,-33.466667,-70.833333,-7_-15,14.7,35.0,50.3,,1.57,0.10224328064175148,12.741903578490978,12,1,LOAM,0.4114,-0.3857357126412948,0.40754716981132066,0.16609469562121745,0.19285286172579985,,,,-0.9903652239181517,12.741903578490978,1.5963269213819726,3.421768707482993
4573,151.0,Casanova (1998),chile,-33.466667,-70.833333,-7_-15,12.9,36.9,50.2,,1.53,0.10802108765178918,11.864275444957,12,1,LOAM,0.3914,-0.4073791786780176,0.4226415094339623,0.17862584549661803,0.22647764083641436,,,,-0.9664914541720981,11.864275444957,1.7138737056070459,3.8914728682170545
4574,151.0,Casanova (1998),chile,-33.466667,-70.833333,-7_-15,13.1,36.7,50.2,,1.68,0.10731948974460906,11.95983184921663,12,1,LOAM,0.35,-0.4559319556497244,0.36603773584905663,0.13398362406550376,0.12202554764043988,,,,-0.9693214008680399,11.95983184921663,1.4396392451868243,3.8320610687022905
4575,151.0,Casanova (1998),chile,-33.466667,-70.833333,-7_-15,13.3,37.9,48.8,,1.6,0.10127637430183539,11.943434301138288,12,1,LOAM,0.35,-0.4559319556497244,0.39622641509433953,0.15699537201851185,0.17064047759433945,,,,-0.9944918548078747,11.943434301138288,1.5349296298581097,3.669172932330827
4576,151.0,Casanova (1998),chile,-33.466667,-70.833333,-7_-15,14.8,38.3,46.9,,1.35,0.08994236130381007,12.458925918164546,12,1,LOAM,0.44,-0.3565473235138126,0.49056603773584906,0.24065503737985047,0.45490074281129483,,,,-1.0460357148584352,12.458925918164546,1.8576764977895226,3.168918918918919
4578,151.0,Casanova (1998),chile,-33.466667,-70.833333,-7_-15,15.2,36.9,47.9,,1.44,0.09210048070172222,12.752537578689266,12,1,LOAM,0.3717,-0.42980743890427414,0.45660377358490567,0.2084870060519758,0.3223927396342884,,,,-1.0357381030761088,12.752537578689266,1.7287403281825282,3.151315789473684
4579,151.0,Casanova (1998),chile,-33.466667,-70.833333,-7_-15,18.6,33.3,48.1,,1.46,0.08305089253884619,14.41480317458077,12,1,LOAM,0.21,-0.6777807052660807,0.4490566037735849,0.20165183339266643,0.29832475914982814,,,,-1.0806556958722748,14.41480317458077,1.6052091884400632,2.586021505376344
4580,151.0,Casanova (1998),chile,-33.466667,-70.833333,-7_-15,26.9,39.6,33.5,,1.43,0.03706141022935841,14.77695083491106,12,1,LOAM,0.32,-0.494850021680094,0.46037735849056605,0.21194731221075117,0.33509005837809114,,,,-1.4310780592973122,14.77695083491106,0.9548367060753914,1.2453531598513012
4581,151.0,Casanova (1998),chile,-33.466667,-70.833333,-7_-15,24.2,38.2,37.6,,1.25,0.04704917280823957,14.889200233863145,12,1,LOAM,0.4344,-0.3621101834192095,0.5283018867924528,0.27910288358846563,0.6627018867924528,,,,-1.3274480076878408,14.889200233863145,1.4582534732188144,1.553719008264463
4582,151.0,Casanova (1998),chile,-33.466667,-70.833333,-7_-15,25.1,38.6,36.3,,1.44,0.04355845583636274,14.904437593479134,12,1,LOAM,0.41,-0.38721614328026455,0.45660377358490567,0.2084870060519758,0.3223927396342884,,,,-1.3609275245460508,14.904437593479134,1.0783614852426442,1.446215139442231
4583,151.0,Casanova (1998),chile,-33.466667,-70.833333,-7_-15,23.7,39.1,37.2,,1.38,0.047124185510941885,14.590710033871073,12,1,LOAM,0.4643,-0.33320131633382594,0.47924528301886793,0.22967604129583483,0.4058888452957006,,,,-1.3267561430176709,14.590710033871073,1.2467261116059507,1.569620253164557
4584,151.0,Casanova (1998),chile,-33.466667,-70.833333,-7_-15,22.5,36.2,41.3,,1.61,0.05697040520004861,15.042683234107255,12,1,LOAM,0.4644,-0.33310778893346377,0.39245283018867916,0.15401922392310424,0.16375794958993675,,,,-1.2443506916277616,15.042683234107255,1.0173322901530129,1.8355555555555554
4585,151.0,Casanova (1998),chile,-33.466667,-70.833333,-7_-15,23.6,35.4,41.0,,1.39,0.05436224080459826,15.455700431480969,12,1,LOAM,5.18,0.7143297597452329,0.47547169811320755,0.2260733357066572,0.3906934775242112,,,,-1.2647026500077034,15.455700431480969,1.354262142404987,1.7372881355932202
4586,151.0,Casanova (1998),chile,-33.466667,-70.833333,-7_-15,25.3,39.5,35.2,,1.23,0.041561314319249976,14.681937050047084,12,1,LOAM,5.38,0.7307822756663892,0.5358490566037736,0.28713421146315415,0.7141820594459971,,,,-1.381310726933623,14.681937050047084,1.3830187639790226,1.3913043478260871
4594,153.0,Wang et al. (2015b),China,36.316667,120.383333,7_24,,,,7.003444316877152,1.16,,,3,6,,85.03,1.9295721790765499,0.5622641509433963,0.31614097543609837,0.9276773495165244,0.8762334370956003,1.3238481332611365,3.9377856725082863,,,,
4595,153.0,Wang et al. (2015b),China,36.316667,120.383333,7_24,,,,16.905855338691158,1.06,,,3,6,,87.66,1.9428014663179405,0.6,0.36,1.3499999999999996,0.5597692051397805,1.8936375746774181,10.143513203214694,,,,
4596,153.0,Wang et al. (2015b),China,36.316667,120.383333,7_24,,,,30.149253731343286,0.92,,,3,6,,88.9,1.9489017609702137,0.6528301886792452,0.42618725525097895,2.3084303777151614,0.37745274137221935,2.4373912258667527,19.682343001971276,,,,
4597,153.0,Wang et al. (2015b),China,36.316667,120.383333,7_24,,,,7.003444316877152,1.16,,,3,6,,85.03,1.9295721790765499,0.5622641509433963,0.31614097543609837,0.9276773495165244,0.8762334370956003,1.3238481332611365,3.9377856725082863,,,,
4598,153.0,Wang et al. (2015b),China,36.316667,120.383333,7_24,,,,16.905855338691158,1.06,,,3,6,,87.66,1.9428014663179405,0.6,0.36,1.3499999999999996,0.5597692051397805,1.8936375746774181,10.143513203214694,,,,
4599,153.0,Wang et al. (2015b),China,36.316667,120.383333,7_24,,,,30.149253731343286,0.92,,,3,6,,88.9,1.9489017609702137,0.6528301886792452,0.42618725525097895,2.3084303777151614,0.37745274137221935,2.4373912258667527,19.682343001971276,,,,
4600,153.0,Wang et al. (2015b),China,36.316667,120.383333,7_24,,,,10.792192881745121,1.11,,,3,1,,90.46,1.9564565834098997,0.581132075471698,0.3377144891420433,1.1185884507659098,0.7204048618316659,1.540800262199465,6.271689448259427,,,,
4601,153.0,Wang et al. (2015b),China,36.316667,120.383333,7_24,,,,21.802525832376578,1.07,,,3,1,,99.22,1.9965992227001668,0.5962264150943396,0.35548593805624773,1.3000433423368931,0.47494694507574736,2.2528832137858052,12.99924181703962,,,,
4602,153.0,Wang et al. (2015b),China,36.316667,120.383333,7_24,,,,31.969001148105626,0.93,,,3,1,,103.11,2.0133007868568877,0.6490566037735849,0.42127447490210035,2.220105279921116,0.36128396194557605,2.574152461658665,20.749691311223273,,,,
4603,153.0,Wang et al. (2015b),China,36.316667,120.383333,7_24,,,,10.792192881745121,1.11,,,3,1,,90.46,1.9564565834098997,0.581132075471698,0.3377144891420433,1.1185884507659098,0.7204048618316659,1.540800262199465,6.271689448259427,,,,
4604,153.0,Wang et al. (2015b),China,36.316667,120.383333,7_24,,,,21.802525832376578,1.07,,,3,1,,99.22,1.9965992227001668,0.5962264150943396,0.35548593805624773,1.3000433423368931,0.47494694507574736,2.2528832137858052,12.99924181703962,,,,
4605,153.0,Wang et al. (2015b),China,36.316667,120.383333,7_24,,,,31.969001148105626,0.93,,,3,1,,103.11,2.0133007868568877,0.6490566037735849,0.42127447490210035,2.220105279921116,0.36128396194557605,2.574152461658665,20.749691311223273,,,,
4708,175.0,Khan and Strosser (1998),Pakistan,29.833333,72.833333,5_14,,,,,1.4,,,-1,-1,,0.000174,-3.7594507517174005,0.4716981132075472,0.22249911000355999,0.3760348479014247,,,,,,,
4839,191.0,Arriaga et al. (2010),USA,32.595409,-85.491834,6_-18,4.5,12.6,82.9,,1.65,0.47225517566295516,6.088760001172484,1,-1,LOAMY SAND,3.57e-05,-4.447331783887806,0.37735849056603776,0.1423994304022784,0.13860734272398084,,,,-0.32582327374589704,6.088760001172484,2.781970971656288,18.422222222222224
4840,191.0,Arriaga et al. (2010),USA,32.595409,-85.491834,6_-18,16.0,10.9,73.1,,1.6,0.22650158243888918,13.7814471411459,1,-1,SANDY LOAM,9.8e-05,-4.008773924307505,0.39622641509433953,0.15699537201851185,0.17064047759433945,,,,-0.6449287594697947,13.7814471411459,2.2340558205342695,4.56875
4841,191.0,Arriaga et al. (2010),USA,32.595409,-85.491834,6_-18,46.0,44.7,9.3,,1.5,0.008175049782864792,8.942960965993594,1,-1,SILTY CLAY,2.17e-05,-4.663540266151471,0.4339622641509434,0.1883232467070132,0.2550733752620546,,,,-2.08750959397561,8.942960965993594,-0.4765227774258524,0.2021739130434783
4842,192.0,Thierfelder et al. (2017),Zimbabwe,-18.966667,29.766667,-4_5,59.6,17.2,23.2,,1.45,0.008747085117005787,17.745434903841723,1,-1,CLAY,5.53e-06,-5.257274868695301,0.4528301886792453,0.2050551797792809,0.3101429116281157,,,,-2.0581366473781277,17.745434903841723,-0.33288015350743605,0.38926174496644295
4887,199.0,Y. Zeng,China,33.67861111111111,101.88822222222223,6_20,8.402,44.009,47.588,4.061252135476464,1.0725000000000002,0.11362892389289203,9.655437185818693,8,2,LOAM,3.0707999999999998,0.48725153193481024,0.5952830188679245,0.35436187255250967,1.2878569561971056,1.0531340666703137,1.0183888584963505,2.4175944315902345,-0.9445111062288858,9.655437185818693,2.5126766971531147,5.663889550107118
4888,199.0,Y. Zeng,China,33.67861111111111,101.88822222222223,6_20,9.421,45.242,45.337,2.523520339839265,1.3895999999999997,0.10118919034078784,9.940269401284656,8,2,LOAM,2.2572,0.3535700415980037,0.475622641509434,0.22621689711641157,0.3912908556532226,1.1773651557971854,1.1802625490977026,1.200243409937136,-0.9948658790583743,9.940269401284656,1.894599222086948,4.812334147118141
4889,199.0,Y. Zeng,China,33.67861111111111,101.88822222222223,6_20,9.013,37.881,53.106,0.8398411568312285,1.5526,0.13642095011947566,10.16759134645348,8,2,SANDY LOAM,0.26388,-0.5785935245915848,0.41411320754716985,0.17148974866500538,0.20688539362012476,1.351986688000778,1.1483840882308352,0.3477893152855058,-0.8651189301002196,10.16759134645348,1.8773232513008413,5.892155774991679
4890,199.0,Y. Zeng,China,33.67861111111111,101.88822222222223,6_20,5.472,31.217,63.31,1.213935499425947,1.3821,0.22275707635211323,8.370777512626875,8,2,SANDY LOAM,9.468,0.9762582492570451,0.47845283018867923,0.22891711071555712,0.40265231248279093,1.3088546639300733,1.0559613974633322,0.5808108753668522,-0.6521684907844184,8.370777512626875,2.5924244975872175,11.569809941520468
4891,199.0,Y. Zeng,China,33.67861111111111,101.88822222222223,6_20,9.92,47.21,42.87,3.065442020665901,0.98,0.09092980058884229,9.938144927640797,8,2,LOAM,1.0728,0.030518764843542486,0.630188679245283,0.39713777144891416,1.830001257337744,1.1303731070497791,0.8669703780884828,1.9318068583064356,-1.0412937613295237,9.938144927640797,2.4716951469746076,4.321572580645161
4892,199.0,Y. Zeng,China,33.67861111111111,101.88822222222223,6_20,10.758500000000002,44.3,44.941500000000005,3.061789361653272,1.2258999999999998,0.09547675698750188,10.474370539808715,8,2,LOAM,2.1995999999999998,0.34234371100984146,0.5373962264150944,0.28879470416518344,0.7252128576165807,1.130677282719225,1.084217414408264,1.6453940490303491,-1.0201023408838839,10.474370539808715,2.112092095033865,4.177301668448203
4893,199.0,Y. Zeng,China,33.67861111111111,101.88822222222223,6_20,11.545,46.558499999999995,41.896,0.53753137347876,1.5386999999999997,0.08321052016164845,10.499398286510532,8,2,LOAM,0.056519999999999994,-1.247797846823479,0.4193584905660378,0.17586154360982562,0.21874602080137953,1.3889758218279127,1.10779466123107,0.22541834541394193,-1.0798217631404694,10.499398286510532,1.4721279167673882,3.6289302728453876
4894,199.0,Y. Zeng,China,33.67861111111111,101.88822222222223,6_20,6.6835,33.178,60.13850000000001,0.3085303850746269,1.5082,0.190574166576138,9.0678048910177,8,2,SANDY LOAM,2.8907999999999996,0.46101804604596813,0.4308679245283019,0.18564716838732648,0.24694848671198205,1.4183710447257707,1.0633324796133279,0.13293584667102226,-0.7199359708216105,9.0678048910177,2.2445657090402644,8.998054911348845
4895,199.0,Y. Zeng,China,33.67861111111111,101.88822222222223,6_20,10.73,63.652,25.618,4.738533749712973,1.2052999999999998,0.0469835767241905,7.85349243488237,8,2,SILTY LOAM,1.0116,0.005008820672367182,0.5451698113207548,0.2972101231755074,0.7832435574717486,1.006364523855895,1.1976773539093786,2.5833055502680504,-1.3280539247135505,7.85349243488237,1.5296202633878586,2.387511649580615
4896,199.0,Y. Zeng,China,33.67861111111111,101.88822222222223,6_20,10.9,63.474,25.626,3.3592981216991964,1.2997,0.046737801595017704,7.901782572085221,8,2,SILTY LOAM,0.8208000000000001,-0.0857626522322589,0.5095471698113208,0.25963831826272693,0.5499949364490003,1.106427041435305,1.1746820633685644,1.7117208504643113,-1.3303317193637074,7.901782572085221,1.3715265339479303,2.3510091743119266
4897,199.0,Y. Zeng,China,33.67861111111111,101.88822222222223,6_20,10.325,63.363,26.312,1.7034555017221582,1.3457,0.04883725279672242,7.860000367413485,8,2,SILTY LOAM,0.13032,-0.884988928699547,0.4921886792452831,0.24224969597721616,0.4623704856158526,1.2564045743628256,1.0710721908048286,0.8384215135457401,-1.3112487740633674,7.860000367413485,1.3343238374678492,2.5483777239709444
4898,199.0,Y. Zeng,China,33.67861111111111,101.88822222222223,6_20,9.204,62.675,28.122,0.7161530638346727,1.6025999999999998,0.05413527051096112,7.83100968568195,8,2,SILTY LOAM,0.15876,-0.7992589097648741,0.39524528301886797,0.15621883374866505,0.16882686576108888,1.3668798012911008,1.172451300023782,0.28305612040016465,-1.2665196887338153,7.83100968568195,0.986233461994633,3.055410691003911
4899,199.0,Y. Zeng,China,33.67861111111111,101.88822222222223,6_20,9.589,49.744,40.666,5.609383352468427,1.151,0.08476865830435198,9.591491967206792,8,2,LOAM,0.41040000000000004,-0.3867926478962401,0.5656603773584905,0.31997166251334985,0.9594191381082177,0.9520029965018705,1.2090298079200832,3.1730059039057252,-1.071764690685178,9.591491967206792,2.130310277490793,4.240901032432996
4900,199.0,Y. Zeng,China,33.67861111111111,101.88822222222223,6_20,9.537,48.61,41.853,3.661071357060849,1.4935000000000003,0.08869452328793463,9.688371841435993,8,2,LOAM,0.26783999999999997,-0.5721245636868342,0.43641509433962256,0.19045813456746166,0.26168605703938747,1.082869260219715,1.379206202323047,1.5977468016758005,-1.0521031961689666,9.688371841435993,1.6054054726775817,4.388486945580371
4901,199.0,Y. Zeng,China,33.67861111111111,101.88822222222223,6_20,10.398,47.774,41.828,2.1297803145809415,1.3203,0.08616183620231103,10.029319759260183,8,2,LOAM,0.07344,-1.134067331806814,0.5017735849056604,0.25177673050907795,0.5089438675564956,1.2140348036017492,1.0875306013328345,1.068667503508784,-1.0646850543243507,10.029319759260183,1.8691310586295022,4.022696672437007
4902,199.0,Y. Zeng,China,33.67861111111111,101.88822222222223,6_20,13.871,59.958,26.17,1.9058553386911594,1.4556,0.04328387713139131,8.833252387290102,8,2,SILTY LOAM,0.09612,-1.0171862378681376,0.4507169811320755,0.20314579708081168,0.30347255170010506,1.235926590268555,1.1777398523999003,0.8590013647293286,-1.36367384445063,8.833252387290102,1.0466030089971463,1.886670030999928
4903,199.0,Y. Zeng,China,33.67861111111111,101.88822222222223,6_20,2.4480000000000004,9.694500000000001,87.858,3.0337491251435127,1.5094499999999997,0.6057889745928752,4.420181239170161,8,2,SAND,0.8265600000000001,-0.08272561550677679,0.43039622641509445,0.18524091171235324,0.245730830879503,1.1330178004205116,1.3322385574522995,1.305714175351862,-0.2176786351250651,4.420181239170161,3.246933660379324,35.889705882352935
4904,199.0,Y. Zeng,China,33.67861111111111,101.88822222222223,6_20,3.6254999999999997,13.418,82.957,0.8562443933409872,1.7754999999999996,0.486914066217585,5.65198233244774,8,2,LOAMY SAND,2.464668,0.3917584264616314,0.33000000000000007,0.10890000000000005,0.0800556916907998,1.3500359356039335,1.315150177247494,0.2825606498025258,-0.31254767915622245,5.65198233244774,2.5701281374322678,22.881533581574956
4905,199.0,Y. Zeng,China,33.67861111111111,101.88822222222223,6_20,3.4234999999999998,15.088000000000001,81.488,0.5386343079219288,2.1298500000000002,0.4643921203570373,5.743074180622174,8,2,LOAMY SAND,0.21636000000000002,-0.6648230272299731,0.19628301886792443,0.038527023495905977,0.011706899714498962,1.3888371939477904,1.533549079245113,0.10572476802475136,-0.333115157827715,5.743074180622174,1.6940428639052896,23.802541258945524
4907,199.0,Y. Zeng,China,33.67861111111111,101.88822222222223,6_20,2.637,10.328,87.034,0.8457536257175661,1.5317,0.5841466042219099,4.625126073488303,8,2,SAND,30.492,1.4841859110979942,0.42199999999999993,0.17808399999999994,0.22494776164078478,1.3512828990851995,1.1335154178573121,0.3569080300528128,-0.23347814361649813,4.625126073488303,3.1769566703236696,33.00492984452029
4908,199.0,Y. Zeng,China,33.67861111111111,101.88822222222223,6_20,2.493,9.606,87.901,0.30323437979334095,1.8338999999999999,0.6058689900212124,4.434788121623162,8,2,SAND,4.02264,0.6045111677914329,0.3079622641509434,0.09484075614097544,0.060986394482284476,1.419065582052725,1.292329278642079,0.09338474616956437,-0.21762127527590078,4.434788121623162,2.6418216895730033,35.25912555154432
4909,199.0,Y. Zeng,China,33.67861111111111,101.88822222222223,6_20,1.812,7.421,90.767,0.20769786084959824,2.1822000000000004,0.6882542518891291,3.7033308949955672,8,2,SAND,39.24,1.5937289987079108,0.17652830188679225,0.03116224136703446,0.008112331245367132,1.4317124369404626,1.5241887572502428,0.03666455068129885,-0.16225109694693496,3.7033308949955672,1.8764747632247147,50.09216335540839
4910,199.0,Y. Zeng,China,33.67861111111111,101.88822222222223,6_20,4.453,14.239,81.308,5.2631988082663606,,0.4461053334225595,6.270557711448883,8,2,LOAMY SAND,2.510208,0.39970970933344885,,,,0.9728943476121766,,,-0.3505625845096924,6.270557711448883,,18.259151134066922
4911,199.0,Y. Zeng,China,33.67861111111111,101.88822222222223,6_20,5.629,14.639,79.732,1.7637094006888636,,0.4051802805040845,7.060664609398716,8,2,LOAMY SAND,2.782404,0.44442018900333213,,,,1.250237742222358,,,-0.3923516992363835,7.060664609398716,,14.164505240717713
4912,199.0,Y. Zeng,China,33.67861111111111,101.88822222222223,6_20,8.521,14.932,76.547,1.064443322617681,,0.3280217321090702,8.96948373084126,8,2,SANDY LOAM,0.15264,-0.81633164263998,,,,1.3257562882642533,,,-0.484097382439557,8.96948373084126,,8.983335289285295
4914,199.0,Y. Zeng,China,33.67861111111111,101.88822222222223,6_20,11.02,39.189,49.792,8.268716691159588,,0.11313149660280658,10.953886230705157,8,2,LOAM,5.083200000000001,0.7061371974830722,,,,0.8172013952405662,,,-0.9464164676078446,10.953886230705157,,4.518330308529946
4915,199.0,Y. Zeng,China,33.67861111111111,101.88822222222223,6_20,14.242,40.629,45.129,2.0343150516647532,,0.0858220916182668,12.009156278019669,8,2,LOAM,4.22424,0.6257485846476001,,,,1.223272304881505,,,-1.0664009052402832,12.009156278019669,,3.1687263024856054
4916,199.0,Y. Zeng,China,33.67861111111111,101.88822222222223,6_20,10.538,29.157,60.305,0.9672119988518942,,0.16911448449174207,11.009729191895708,8,2,SANDY LOAM,9.289800000000001,0.9680063641732579,,,,1.3369855568112206,,,-0.77181919390764,11.009729191895708,,5.722622888593661
4917,199.0,Y. Zeng,China,33.67861111111111,101.88822222222223,6_20,13.245,34.774,51.981,0.9272868507462686,,0.11403737307385886,12.153541969731146,8,2,LOAM,4.41864,0.6452886197152004,,,,1.3416518060198213,,,-0.9429527955073302,12.153541969731146,,3.924575311438279
4918,199.0,Y. Zeng,China,33.67861111111111,101.88822222222223,6_20,4.524,15.596,79.881,6.197446482204362,,0.4223238170588935,6.482541265028548,8,2,LOAMY SAND,1.784916,0.2516177825799335,,,,0.9184990597240488,,,-0.37435442573686906,6.482541265028548,,17.657161803713528
4919,199.0,Y. Zeng,China,33.67861111111111,101.88822222222223,6_20,9.951,33.592,56.458,1.9594724707233067,,0.14965193166843094,10.693656101588099,8,2,SANDY LOAM,0.9827280000000002,-0.007566669803011796,,,,1.230613188217828,,,-0.8249176730267556,10.693656101588099,,5.673600643151442
4920,199.0,Y. Zeng,China,33.67861111111111,101.88822222222223,6_20,3.118,12.757,84.125,0.2542038989667049,1.8843,0.5167489487139637,5.253139828308933,8,3,LOAMY SAND,6.047999999999999,0.7816117824931501,0.2889433962264151,0.08348828622285509,0.04771225809971084,1.4255280625927378,1.3218259601097238,0.0734505379014362,-0.28672039823853357,5.253139828308933,2.3970204561331716,26.980436177036562
4921,199.0,Y. Zeng,China,33.67861111111111,101.88822222222223,6_20,5.723,21.65,72.627,0.167648014695752,1.4351999999999998,0.31112875530336104,7.861791904784376,8,3,SANDY LOAM,13.968,1.1451342263614945,0.4584150943396227,0.21014439871840518,0.3284306080860512,1.4370814305305137,0.9986907975494337,0.07685238047260361,-0.5070598484462349,7.861791904784376,2.7941552090220743,12.690372182421806
4922,199.0,Y. Zeng,China,33.67861111111111,101.88822222222223,6_20,4.546,19.965,75.489,0.22772288289322618,1.439,0.3591408181474973,6.988840058279635,8,3,LOAMY SAND,17.099999999999998,1.2329961103921538,0.45698113207547164,0.20883175507297966,0.32364206804898027,1.429042943007526,1.006967640154689,0.10406506082403655,-0.4447352323320307,6.988840058279635,2.9124257844677794,16.605587329520457
4923,199.0,Y. Zeng,China,33.67861111111111,101.88822222222223,6_20,0.944,4.36,94.696,0.21923757657864523,1.7238999999999998,0.8179521711865868,2.706589873445502,8,3,SAND,16.7922,1.2251075981791035,0.34947169811320766,0.12213046778212895,0.10085644112490787,1.430172885139416,1.2053787468023145,0.07661732817716356,-0.08727209045707891,2.706589873445502,3.120990739941356,94.696
4924,199.0,Y. Zeng,China,33.67861111111111,101.88822222222223,6_20,2.573,8.158,89.269,0.18055010608495983,1.8254000000000001,0.6354430193478505,4.27318770774641,8,3,SAND,3.6277559999999998,0.5596380690668996,0.3111698113207546,0.09682665147739403,0.06349916655247986,1.4353474134121476,1.271747859050102,0.05618174244439918,-0.19692338687595878,4.27318770774641,2.700752532831747,34.69452001554606
4925,199.0,Y. Zeng,China,33.67861111111111,101.88822222222223,6_20,1.175,6.557,92.267,0.21796704202066589,1.6421,0.7425306606790046,3.1904987885767997,8,3,SAND,14.5764,1.1636502775357007,0.38033962264150944,0.14465822855108582,0.14328715491362884,1.4303422291500367,1.1480469264868154,0.08290150251042609,-0.12928560869252625,3.1904987885767997,3.1894673236096436,78.52510638297872
4926,199.0,Y. Zeng,China,33.67861111111111,101.88822222222223,6_20,3.633,10.639,85.729,0.32476062778415615,1.8288,0.5389797852835302,5.280841859658237,8,3,LOAMY SAND,12.132,1.0839324016386258,0.30988679245283013,0.09602982413670341,0.06248395659777571,1.4162467798670813,1.2913003764581468,0.10063902925899962,-0.2684275229476715,5.280841859658237,2.5507447576738014,23.597302504816955
4928,199.0,Y. Zeng,China,33.67861111111111,101.88822222222223,6_20,2.92,10.693,86.387,1.169782493685419,1.8422999999999996,0.5651674296454575,4.84904482262178,8,3,LOAMY SAND,3.6,0.5563025007672873,0.30479245283018885,0.0928984393022429,0.05858462717911025,1.3138016005175144,1.4022665212725471,0.3565408755281938,-0.2478228743054895,4.84904482262178,2.5639692034052413,29.584589041095892
4929,199.0,Y. Zeng,China,33.67861111111111,101.88822222222223,6_20,1.487,6.215,92.298,0.1645976629161883,1.5506,0.7358317225897659,3.3254525604080154,8,3,SAND,6.042599999999999,0.7812238463513185,0.4148679245283019,0.1721153948024208,0.20855555627747946,1.4374920046786632,1.0786842604711537,0.06828629079624808,-0.133221493144315,3.3254525604080154,3.344610059909423,62.06993947545393
4930,199.0,Y. Zeng,China,33.67861111111111,101.88822222222223,6_20,7.467,35.19,57.343,0.469528332032147,1.6597999999999997,0.16763647006470386,9.484681322686123,8,3,SANDY LOAM,0.12340800000000002,-0.9086566859815521,0.37366037735849067,0.13962207760768966,0.13298766831076997,1.3975769139497254,1.1876269444872265,0.17544413372763476,-0.7756314927174647,9.484681322686123,1.8643796676246789,7.6795232355698415
4931,199.0,Y. Zeng,China,33.67861111111111,101.88822222222223,6_20,1.72,6.854,91.427,0.49942594718714123,1.76,0.7072399449635127,3.562761969926383,8,6,SAND,22.247999999999998,1.3472909758561031,0.3358490566037735,0.11279458882164467,0.08588133966162476,1.393782348190031,1.2627509612856986,0.1677317332062474,-0.15043321831834375,3.562761969926383,2.9248636552456455,53.15523255813954
4932,199.0,Y. Zeng,China,33.67861111111111,101.88822222222223,6_20,1.651,6.777,91.572,0.1894374282433984,1.79,0.712644276981293,3.509616575726907,8,6,SAND,5.651999999999999,0.752202153176521,0.3245283018867924,0.10531861872552505,0.07491062453589822,1.4341554058058714,1.2481213631058168,0.06147780690163117,-0.14712719819146325,3.509616575726907,2.872120302963885,55.46456692913386
4933,199.0,Y. Zeng,China,33.67861111111111,101.88822222222223,6_20,1.25,5.702,93.048,0.8036739380022961,1.72,0.7622547205374033,3.1037932575002563,8,6,SAND,8.171999999999999,0.9123283579604099,0.3509433962264151,0.1231612673549306,0.10259969692949789,1.3563078511438107,1.2681486718147934,0.2820440612611832,-0.11789987742896695,3.1037932575002563,3.0671776045646686,74.4384
4934,199.0,Y. Zeng,China,33.67861111111111,101.88822222222223,6_20,4.401,22.454,73.145,0.7405281285878301,1.56,0.33106409825221034,7.149661531528279,8,6,SANDY LOAM,9.719999999999999,0.9876662649262745,0.41132075471698104,0.1691847632609469,0.20080957785965023,1.3639189300673307,1.1437629947133219,0.30459458873989986,-0.4800879131058202,7.149661531528279,2.6344398784772016,16.620086344012723
4935,199.0,Y. Zeng,China,33.67861111111111,101.88822222222223,6_20,3.465,17.436,79.1,0.4190585533869116,1.51,0.4247831982700294,6.0552243849238705,8,6,LOAMY SAND,0.45,-0.3467874862246563,0.43018867924528303,0.18506229975080102,0.24519679292450766,1.4040295657369386,1.0754759278929005,0.18027424560795444,-0.37183266952291566,6.0552243849238705,2.9376807279531425,22.828282828282827
4936,199.0,Y. Zeng,China,33.67861111111111,101.88822222222223,6_20,2.992,16.743,80.266,0.29276693455797936,1.41,0.45026335749548585,5.687643604069137,8,6,LOAMY SAND,2.7144,0.4336738466370613,0.4679245283018868,0.21895336418654326,0.3618936445435246,1.4204403234633238,0.9926499386909348,0.13699282975543187,-0.3465333945538854,5.687643604069137,3.1573454486440693,26.826871657754012
4937,203.0,L. Lassabatere,France,43.4745483,4.91432389999999,8_0,1.023226860677742,15.406761856592615,83.57001128272965,5.0,1.76,0.5420805788353505,4.356758999625176,13,6,LOAMY SAND,218.45282091766657,2.3393576571987866,0.3358490566037735,0.11279458882164467,0.08588133966162476,0.9894016878883004,1.7788528375733852,1.6792452830188676,-0.26593615194414183,4.356758999625176,2.6938577879940495,81.67300380228137
4938,203.0,L. Lassabatere,France,43.4745483,4.91432389999999,8_0,1.023226860677742,15.406761856592615,83.57001128272965,5.0,1.76,0.5420805788353505,4.356758999625176,13,6,LOAMY SAND,521.8761086175707,2.717567415397224,0.3358490566037735,0.11279458882164467,0.08588133966162476,0.9894016878883004,1.7788528375733852,1.6792452830188676,-0.26593615194414183,4.356758999625176,2.6938577879940495,81.67300380228137
4939,203.0,L. Lassabatere,France,43.4745483,4.91432389999999,8_0,1.023226860677742,15.406761856592615,83.57001128272965,5.0,1.76,0.5420805788353505,4.356758999625176,13,6,LOAMY SAND,145.92237387617652,2.1641218861771745,0.3358490566037735,0.11279458882164467,0.08588133966162476,0.9894016878883004,1.7788528375733852,1.6792452830188676,-0.26593615194414183,4.356758999625176,2.6938577879940495,81.67300380228137
4940,203.0,L. Lassabatere,France,43.4745483,4.91432389999999,8_0,1.023226860677742,15.406761856592615,83.57001128272965,5.0,1.956,0.5420805788353505,4.356758999625176,13,6,LOAMY SAND,22.794889538901096,1.3578374920079546,0.2618867924528302,0.06858469206123176,0.03296816966353105,0.9894016878883004,1.9769523581213304,1.3094339622641509,-0.26593615194414183,4.356758999625176,2.2780538141490108,81.67300380228137
4941,203.0,L. Lassabatere,France,43.4745483,4.91432389999999,8_0,1.023226860677742,15.406761856592615,83.57001128272965,5.0,1.956,0.5420805788353505,4.356758999625176,13,6,LOAMY SAND,30.347261127356145,1.4821195016402702,0.2618867924528302,0.06858469206123176,0.03296816966353105,0.9894016878883004,1.9769523581213304,1.3094339622641509,-0.26593615194414183,4.356758999625176,2.2780538141490108,81.67300380228137
4942,203.0,L. Lassabatere,France,43.4745483,4.91432389999999,8_0,1.023226860677742,15.406761856592615,83.57001128272965,5.0,1.956,0.5420805788353505,4.356758999625176,13,6,LOAMY SAND,9.851823132104146,0.993516606431307,0.2618867924528302,0.06858469206123176,0.03296816966353105,0.9894016878883004,1.9769523581213304,1.3094339622641509,-0.26593615194414183,4.356758999625176,2.2780538141490108,81.67300380228137
4943,203.0,L. Lassabatere,France,43.4745483,4.91432389999999,8_0,1.023226860677742,15.406761856592615,83.57001128272965,5.0,1.938,0.5420805788353505,4.356758999625176,13,6,LOAMY SAND,24.129896395866595,1.3825554572258172,0.2686792452830189,0.07218853684585264,0.03626490645531465,0.9894016878883004,1.9587595450097843,1.3433962264150945,-0.26593615194414183,4.356758999625176,2.3194455391686875,81.67300380228137
4944,203.0,L. Lassabatere,France,43.4745483,4.91432389999999,8_0,1.023226860677742,15.406761856592615,83.57001128272965,5.0,1.938,0.5420805788353505,4.356758999625176,13,6,LOAMY SAND,40.24362268710238,1.6046970685240673,0.2686792452830189,0.07218853684585264,0.03626490645531465,0.9894016878883004,1.9587595450097843,1.3433962264150945,-0.26593615194414183,4.356758999625176,2.3194455391686875,81.67300380228137
4945,203.0,L. Lassabatere,France,43.4745483,4.91432389999999,8_0,1.023226860677742,15.406761856592615,83.57001128272965,5.0,1.938,0.5420805788353505,4.356758999625176,13,6,LOAMY SAND,10.470983958963613,1.0199874942738445,0.2686792452830189,0.07218853684585264,0.03626490645531465,0.9894016878883004,1.9587595450097843,1.3433962264150945,-0.26593615194414183,4.356758999625176,2.3194455391686875,81.67300380228137
4946,203.0,L. Lassabatere,France,43.4745483,4.91432389999999,8_0,1.023226860677742,15.406761856592615,83.57001128272965,5.0,1.754,0.5420805788353505,4.356758999625176,13,6,LOAMY SAND,28.772087463972692,1.458971371838083,0.3381132075471698,0.1143205411178355,0.08823054807132112,0.9894016878883004,1.7727885665362033,1.690566037735849,-0.26593615194414183,4.356758999625176,2.7055779546139433,81.67300380228137
4947,203.0,L. Lassabatere,France,43.4745483,4.91432389999999,8_0,1.023226860677742,15.406761856592615,83.57001128272965,5.0,1.754,0.5420805788353505,4.356758999625176,13,6,LOAMY SAND,50.347235920675914,1.7019756326384108,0.3381132075471698,0.1143205411178355,0.08823054807132112,0.9894016878883004,1.7727885665362033,1.690566037735849,-0.26593615194414183,4.356758999625176,2.7055779546139433,81.67300380228137
4948,203.0,L. Lassabatere,France,43.4745483,4.91432389999999,8_0,1.023226860677742,15.406761856592615,83.57001128272965,5.0,1.754,0.5420805788353505,4.356758999625176,13,6,LOAMY SAND,34.74227065326152,1.5408581992566104,0.3381132075471698,0.1143205411178355,0.08823054807132112,0.9894016878883004,1.7727885665362033,1.690566037735849,-0.26593615194414183,4.356758999625176,2.7055779546139433,81.67300380228137
4949,203.0,L. Lassabatere,France,43.4745483,4.91432389999999,8_0,1.023226860677742,15.406761856592615,83.57001128272965,5.0,1.958,0.5420805788353505,4.356758999625176,13,6,LOAMY SAND,4.22494558794697,0.6258211201480668,0.26113207547169814,0.06818996084015666,0.03261722687903567,0.9894016878883004,1.978973781800391,1.3056603773584907,-0.26593615194414183,4.356758999625176,2.273406012123647,81.67300380228137
4950,203.0,L. Lassabatere,France,43.4745483,4.91432389999999,8_0,1.023226860677742,15.406761856592615,83.57001128272965,5.0,1.958,0.5420805788353505,4.356758999625176,13,6,LOAMY SAND,6.973016301382354,0.8434206804913271,0.26113207547169814,0.06818996084015666,0.03261722687903567,0.9894016878883004,1.978973781800391,1.3056603773584907,-0.26593615194414183,4.356758999625176,2.273406012123647,81.67300380228137
4951,203.0,L. Lassabatere,France,43.4745483,4.91432389999999,8_0,1.023226860677742,15.406761856592615,83.57001128272965,5.0,1.958,0.5420805788353505,4.356758999625176,13,6,LOAMY SAND,13.532730298567046,1.1313854266033583,0.26113207547169814,0.06818996084015666,0.03261722687903567,0.9894016878883004,1.978973781800391,1.3056603773584907,-0.26593615194414183,4.356758999625176,2.273406012123647,81.67300380228137
4952,203.0,L. Lassabatere,France,43.4745483,4.91432389999999,8_0,1.023226860677742,15.406761856592615,83.57001128272965,5.0,1.724,0.5420805788353505,4.356758999625176,13,6,LOAMY SAND,5.466621071685398,0.7377189710601063,0.3494339622641509,0.12210409398362404,0.1008120771537133,0.9894016878883004,1.7424672113502933,1.7471698113207546,-0.26593615194414183,4.356758999625176,2.763471540756026,81.67300380228137
4953,203.0,L. Lassabatere,France,43.4745483,4.91432389999999,8_0,1.023226860677742,15.406761856592615,83.57001128272965,5.0,1.724,0.5420805788353505,4.356758999625176,13,6,LOAMY SAND,19.62279353931223,1.2927608344581034,0.3494339622641509,0.12210409398362404,0.1008120771537133,0.9894016878883004,1.7424672113502933,1.7471698113207546,-0.26593615194414183,4.356758999625176,2.763471540756026,81.67300380228137
4954,203.0,L. Lassabatere,France,43.4745483,4.91432389999999,8_0,1.023226860677742,15.406761856592615,83.57001128272965,5.0,1.724,0.5420805788353505,4.356758999625176,13,6,LOAMY SAND,5.962135854128307,0.7754018677090344,0.3494339622641509,0.12210409398362404,0.1008120771537133,0.9894016878883004,1.7424672113502933,1.7471698113207546,-0.26593615194414183,4.356758999625176,2.763471540756026,81.67300380228137
4955,203.0,L. Lassabatere,France,43.4745483,4.91432389999999,8_0,,,,0.2,2.378,,,13,6,,21.3048,1.3284774615919015,0.10264150943396222,0.010535279458882156,0.001342879789216234,1.4327412784678475,1.6597553485322893,0.020528301886792444,,,,
4956,203.0,L. Lassabatere,France,43.4745483,4.91432389999999,8_0,,,,0.2,2.174,,,13,6,,38.599199999999996,1.586578303656575,0.17962264150943397,0.03226429334282663,0.008611045910700416,1.4327412784678475,1.517370953620352,0.0359245283018868,,,,
4957,203.0,L. Lassabatere,France,43.4745483,4.91432389999999,8_0,,,,0.2,2.326,,,13,6,,11.800799999999999,1.0719114500017675,0.12226415094339615,0.01494852260590956,0.002372300693981959,1.4327412784678475,1.6234612870841485,0.024452830188679234,,,,
4958,203.0,L. Lassabatere,France,43.4745483,4.91432389999999,8_0,,,,,0.838,,,13,6,,6.134399999999999,0.7877720911979685,0.6837735849056603,0.46754631541473823,3.1969855169406776,,,,,,,
4959,203.0,L. Lassabatere,France,43.4745483,4.91432389999999,8_0,,,,,0.6379,,,13,6,,4.744800000000001,0.6762179110252784,0.7592830188679245,0.576510702741189,7.554358744617098,,,,,,,
4960,203.0,L. Lassabatere,France,43.4745483,4.91432389999999,8_0,,,,,0.4277,,,13,6,,5.5224,0.7421278603802495,0.8386037735849057,0.7032562890708437,22.640378566181464,,,,,,,
4961,203.0,L. Lassabatere,France,43.4745483,4.91432389999999,8_0,0.205114711311987,3.73129380267069,96.0635914860173,8.5,0.843,0.8810616288219677,2.140856535856,13,6,SAND,385.32095999999996,2.5858226336295513,0.6818867924528302,0.4649695977216092,3.1330940691815683,0.807260127925454,1.044273055039139,5.796037735849057,-0.054993712335739915,2.140856535856,4.6778172913377265,96.0635914860173
4962,203.0,L. Lassabatere,France,43.4745483,4.91432389999999,8_0,0.158757081925988,3.1943580450843596,96.6468848729897,8.5,0.843,0.901509158280096,2.01530837676312,13,6,SAND,209.94371999999998,2.322102888213599,0.6818867924528302,0.4649695977216092,3.1330940691815683,0.807260127925454,1.044273055039139,5.796037735849057,-0.045029856994483794,2.01530837676312,4.6977450020202385,96.6468848729897
4963,203.0,L. Lassabatere,France,43.4745483,4.91432389999999,8_0,0.188899530931759,3.13986838829798,96.6712320807703,8.5,0.843,0.9014303084093167,2.0255168356687507,13,6,SAND,611.718336,2.7865514984874573,0.6818867924528302,0.4649695977216092,3.1330940691815683,0.807260127925454,1.044273055039139,5.796037735849057,-0.04506784392020455,2.0255168356687507,4.6976690281687965,96.6712320807703
4964,203.0,L. Lassabatere,France,43.4745483,4.91432389999999,8_0,2.02915915345924,67.5957340799089,30.375106766631898,87.9,0.342,0.07429715947541606,6.005772940778556,13,6,SILTY LOAM,11.1996,1.0492025118759907,0.870943396226415,0.7585423994304021,39.665170679835,0.15595393715823894,2.192955216340509,76.55592452830189,-1.1290277898428451,6.005772940778556,3.6321850292290154,14.969307220111085
4965,203.0,L. Lassabatere,France,43.4745483,4.91432389999999,8_0,2.50412435107687,70.5994309152276,26.896444733695603,87.9,0.342,0.0643784938147031,5.77516098424343,13,6,SILTY LOAM,11.718000000000002,1.0688534936714982,0.870943396226415,0.7585423994304021,39.665170679835,0.15595393715823894,2.192955216340509,76.55592452830189,-1.1912591881911792,5.77516098424343,3.5077222325323474,10.740858265336982
4966,203.0,L. Lassabatere,France,43.4745483,4.91432389999999,8_0,2.50412435107687,70.5994309152276,26.896444733695603,87.9,0.342,0.0643784938147031,5.77516098424343,13,6,SILTY LOAM,7.434000000000001,0.8712225567597072,0.870943396226415,0.7585423994304021,39.665170679835,0.15595393715823894,2.192955216340509,76.55592452830189,-1.1912591881911792,5.77516098424343,3.5077222325323474,10.740858265336982
4967,203.0,L. Lassabatere,France,43.4745483,4.91432389999999,8_0,9.768894716,12.203705778259101,78.02739950574089,7.535141463414635,1.2259,0.3325590131003985,9.514908540474739,13,6,SANDY LOAM,129.2837123810061,2.111543814372941,0.5373962264150943,0.2887947041651833,0.7252128576165799,0.8504184632111399,1.4415256171309587,4.0493565879429365,-0.47813127730893534,9.514908540474739,3.196034222183761,7.987331399727708
4968,203.0,L. Lassabatere,France,43.4745483,4.91432389999999,8_0,10.65,11.8893637394114,77.4606362605886,9.452565853658536,1.1252,0.31648795805232277,10.08822135129483,13,6,SANDY LOAM,22.401224890189123,1.3502717660353254,0.5753962264150944,0.33108081737273054,1.0566552835401761,0.7687437898213886,1.4636866208199628,5.438970722135297,-0.49964280966216756,10.08822135129483,3.3164789911479864,7.27329917939799
4969,203.0,L. Lassabatere,France,43.4745483,4.91432389999999,8_0,11.392293186319801,10.9317205664929,77.6759862471873,6.425053658536586,1.382,0.31137976612657003,10.505353250597585,13,6,SANDY LOAM,14.867574658775807,1.1722401280230352,0.4784905660377359,0.2289532217871129,0.40280587910778487,0.906156009387463,1.5251236935836188,3.074327561895997,-0.5067096118869814,10.505353250597585,2.8835078583627145,6.818292417233687
4970,203.0,L. Lassabatere,France,43.4745483,4.91432389999999,8_0,10.86419311,13.435870077259198,75.6999368127408,8.120460487804879,1.38,0.2945981697467068,10.39224937571794,13,6,SANDY LOAM,17.188558493179894,1.235239456401537,0.47924528301886793,0.22967604129583483,0.4058888452957006,0.823703707965337,1.675359703562331,3.8916923847215834,-0.5307699556311165,10.39224937571794,2.838698486379059,6.967837928346691
4971,203.0,L. Lassabatere,France,43.4745483,4.91432389999999,8_0,10.26,12.5766525815516,77.1633474184484,7.333307317073171,1.3133,0.3170528038090313,9.891920331480893,13,6,SANDY LOAM,29.04564281856487,1.4630809924309887,0.5044150943396226,0.2544345873976504,0.5225502762782203,0.8600367828747851,1.5270277110824533,3.6990309021629084,-0.49886840184176845,9.891920331480893,3.0122225595209144,7.520794095365341
4972,203.0,L. Lassabatere,France,43.4745483,4.91432389999999,8_0,10.8766388361519,11.139464164457001,77.9838969993911,8.241560975609756,1.2355,0.32025819172182,10.165577612717946,13,6,SANDY LOAM,8.430278946134894,0.9258419450592448,0.5337735849056604,0.28491423994304027,0.6996445926832952,0.8183847166408624,1.5096811742418978,4.399127547169812,-0.49449975284296677,10.165577612717946,3.147709257792794,7.169852578002987
4973,203.0,L. Lassabatere,France,43.4745483,4.91432389999999,8_0,11.72338424,11.0709710874059,77.2056446725941,8.503945365853658,1.4292,0.3027610898057693,10.753238446476178,13,6,SANDY LOAM,9.241241454873077,0.9657303176253562,0.46067924528301885,0.21222536703453185,0.3361256637483427,0.8070926417251869,1.7708004336962337,3.917591133069489,-0.5188999401642889,10.753238446476178,2.780533074018928,6.5856106984167315
4974,203.0,L. Lassabatere,France,43.4745483,4.91432389999999,8_0,13.2208756560591,17.915254267796797,68.86387007614411,8.82688,1.4292,0.2122252452477093,12.286352578464331,13,6,SANDY LOAM,2.5552001026147346,0.4074249162353173,0.46067924528301885,0.21222536703453185,0.3361256637483427,0.7936153408150622,1.800872446004102,4.066360416603773,-0.6732029558746166,12.286352578464331,2.471927042598273,5.208722316708571
4975,203.0,L. Lassabatere,France,43.4745483,4.91432389999999,8_0,23.0261551069597,24.272441930129602,52.7014029629107,7.494774634146341,1.3658,0.08514169671664704,17.378297610119937,13,6,SANDY CLAY LOAM,32.28592904788268,1.5090132880181049,0.4846037735849057,0.23484081737273055,0.42842805874299045,0.8523248777493805,1.6024406134976183,3.631996069875748,-1.0698576993863331,17.378297610119937,1.7839937887798836,2.2887626144315165
4976,203.0,L. Lassabatere,France,43.4745483,4.91432389999999,8_0,17.162495428382098,15.020310230722604,67.8171943408953,9.654399999999999,1.2354,0.17960641380440728,14.74925256295261,13,6,SANDY LOAM,4.688930676081467,0.6710738119203717,0.5338113207547169,0.2849545261658953,0.6999062848421709,0.761049929971313,1.623283770680548,5.1536280150943385,-0.7456781585922874,14.74925256295261,2.645514857627255,3.951476323701978
4977,203.0,L. Lassabatere,France,43.4745483,4.91432389999999,8_0,22.603177425106498,17.918577908441403,59.4782446664521,7.2122068292682915,1.2494,0.11073089460361811,17.92405358519923,13,6,SANDY CLAY LOAM,8.365577342326771,0.9224959187514096,0.5285283018867923,0.2793421658953363,0.6641917683577411,0.865912921012992,1.4428702582915427,3.8118554283294968,-0.9557311913711847,17.92405358519923,2.202662387649437,2.631410776804618
4978,203.0,L. Lassabatere,France,43.4745483,4.91432389999999,8_0,21.11029773,10.555148859999903,68.3345534100001,9.149814634146342,1.285,0.16095973598820626,17.350365376109192,13,6,SANDY CLAY LOAM,9.630614196470159,0.9836539853209849,0.5150943396226415,0.26532217871128516,0.5812270592701758,0.7805807508315374,1.6462102077602023,4.713017726645191,-0.7932827489685952,17.350365376109192,2.4696116084344024,3.2370246163269107
4979,203.0,L. Lassabatere,France,43.4745483,4.91432389999999,8_0,9.379486031,12.443835633142099,78.1766783358579,7.070922926829271,1.3993,0.338657633695648,9.275554764542319,13,6,SANDY LOAM,5.087529554781882,0.7065069451701615,0.47196226415094333,0.22274837878248482,0.37704388991446347,0.8728707169042448,1.6031010926369584,3.3372087941831574,-0.4702391304975097,9.275554764542319,2.927744927854007,8.334857376777077
4980,203.0,L. Lassabatere,France,43.4745483,4.91432389999999,8_0,9.38018963799999,14.72079514396001,75.89901521804,9.028714146341464,1.3993,0.31146201767391496,9.517397514243962,13,6,SANDY LOAM,9.393516555955431,0.9728282051464031,0.47196226415094333,0.22274837878248482,0.37704388991446347,0.785418235126801,1.7815985642020287,4.261212370878969,-0.5065949073367195,9.517397514243962,2.855033374175587,8.091415861206716
4981,203.0,L. Lassabatere,France,43.4745483,4.91432389999999,8_0,16.543972448258,29.183013891741997,54.273013660000004,7.494774634146341,1.2436,0.1114146867152506,14.003647999034582,13,6,SANDY LOAM,1495.0157345575606,3.1746457634936016,0.5307169811320754,0.2816605140619437,0.6787647379790714,0.8523248777493805,1.4590680531158577,3.9776041680994014,-0.9530575565682721,14.003647999034582,2.217435440886132,3.2805309504558977
4982,203.0,L. Lassabatere,France,43.4745483,4.91432389999999,8_0,19.0418172931291,15.240002172646697,65.7181805342242,9.04889756097561,1.3437,0.1563993393513468,15.962591343469805,13,6,SANDY LOAM,7.754768980404158,0.8895688644281374,0.49294339622641514,0.2429931918832325,0.4658845113625502,0.7846078282506684,1.712575316761575,4.460594295812242,-0.8057650857817369,15.962591343469805,2.348579382231339,3.451255703306083
4983,203.0,L. Lassabatere,France,43.4745483,4.91432389999999,8_0,22.7928948756936,21.662368993405995,55.544736130900404,7.030556097560976,1.2837,0.09523912011932957,17.624907674688675,13,6,SANDY CLAY LOAM,2.074155741972468,0.3168413631136875,0.5155849056603773,0.2658277949448202,0.5840704691220028,0.8748792432505232,1.4672882113770875,3.624848602300966,-1.0211846255423054,17.624907674688675,2.0159272790893303,2.436932054213677
4984,203.0,L. Lassabatere,France,43.4745483,4.91432389999999,8_0,9.534853027999999,13.006177009169802,77.4589699628302,9.43238243902439,1.22,0.3281781275873828,9.44290959045108,13,6,SANDY LOAM,2.074155741972468,0.3168413631136875,0.539622641509434,0.29119259522961904,0.7413829210041933,0.7695217404116392,1.585400302462393,5.089927127473539,-0.48389036717276546,9.44290959045108,3.194093124276053,8.123771780788292
4985,203.0,L. Lassabatere,France,43.4745483,4.91432389999999,8_0,9.380049741,12.640020815163702,77.97992944383631,8.302111219512195,1.2037,0.3362120476700274,9.297749045127564,13,6,SANDY LOAM,2.074155741972468,0.3168413631136875,0.5457735849056604,0.29786880598077614,0.7879393023918069,0.8157508982491514,1.4755729997766536,4.531073002558675,-0.4733867283062243,9.297749045127564,3.241550588517219,8.313381228991535
4986,203.0,L. Lassabatere,France,43.4745483,4.91432389999999,8_0,11.7296271,12.641485577444,75.628887322556,9.896600975609756,1.35,0.2856607758910315,10.912031988257048,13,6,SANDY LOAM,7.800942983151411,0.8921471036681619,0.49056603773584906,0.24065503737985047,0.45490074281129483,0.752018173217933,1.7951693829728415,4.854936327657616,-0.5441493885411459,10.912031988257048,2.861449150424101,6.447680448644101
4987,203.0,L. Lassabatere,France,43.4745483,4.91432389999999,8_0,9.37796169299999,11.593706995688708,79.0283313113113,7.55532487804878,1.24,0.3494400632047349,9.177834569373111,13,6,SANDY LOAM,6.5385213921716785,0.8154795489630062,0.5320754716981132,0.28310430758276967,0.6879677713859383,0.8494684504601275,1.4597363790595579,4.020003048320294,-0.456627304758648,9.177834569373111,3.2161447657002684,8.42702645824418
4988,203.0,L. Lassabatere,France,43.4745483,4.91432389999999,8_0,11.72338424,14.805901707518101,73.4707140524819,9.291098536585364,1.32,0.2639367624318825,11.097513964090084,13,6,SANDY LOAM,5.2270682989322275,0.7182581747975016,0.5018867924528301,0.25189035243859015,0.5095199421314339,0.7750117960651369,1.7031998825074126,4.663079642890012,-0.5785001148600429,11.097513964090084,2.8419922383453664,6.267022606134583
4989,203.0,L. Lassabatere,France,43.4745483,4.91432389999999,8_0,7.96150427789449,16.27814921367901,75.7603465084265,5.67826731707317,1.41,0.3245385606828622,8.7429456664722,13,6,SANDY LOAM,2.825414348437435,0.4510821463304998,0.4679245283018868,0.21895336418654326,0.3618936445435246,0.9479525963673681,1.487416148658947,2.6570005559134837,-0.48873369425082114,8.7429456664722,2.872944849250198,9.515833172228374
4990,203.0,L. Lassabatere,France,43.4745483,4.91432389999999,8_0,9.769315615472319,13.015668455904784,77.21501592862289,8.423211707317073,1.43,0.32277445161303553,9.603198747659075,13,6,SANDY LOAM,4.751199476424905,0.6768032644103638,0.46037735849056605,0.21194731221075117,0.33509005837809114,0.8105337949168265,1.7642694344987062,3.877855955821445,-0.491100848059594,9.603198747659075,2.8347911285508283,7.90383062313314
4991,203.0,L. Lassabatere,France,43.4745483,4.91432389999999,8_0,11.7232095,12.373607709431003,75.903182790569,7.736975609756098,1.36,0.28861472852004694,10.882221872738358,13,6,SANDY LOAM,78.18450316188984,1.8931206807040308,0.48679245283018857,0.23696689213243136,0.43797108604818125,0.8410128993236224,1.6170976700758914,3.7663013345605147,-0.5396815098614869,10.882221872738358,2.8539137020102325,6.47460772500645
4992,203.0,L. Lassabatere,France,43.4745483,4.91432389999999,8_0,8.98734934091993,15.385673754062068,75.626976905018,9.856234146341464,1.39,0.312336418038149,9.323438825764745,13,6,SANDY LOAM,8.322986582049959,0.9202791944831997,0.47547169811320755,0.2260733357066572,0.3906934775242112,0.7535085497940551,1.8447036870117892,4.686360386562357,-0.5053773746205792,9.323438825764745,2.8729126931792353,8.414825554925736
4993,203.0,L. Lassabatere,France,43.4745483,4.91432389999999,8_0,7.034246598,12.4431847964495,80.5225686055505,8.625045853658538,1.26,0.3984556033479109,7.7022412646522715,13,6,LOAMY SAND,17.764412368499702,1.2495508459745779,0.5245283018867924,0.27512993948024206,0.6383479038016323,0.8019853510709414,1.5711010161438024,4.524080655315233,-0.39962006145771034,7.7022412646522715,3.2976485951876335,11.447220037529668
4994,203.0,L. Lassabatere,France,43.4745483,4.91432389999999,8_0,9.378279150999989,9.773721881618913,80.8479989673811,8.382844878048779,1.2762,0.37359887460602664,8.95953087539032,13,6,LOAMY SAND,3.580737101048442,0.553972436131908,0.5184150943396226,0.26875421003915984,0.6007408733889035,0.8122653989021608,1.5711613491414045,4.34579331828808,-0.42759444066766356,8.95953087539032,3.2153295817890672,8.620771216728011
4995,203.0,L. Lassabatere,France,43.4745483,4.91432389999999,8_0,8.20529265499999,9.278862971308811,82.5158443736912,7.111289756097559,1.48,0.412684024681739,8.085535073224557,13,6,LOAMY SAND,12.915051433757487,1.1110961400759316,0.44150943396226416,0.1949305802776789,0.27592323965985366,0.8708713916854621,1.6994472595266288,3.139701514956281,-0.38438234267299165,8.085535073224557,2.9638548766784822,10.05641697903477
4996,203.0,L. Lassabatere,France,43.4745483,4.91432389999999,8_0,5.861212407,12.738094710122198,81.4006928828778,9.694766829268293,1.39,0.4275537623038752,6.973937770731025,13,6,LOAMY SAND,1.6597434665739426,0.22004096776241677,0.47547169811320755,0.2260733357066572,0.3906934775242112,0.7595296017721412,1.8300800874078371,4.609587247123792,-0.3690092675934258,6.973937770731025,3.145648907233542,13.888029852946739
4997,203.0,L. Lassabatere,France,43.4745483,4.91432389999999,8_0,1.95683048401438,0.38752316098562,97.655646355,7.83789268292683,1.42,0.8823181236893247,2.6778870327969617,13,6,SAND,10.1327766325406,1.0057284691466124,0.4641509433962264,0.21543609825560697,0.34825132030556977,0.8363877069315298,1.6977772248824399,3.6379652830188682,-0.0543747998422633,2.6778870327969617,3.724974453443449,49.90501075732545
4998,203.0,L. Lassabatere,France,43.4745483,4.91432389999999,8_0,2.344353645,0.0,97.655646355,8.766329756097562,1.24,0.8712481134530256,2.8545974751851317,13,6,SAND,3.274379234615031,0.515128977446918,0.5320754716981132,0.28310430758276967,0.6879677713859383,0.7961079418191511,1.5575777289277264,4.664349040036816,-0.05985814928742387,2.8545974751851317,4.009683076642717,41.65568047435096
4999,203.0,L. Lassabatere,France,43.4745483,4.91432389999999,8_0,13.400583686603401,20.6588078174907,65.9406084959059,4.322614634146341,1.2307,0.18949871162044873,12.501013697427334,13,6,SANDY LOAM,9.853087079196698,0.9935723209961114,0.5355849056603774,0.28685119117123536,0.712315399078576,1.03457971633283,1.1895651737329025,2.315127151035435,-0.7223937384032008,12.501013697427334,2.6997161378794012,4.920726592068292
5000,203.0,L. Lassabatere,France,43.4745483,4.91432389999999,8_0,18.147109933282,19.593923074090302,62.258966992627705,6.633615609756097,1.1202,0.1418059216684934,15.336533843149718,13,6,SANDY LOAM,4.92906268129107,0.6927643409718761,0.5772830188679245,0.33325568387326454,1.076631194922772,0.895133493790895,1.2514334540828622,3.829473645209388,-0.8483056330862891,15.336533843149718,2.627286974496694,3.430792408351705
5001,203.0,L. Lassabatere,France,43.4745483,4.91432389999999,8_0,22.6141909603639,18.733731070276498,58.65207796935961,6.330864390243901,1.12,0.10738148625674142,17.854891610200298,13,6,SANDY CLAY LOAM,14.403334159179732,1.1584630364927844,0.5773584905660376,0.33334282662869336,1.0774382099537914,0.9112233969187302,1.2291168156867356,3.655178308329497,-0.9690705893033593,17.854891610200298,2.386082476081609,2.593596121663589
5002,203.0,L. Lassabatere,France,43.4745483,4.91432389999999,8_0,32.2746130687276,17.853187696991505,49.87219923428089,9.452565853658538,1.5339,0.05677172000929878,21.981406682624492,13,6,SANDY CLAY LOAM,6.917961705397177,0.8399781536337165,0.4211698113207547,0.1773840099679601,0.2229817684924597,0.7687437898213886,1.9953331920331863,3.9811353770823747,-1.2458679477821368,21.981406682624492,1.1483647415221354,1.5452454574150862
5003,203.0,L. Lassabatere,France,43.4745483,4.91432389999999,8_0,57.242828986799395,28.561097383510003,14.196073629690602,4.574907317073171,1.1603,0.006784791288561881,12.032644949556218,13,6,CLAY,7.17879818478837,0.8560517443256109,0.5621509433962264,0.3160136831612673,0.9266377629338214,1.0172790208887512,1.140591692322818,2.571788464242982,-2.1684635074176595,12.032644949556218,-0.07818573844879077,0.24799741523893443
5004,203.0,L. Lassabatere,France,43.4745483,4.91432389999999,8_0,52.5623010195265,29.0535696388597,18.3841293416138,6.45196487804878,1.3557,0.009217128379790919,14.057216746300375,13,6,CLAY,8.180168152784981,0.9127622311867317,0.4884150943396227,0.23854930437878255,0.44517604566788055,0.9047185198503046,1.4984771177496345,3.151237034588127,-2.0354043634435355,14.057216746300375,-0.13044565789261428,0.349758838274303
5005,203.0,L. Lassabatere,France,43.4745483,4.91432389999999,8_0,27.3028284546867,27.317738232219302,45.379433313094,5.896920975609755,1.4489,0.0565963135538659,18.20491526598337,13,6,SANDY CLAY LOAM,2.6787098197684975,0.4279256697489251,0.4532452830188679,0.20543128657885368,0.31146898106695287,0.9353209806989705,1.5490938724770498,2.6727516165301424,-1.2472118560087966,18.20491526598337,1.29082237162277,1.6620781025822375
5006,203.0,L. Lassabatere,France,43.4745483,4.91432389999999,8_0,31.65255662,15.3006492779324,53.04679410206761,9.614033170731707,1.3602,0.0651017404379255,22.446989934060152,13,6,SANDY CLAY LOAM,10.273598333667486,1.0117225821317681,0.4867169811320754,0.23689341972232103,0.4376386834228871,0.7625763567708946,1.7836902336701386,4.679313201362171,-1.1864074007945824,22.446989934060152,1.5601321827703767,1.6759086711039777
5007,203.0,L. Lassabatere,France,43.4745483,4.91432389999999,8_0,31.2150980520141,18.4470913772047,50.3378105707812,7.636058536585367,1.2541,0.05977972359277188,21.512117108923178,13,6,SANDY CLAY LOAM,6.927971920520178,0.8406061187916438,0.5267547169811321,0.27747053186187254,0.6526084791164101,0.8456895304480214,1.482931921050997,4.022329853290382,-1.2234460973665182,21.512117108923178,1.6595917989062787,1.612611002755868
5008,203.0,L. Lassabatere,France,43.4745483,4.91432389999999,8_0,16.41254902,14.280689806307002,69.30676117369299,4.877658536585366,1.2122,0.19440308551434454,14.232265965045624,13,6,SANDY LOAM,27.133654292875484,1.4335082873980518,0.542566037735849,0.29437790530437874,0.7633100922761147,0.9972669390928497,1.2155220959221422,2.6464518656235616,-0.7112968463479161,14.232265965045624,2.7519385933586284,4.222790810204873
5009,203.0,L. Lassabatere,France,43.4745483,4.91432389999999,8_0,11.72286226,15.5198710758647,72.7572666641353,6.223219512195122,1.17,0.25711204973148555,11.15377902572443,13,6,SANDY LOAM,36.40910152922709,1.561209961940994,0.5584905660377358,0.31191171235315057,0.8936501832486349,0.9170845418929001,1.2757820534027016,3.475609387942936,-0.5898775693732283,11.15377902572443,3.063243691521987,6.206442168342538
5010,203.0,L. Lassabatere,France,43.4745483,4.91432389999999,8_0,45.096982407042205,21.75077740674699,33.152240186210804,11.571824390243902,1.4679,0.020225073589513386,20.762126269897976,13,6,CLAY,31.105026931201657,1.4928305816975667,0.44607547169811324,0.19898332645069422,0.28928361577401185,0.6949723981969307,2.112170215404798,5.161907023285781,-1.6941098895198212,20.762126269897976,0.3649353395761537,0.7351321178650271
5011,203.0,L. Lassabatere,France,43.4745483,4.91432389999999,8_0,18.443069120420898,15.625444582268305,65.9314862973108,5.24096,1.6372,0.16073515342469297,15.580518712274044,13,6,SANDY LOAM,1.1411095427054883,0.05732733723941588,0.382188679245283,0.14606818654325382,0.14625870781210842,0.9742677898318803,1.6804414731626458,2.0030355803773583,-0.7938891308983106,15.580518712274044,1.8691747518526491,3.5748652172164146
5012,203.0,L. Lassabatere,France,43.4745483,4.91432389999999,8_0,17.2706878332788,14.496682048387402,68.2326301183338,5.281326829268293,1.3146,0.18172733855750978,14.809772837944639,13,6,SANDY LOAM,9.274185918541274,0.9672757978987145,0.5039245283018867,0.253939930224279,0.5199971769478126,0.9717776442135999,1.3527785989189176,2.6613901312471238,-0.7405797337180777,14.809772837944639,2.5266727999434324,3.9507766440463765
5013,203.0,L. Lassabatere,France,43.4745483,4.91432389999999,8_0,18.75649451,9.434724249135101,71.8087812408649,6.189580487804879,1.4727,0.1974526414043593,15.679575668646278,13,6,SANDY LOAM,7.167955649347982,0.8553953095303204,0.4442641509433962,0.19737063581345674,0.28391411509551884,0.9189316436859429,1.602621925274906,2.7498087201104466,-0.7045370521545083,15.679575668646278,2.335944161683437,3.8284755822885854
5014,203.0,L. Lassabatere,France,43.4745483,4.91432389999999,8_0,22.8963748004191,19.586757249110097,57.51686795047081,5.573986341463415,1.4139,0.10205198694499011,17.912244582420737,13,6,SANDY CLAY LOAM,4.11862793952982,0.6147525612918551,0.4664528301886792,0.2175782427910288,0.3565147942132178,0.9540978452877176,1.4819234808916526,2.600001704408652,-0.9911785351826534,17.912244582420737,1.8615517675284174,2.512051294225757
5015,203.0,L. Lassabatere,France,43.4745483,4.91432389999999,8_0,16.0973910955518,19.4418670233984,64.4607418810498,4.6758243902439025,1.5243,0.1643736414312629,14.123396088773797,13,6,SANDY LOAM,7.451563253603875,0.8722473923717733,0.4247924528301886,0.18044862798148803,0.23167609537954972,1.0105196797020737,1.5084317808134142,1.9862549117349284,-0.784167823649629,14.123396088773797,2.088376859283824,4.004421679166525
5016,203.0,L. Lassabatere,France,43.4745483,4.91432389999999,8_0,32.1934054371586,18.480816162138098,49.3257784007033,9.250731707317073,1.4503,0.05579067363822278,21.78471953839388,13,6,SANDY CLAY LOAM,23.796854706496326,1.3765195589942651,0.4527169811320755,0.20495266500533998,0.3097821636078803,0.7765948010683676,1.867511858185003,4.187963331799356,-1.253438394718028,21.78471953839388,1.2760109007558893,1.5321702606761196
5017,203.0,L. Lassabatere,France,43.4745483,4.91432389999999,8_0,22.5019014943161,33.87708339444811,43.62101511123579,4.7868331707317076,0.9333,0.06203831782745179,15.52638582975033,13,6,LOAM,33.904202594257974,1.5302535344972474,0.6478113207547169,0.41965950729797075,2.1917691805712867,1.003187399818832,0.9303346515003545,3.100964718564197,-1.2073399866185837,15.52638582975033,2.2179461241086496,1.9385479543697364
5018,203.0,L. Lassabatere,France,43.4745483,4.91432389999999,8_0,8.74555782761606,17.54723439341594,73.70720777896798,6.340956097560975,0.9881,0.2933655985759589,9.371054599932028,13,6,SANDY LOAM,142.3944638403084,2.1534931046776404,0.6271320754716981,0.3932946400854397,1.7740546367256431,0.9106777532826084,1.0850160734006262,3.9766169579383335,-0.5325908149119047,9.371054599932028,3.4756166426429225,8.42795956893921
